Date,Ticker,Sector,GlobalScore,SectorScore,Price,ret_1M,ret_3M,ret_6M,ret_12M,dist_from_52w_high,dist_from_52w_low,realized_vol_21d,trend_r2_63d,rsi_14,rel_ret_3M_vs_market,rel_ret_3M_vs_sector,ModelVersion,CorporateActionNote
2026-07-10,AAPL,Technology,88.18181818181819,70.0,315.32000732421875,0.0852521788742937,0.2116032603183042,0.2134822777712921,0.4993414881612978,-0.0028461004775477,0.564240256772393,0.3425608641454723,0.5131549926013587,61.87079237676195,0.0983750418469127,-0.0976211792845995,momentum_v1,
2026-07-10,ABBV,Health Care,80.0,70.0,248.0800018310547,0.1005234843677285,0.1776747578740507,0.0802444125280987,0.3438358563672956,-0.0497567898599397,0.3739162819028869,0.368645457699755,0.8040302163919523,74.65271790748608,0.0644465394026592,0.0958470405809164,momentum_v1,
2026-07-10,ABT,Health Care,6.363636363636363,10.0,93.93000030517578,0.0293698663580908,-0.0798356414935497,-0.2522192124548732,-0.2805223024421441,-0.3015626294154421,0.1377180605960242,0.2779259470487982,-0.0099494257832858,65.91694169586353,-0.1930638599649412,-0.161663358786684,momentum_v1,
2026-07-10,ADBE,Technology,2.727272727272727,20.0,223.63999938964844,-0.0598621372156905,-0.027398464751096,-0.3385389075645952,-0.4010391652872811,-0.4002199095709975,0.1563000628465494,0.4738596200210239,-0.400876057723239,82.10103079520896,-0.1406266832224876,-0.3366229043539999,momentum_v1,
2026-07-10,AEP,Utilities,64.54545454545455,90.0,135.42999267578125,0.0600343645217873,-0.0053696684333962,0.2092536130129298,0.3339583643945114,-0.0235057301048234,0.3383026198375196,0.210896328421187,0.0038062900483336,64.10349517823997,-0.1185978869047877,0.0253840583004197,momentum_v1,
2026-07-10,AMD,Technology,100.0,100.0,557.8900146484375,0.1732455746271606,1.357547397259002,1.6563660760842644,3.030705873040617,-0.0396274114067695,2.8699361853240006,0.8163688944766874,0.8185448049752931,53.3712331333055,1.2443191787876104,1.0483229576560982,momentum_v1,
2026-07-10,AMT,Real Estate,15.454545454545451,10.0,168.58999633789062,-0.1081104076337199,-0.0446292228412246,0.0145176467649923,-0.2106451708544849,-0.2463843896513873,0.0399728314301497,0.3346041225149903,-0.0420086688656793,41.95078791558731,-0.1578574413126161,-0.0939976143078429,momentum_v1,
2026-07-10,AMZN,Consumer Discretionary,45.45454545454545,80.0,245.33999633789065,0.0047094225192954,0.0500321110497667,0.0156482812448282,0.1024535083113915,-0.1078220842555526,0.2341667318472868,0.3481530524858375,-0.2536433329747136,50.94264376305316,-0.0631961074216247,0.0080450717411844,momentum_v1,
2026-07-10,APD,Materials,50.90909090909091,70.0,299.5299987792969,0.0650600372722221,0.01226130638755,0.158133294252968,0.0451075491911356,-0.0466596758273469,0.3238607479092372,0.399400066764801,-0.1206853502880163,62.606285414764415,-0.1009669120838414,0.0236744552628381,momentum_v1,
2026-07-10,AVB,Real Estate,69.0909090909091,50.0,191.83999633789065,0.0362811395145534,0.149066177736016,0.0907309575776251,-0.0058352614457126,-0.0246967097273975,0.2175002270872807,0.2366390925888143,0.5947252806394414,74.45398984946937,0.0358379592646245,0.0996977862693977,momentum_v1,
2026-07-10,AVGO,Technology,61.81818181818181,50.0,399.9700012207031,0.0215295518867391,0.1287453771381947,0.1686852294846572,0.4498042088758716,-0.1681312987733345,0.4684037373427061,0.5243635953358762,-0.1238737439914767,45.79512058378293,0.0155171586668032,-0.180479062464709,momentum_v1,
2026-07-10,AXP,Financials,57.27272727272727,50.0,350.5799865722656,0.104151152092867,0.1062708265903562,-0.0676035429718856,0.1165271567184429,-0.081726233707518,0.206593206916182,0.2755660376041034,0.2947431491519162,60.71731004373582,-0.0069573918810352,0.0171387804486984,momentum_v1,
2026-07-10,BA,Industrials,28.18181818181818,30.0,222.27999877929688,0.0362221083932448,0.0100881634342107,-0.0256005456027235,-0.0190644625236474,-0.1184612168955676,0.2409558108455305,0.3794600758120794,-0.0751975377653395,49.534092847947136,-0.1031400550371808,-0.0490185322705221,momentum_v1,
2026-07-10,BAC,Financials,79.0909090909091,70.0,59.66999816894531,0.0964718885822364,0.1379250742096645,0.0840960938216885,0.3016613392369442,-0.00383978883263,0.3572978875808985,0.2012375481862993,0.5079144518528113,68.35977315268758,0.0246968557382729,0.0487930280680066,momentum_v1,
2026-07-10,BKNG,Consumer Discretionary,20.0,40.0,178.38999938964844,0.0878101921710383,0.0126752372270551,-0.1771224472845879,-0.2065221470942821,-0.2212898011056236,0.1603092141971989,0.4386613420091618,-9.05424252074516e-05,56.14883952263113,-0.1005529812443364,-0.0293118020815272,momentum_v1,
2026-07-10,BLK,Financials,31.818181818181817,20.0,1036.1099853515625,0.0238645429212012,0.0402634199143749,-0.025431090902828,-0.0284089055474289,-0.1245152778441064,0.1289940724510132,0.2667572200220099,-0.2520022137152992,46.97272001070032,-0.0729647985570165,-0.0488686262272828,momentum_v1,
2026-07-10,BMY,Health Care,38.18181818181819,50.0,57.58000183105469,0.0309841280683031,-0.0208511628447048,0.0372071050317859,0.2661299698378552,-0.0567517983844692,0.3973153737395187,0.3112984517546455,-0.151634985076965,65.08542731819608,-0.1340793813160964,-0.1026788801378392,momentum_v1,
2026-07-10,C,Financials,90.9090909090909,90.0,140.7899932861328,0.0449788298876572,0.132372582798216,0.1715688617934025,0.6783058789461656,-0.0335004115065118,0.6601160593440096,0.256561558646755,0.5612843871149613,45.74108162733641,0.0191443643268245,0.0432405366565582,momentum_v1,
2026-07-10,CAT,Industrials,98.1818181818182,100.0,952.4099731445312,0.0412265884270752,0.2123739914322682,0.6033925250844041,1.3937481117018071,-0.1056343775852821,1.3791950481201098,0.589455282883499,0.734327694295585,46.23311304142936,0.0991457729608766,0.1532672957275354,momentum_v1,
2026-07-10,CL,Consumer Staples,70.0,60.0,92.23999786376952,0.0505694152356048,0.0787220949445746,0.2113321618857941,0.0326639056829702,-0.0638163252458394,0.2454198164640513,0.2434294770577513,0.7491501294471603,57.27079854615383,-0.0345061235268169,0.0636989701585544,momentum_v1,
2026-07-10,CMCSA,Communication Services,5.454545454545454,30.0,23.56999969482422,0.0017250873385754,-0.1560881423913646,-0.1235741953191683,-0.2597553061889409,-0.2632714326714493,0.0703918159574417,0.2996610976682159,-0.7731145478754713,67.10272683947045,-0.2693163608627561,-0.1356141182873139,momentum_v1,
2026-07-10,CMG,Consumer Discretionary,20.909090909090907,50.0,35.25,0.1797189086365298,0.0294976130847675,-0.0931309243982332,-0.3698605494214364,-0.375110794267851,0.2508871404634329,0.4150847549002638,-0.0865061778335331,61.44278504675853,-0.083730605386624,-0.0124894262238148,momentum_v1,
2026-07-10,COP,Energy,24.545454545454547,10.0,109.04000091552734,-0.066358420577507,-0.1103073646870592,0.1784672190387373,0.1917291753490071,-0.1789958583557435,0.3043708923804125,0.3546075943238947,-0.6012769326551619,52.888893711416486,-0.2235355831584508,-0.0779896574497682,momentum_v1,
2026-07-10,COST,Consumer Staples,17.272727272727273,20.0,916.25,-0.0540373381970397,-0.1108984214902856,0.0410762063144871,-0.0617889086292529,-0.1627220146109131,0.080980035644206,0.2381016179607266,-0.3698582359725925,38.035358860191465,-0.2241266399616771,-0.1259215462763058,momentum_v1,
2026-07-10,CRM,Technology,3.636363636363636,30.0,163.32000732421875,-0.0662017744481731,-0.0416065469902315,-0.3831690193442378,-0.3920629330909917,-0.3905556955637986,0.0879297404501444,0.3726986559771867,-0.2937926502954904,64.53401133070436,-0.1548347654616231,-0.3508309865931354,momentum_v1,
2026-07-10,CSCO,Technology,99.0909090909091,90.0,121.30999755859376,0.0116634638773014,0.4640352782513794,0.6384315376615224,0.787525589730157,-0.0633552809773222,0.8704216392044128,0.3498049487557494,0.7012439074125624,53.457394561806346,0.3508070597799879,0.1548108386484756,momentum_v1,
2026-07-10,CVX,Energy,32.72727272727273,40.0,176.39999389648438,-0.055472268767776,-0.0648472501467173,0.1582286477031445,0.2010725191993632,-0.156923125840302,0.2278737011419001,0.2775617508980815,-0.3986937704964072,54.4720562383231,-0.1780754686181088,-0.0325295429094263,momentum_v1,
2026-07-10,D,Utilities,85.45454545454545,100.0,70.08000183105469,0.0578113483932782,0.1040668561041544,0.2532593964001657,0.2804037173769271,0.0,0.2939890220792458,0.1540117465159948,0.8092287572282583,60.91500764933151,-0.009161362367237,0.1348205828379705,momentum_v1,
2026-07-10,DE,Industrials,47.27272727272727,40.0,586.8599853515625,0.0191417243122358,-0.047927070196896,0.2417971167788823,0.1666527636632802,-0.1092665473663089,0.3485077812815034,0.3499043691142111,0.0938912228544279,49.74838537121583,-0.1611552886682875,-0.1070337659016288,momentum_v1,
2026-07-10,DHR,Health Care,25.454545454545453,30.0,199.0500030517578,0.0586643077566075,0.0335403381249044,-0.151470350145441,-0.0021972412177853,-0.1741866350444239,0.2319371882013787,0.3193345090993071,0.0471568656159555,72.64221912588435,-0.0796878803464871,-0.0482873791682298,momentum_v1,
2026-07-10,DIS,Communication Services,12.727272727272728,40.0,95.62000274658205,-0.0299739636140732,-0.0344455003249175,-0.1466417163762596,-0.1957167930334115,-0.2109598539762273,0.0425523844286752,0.2706355285358426,-0.4097219765118338,30.119403057711068,-0.147673718796309,-0.0139714762208669,momentum_v1,
2026-07-10,DLR,Real Estate,30.909090909090907,20.0,180.4100036621093,-0.0179372525084926,-0.0347442592944853,0.1806640062319799,0.0843458134420966,-0.1093479389017062,0.2360537733859773,0.3227586485212797,-0.5372848265418797,39.77813889453134,-0.1479724777658768,-0.0841126507611036,momentum_v1,
2026-07-10,DOW,Materials,8.181818181818182,10.0,29.030000686645508,-0.1261288494910215,-0.2290959227495419,0.1964729391806641,0.0237433197236285,-0.2996132339445931,0.4637516620994395,0.3528488351347093,-0.8197641376805337,34.19204233510422,-0.3423241412209334,-0.2176827738742538,momentum_v1,
2026-07-10,DUK,Utilities,41.81818181818181,10.0,125.4800033569336,0.0134065875157547,-0.0483885936572258,0.098564824877295,0.1083448956400314,-0.0516686151949223,0.119668899798272,0.2104735371848999,-0.0168496536258926,53.90550077526223,-0.1616168121286173,-0.0176348669234097,momentum_v1,
2026-07-10,EA,Communication Services,60.909090909090914,80.0,206.4100036621093,0.0194093639742001,0.0217862397679076,0.0112502293150362,0.3572358445160533,-0.0007261517150329,0.4021433568242056,0.0438933277762424,0.346895852948099,82.46959871230659,-0.0914419787034839,0.0422602638719582,momentum_v1,
2026-07-10,ECL,Materials,42.72727272727273,50.0,274.3099975585937,0.0401512772260934,0.0094968233485286,0.0262131851061806,0.0336449589024303,-0.1055788494228188,0.1193489074673779,0.2576787319250925,0.0999138788015692,56.73852161909004,-0.1037313951228628,0.0209099722238167,momentum_v1,
2026-07-10,ED,Utilities,52.72727272727272,70.0,111.12000274658205,0.0443609130922344,-0.0254758799823625,0.1364705254449036,0.1484724590003643,-0.0295271924493437,0.1914995249453976,0.1926603548962785,0.0336342222494726,63.50738193600403,-0.1387040984537541,0.0052778467514534,momentum_v1,
2026-07-10,EOG,Energy,58.18181818181818,60.0,134.10000610351562,-0.0235199569247268,-0.0105345169329466,0.3303701526098119,0.1393816190567252,-0.0983974570731308,0.3404348309851948,0.309601674295499,-0.0093263247823047,57.45837948627289,-0.1237627354043381,0.0217831903043443,momentum_v1,
2026-07-10,EQIX,Real Estate,71.81818181818181,60.0,1051.2099609375,-0.0081427433962946,0.0240791149514272,0.367802468727932,0.4059161535402296,-0.0580048962018338,0.4628584552429893,0.2770590836254518,-0.0829887589769424,40.44844845756219,-0.0891491035199643,-0.025289276515191,momentum_v1,
2026-07-10,EQR,Real Estate,72.72727272727273,70.0,68.69000244140625,0.0227457295455932,0.1479247186857459,0.134066239693583,0.0790370214655995,-0.0208125310436957,0.2115223138930035,0.2139063763259527,0.7097772442315838,75.78170409585343,0.0346965002143544,0.0985563272191276,momentum_v1,
2026-07-10,ETN,Industrials,55.45454545454545,60.0,407.2799987792969,0.0138404797911446,0.0198919319280888,0.269653163023235,0.1451622812579962,-0.0653999726463673,0.2971913426948764,0.5734284022022944,-0.000207636480729,45.81093261114604,-0.0933362865433027,-0.039214763776644,momentum_v1,
2026-07-10,EXC,Utilities,46.36363636363636,30.0,46.79999923706055,0.0324287965282805,-0.0444958390610336,0.1082721630918168,0.1239826328043425,-0.0606457828196187,0.1315895885566138,0.2139975675121513,0.0125101411453186,56.50457813303605,-0.1577240575324251,-0.0137421123272175,momentum_v1,
2026-07-10,FCX,Materials,30.0,30.0,61.52000045776367,-0.0424902652488144,-0.0721524079415948,0.1136774034674399,0.3651101752353249,-0.1422197516638504,0.7552573318576217,0.5171504303646424,-0.0081112798113213,33.471837724256574,-0.1853806264129863,-0.0607392590663067,momentum_v1,
2026-07-10,GE,Industrials,84.54545454545455,90.0,359.2699890136719,0.0886025067738522,0.1491848759535696,0.1130942532004668,0.4424739139901441,-0.051257008655136,0.4296808515353858,0.307295430722746,0.7373249977303311,51.81645329887109,0.0359566574821781,0.0900781802488368,momentum_v1,
2026-07-10,GOOGL,Communication Services,89.0909090909091,100.0,357.17999267578125,-0.0194367125131282,0.1221493664939286,0.1107674097739701,1.0280768342378237,-0.1123309152391356,1.0166588684744058,0.3223876802533435,0.0180605764540097,42.54089538711363,0.008921148022537,0.1426233905979792,momentum_v1,
2026-07-10,GS,Financials,86.36363636363636,80.0,1055.1800537109375,0.0224513752057256,0.1727420787149056,0.1321842704955924,0.5453390891796845,-0.0462683746234712,0.5368447889945007,0.3123897674908783,0.7719280348574351,39.7927935740534,0.0595138602435141,0.0836100325732478,momentum_v1,
2026-07-10,HD,Consumer Discretionary,34.54545454545455,70.0,343.29998779296875,0.0683720852045726,0.0185375257729718,-0.0025000336955666,-0.0501630745955136,-0.1723600544615842,0.1625657926692523,0.3200825083094485,0.0501925519267764,55.95457737725171,-0.0946906926984196,-0.0234495135356105,momentum_v1,
2026-07-10,HON,Industrials,21.818181818181817,20.0,226.4199981689453,0.0008876597155131,-0.0804119110045956,0.0934574907675931,-0.0195137023100531,-0.1248268221611486,0.1595391681806244,0.4528922158693563,-0.0008971324942171,39.47789450295744,-0.1936401294759872,-0.1395186067093284,momentum_v1,
2026-07-10,JNJ,Health Care,83.63636363636363,80.0,256.9800109863281,0.0843038438241692,0.0710617905220674,0.2522622440908173,0.6854423276807797,-0.0383923799692129,0.6974991044543843,0.3096227045528096,0.4595484585487359,71.78783572052684,-0.0421664279493241,-0.0107659267710669,momentum_v1,
2026-07-10,JPM,Financials,63.63636363636363,60.0,336.4700012207031,0.0808626864240646,0.0891173895279873,0.0389170487024477,0.2110004004650931,-0.0081068332943339,0.2010871329534602,0.2491750857489238,0.41352901418423,63.38600521125647,-0.0241108289434042,-1.465661367050508e-05,momentum_v1,
2026-07-10,KMB,Consumer Staples,75.45454545454545,70.0,112.41000366210938,0.1182849922017292,0.1632706958391951,0.1824674042673404,-0.1032499071984598,-0.1378688564878367,0.2246533122766187,0.2843706055641766,0.6595116449316043,68.04690915963182,0.0500424773678036,0.148247571053175,momentum_v1,
2026-07-10,KO,Consumer Staples,78.18181818181819,90.0,83.48999786376953,0.0330592719496753,0.0748150022285574,0.2526920708669791,0.2356720902901421,-0.0077252380626814,0.2974125139973453,0.2301868909451278,0.7112223206620399,66.50560194407946,-0.0384132162428341,0.0597918774425372,momentum_v1,
2026-07-10,LIN,Materials,70.9090909090909,90.0,529.7899780273438,0.0275411672690395,0.0559612392760235,0.22829145506072,0.1393076393360233,-0.0308247405414157,0.3694859070848557,0.2113002507143579,0.5859817502741789,59.677385870580665,-0.0572669791953679,0.0673743881513116,momentum_v1,
2026-07-10,LLY,Health Care,91.81818181818184,90.0,1188.5799560546875,0.0383512425165712,0.2464808318076388,0.0762782317455668,0.5211049797638463,-0.0380233257074794,0.9131911958811808,0.3499071682280394,0.9003842749027104,65.50344861227103,0.1332526133362472,0.1646531145145044,momentum_v1,
2026-07-10,LMT,Industrials,16.363636363636363,10.0,523.219970703125,-0.0130346030521607,-0.1558413653325266,0.0655115842389368,0.1603938938933857,-0.2217448605952841,0.3082046293011029,0.3767649450930295,-0.2123478554920647,54.47841824382186,-0.2690695838039182,-0.2149480610372595,momentum_v1,
2026-07-10,LOW,Consumer Discretionary,7.272727272727272,10.0,211.6300048828125,-0.0264065435125049,-0.1418995524996116,-0.135639083686878,-0.0433449511960098,-0.2600791617087457,0.0241483038516405,0.3079932754287908,-0.5528056214823642,38.110244329445685,-0.2551277709710031,-0.183886591808194,momentum_v1,
2026-07-10,MCD,Consumer Discretionary,11.818181818181818,30.0,274.6000061035156,-0.0271036099078276,-0.1068893868429233,-0.0859851729596211,-0.0401241659844769,-0.1848743484746627,0.0380282650398624,0.2652492276741577,-0.5196425772056867,46.42540603507046,-0.2201176053143149,-0.1488764261515057,momentum_v1,
2026-07-10,MDLZ,Consumer Staples,39.09090909090909,40.0,58.83000183105469,-0.0573156679386828,0.0039452971738704,0.1616529893262586,-0.089400031128934,-0.1395957633245247,0.1616529893262586,0.2945153638027844,0.1973270431481859,47.27748139265989,-0.109282921297521,-0.0110778276121497,momentum_v1,
2026-07-10,META,Communication Services,40.0,70.0,669.2100219726562,0.1458120102572313,0.0659466660003895,0.0334731709128659,-0.0837586334751915,-0.1501222843737994,0.2741199151232596,0.5618349957873451,-0.4594110490927697,68.72533328562437,-0.0472815524710019,0.0864206901044402,momentum_v1,
2026-07-10,MO,Consumer Staples,80.9090909090909,100.0,71.79000091552734,0.0182170060305302,0.0801009385740061,0.3538839063628014,0.3274380814452982,-0.0305199465643617,0.3538839063628014,0.2473985998076106,0.5002927445297732,61.04216545862776,-0.0331272798973854,0.0650778137879859,momentum_v1,
2026-07-10,MPC,Energy,97.27272727272728,100.0,283.739990234375,0.0991284018707046,0.2742612801159028,0.6593257287977392,0.6137282263831323,0.0,0.824157293285392,0.3442229287962368,0.6477447215903804,85.6469116882231,0.1610330616445112,0.3065789873531938,momentum_v1,
2026-07-10,MRK,Health Care,65.45454545454545,60.0,123.54000091552734,0.0403712730780758,0.014251707082415,0.1542359267790338,0.5251484211113255,-0.046464933285784,0.6342828865842869,0.3239877195533586,0.4566750148896782,64.26674290808482,-0.0989765113889764,-0.0675760102107192,momentum_v1,
2026-07-10,MS,Financials,94.54545454545456,100.0,222.27999877929688,0.0572175922915427,0.2543473822624962,0.2160099515644231,0.6082308308508111,-0.0211810191384955,0.6284791477509137,0.3025049630359084,0.8704394467495501,49.02476485642255,0.1411191637911046,0.1652153361208383,momentum_v1,
2026-07-10,MSFT,Technology,10.0,40.0,385.1000061035156,-0.0453880602671666,0.0344816646333294,-0.199919389337138,-0.2290600096259385,-0.2850757944614516,0.0914605355535465,0.3678227156885011,-0.2712293494941385,52.86894033928755,-0.078746553838062,-0.2747427749695743,momentum_v1,
2026-07-10,NEE,Utilities,43.63636363636363,20.0,87.95999908447266,0.0368972908859721,-0.0621902971276687,0.1382981055175765,0.2288798832632153,-0.0947664117313683,0.2872654421758529,0.160689566105034,-0.4620711667511613,55.18423335636755,-0.1754185155990603,-0.0314365703938527,momentum_v1,
2026-07-10,NEM,Materials,10.909090909090908,20.0,95.29000091552734,-0.0329815300365791,-0.1974414075439222,-0.1139172624384904,0.6392029310190503,-0.2746812537420564,0.679218402570996,0.4901202557374119,-0.7294900661846513,34.058507694359335,-0.3106696260153138,-0.1860282586686341,momentum_v1,
2026-07-10,NFLX,Communication Services,0.9090909090909092,10.0,73.37000274658203,-0.0987593729745697,-0.2810387011025353,-0.1913369334073204,-0.4304809429776977,-0.4241741458987506,0.0348378161853997,0.4103920636615484,-0.8883286721940182,41.1479126105673,-0.3942669195739269,-0.2605646769984847,momentum_v1,
2026-07-10,NKE,Consumer Discretionary,9.090909090909092,20.0,44.369998931884766,-0.0062710545224025,0.0174323187406064,-0.2871849892305529,-0.3802670482748244,-0.4246901026645131,0.0888343296168041,0.3868726372062577,-0.0587711682547573,46.40691942965172,-0.095795899730785,-0.0245547205679759,momentum_v1,
2026-07-10,NUE,Materials,93.63636363636364,100.0,227.3699951171875,-0.1037732245986671,0.2387413469075485,0.3876936679349776,0.6493692824933912,-0.1442523438285164,0.7414295693079485,0.3869689844379267,0.387364890817002,37.51206060477927,0.125513128436157,0.2501544957828366,momentum_v1,
2026-07-10,NVDA,Technology,62.727272727272734,60.0,210.9600067138672,0.0133051743118191,0.1484197415085273,0.1169018812182334,0.2969116458758314,-0.1040728324556464,0.287505276727761,0.378386386670111,-0.0010145530186623,50.27114310993103,0.0351915230371358,-0.1608046980943764,momentum_v1,
2026-07-10,O,Real Estate,54.54545454545454,30.0,63.310001373291016,0.0380953101762799,0.0148499818509666,0.1329539830415333,0.1739257817542563,-0.04641759419193,0.1904481032263099,0.2066085204829373,-0.0633616550304603,69.8951108257811,-0.0983782366204248,-0.0345184096156516,momentum_v1,
2026-07-10,ORCL,Technology,1.818181818181818,10.0,140.63999938964844,-0.3142739530085217,0.0237145234004223,-0.2636561008006087,-0.3955081787231865,-0.5667682478001826,0.0376771974715619,0.4686556132949977,-0.0443429717159702,12.534537711698832,-0.0895136950709691,-0.2855099162024814,momentum_v1,
2026-07-10,OXY,Energy,33.63636363636363,50.0,52.88999938964844,-0.0604014547218995,-0.0921869704618895,0.3024292800555361,0.1846338637164848,-0.1978518196158866,0.3717003517303168,0.373991688745511,-0.3757322844662174,54.22257241302067,-0.205415188933281,-0.0598692632245985,momentum_v1,
2026-07-10,PEP,Consumer Staples,14.545454545454543,10.0,137.3800048828125,-0.0378203806040889,-0.1185130321168261,0.0223025782342269,0.0620107124253566,-0.1784522537791565,0.0673284496254709,0.2912736998387529,-0.805134879195213,42.8659305349819,-0.2317412505882177,-0.1335361569028463,momentum_v1,
2026-07-10,PFE,Health Care,13.636363636363637,20.0,24.170000076293945,-0.059533098880364,-0.0973927970440279,-0.0118463426034302,0.0116990093413398,-0.1394406545336702,0.0914724511763178,0.2398557973460379,-0.7056797611526661,38.23531569397007,-0.2106210155154194,-0.1792205143371622,momentum_v1,
2026-07-10,PG,Consumer Staples,40.909090909090914,50.0,147.0399932861328,-0.0109639127119662,0.010140491144563,0.0808392992298059,-0.0396784356159193,-0.1139520458591998,0.0808392992298059,0.2365886100479617,0.2958477600186336,44.41469803682215,-0.1030877273268284,-0.0048826336414571,momentum_v1,
2026-07-10,PLD,Real Estate,59.09090909090909,40.0,140.8699951171875,-0.0381481547080132,0.0280566906574801,0.1271388281831833,0.3669858773535923,-0.0460375043864235,0.3973254668665067,0.2586563271241755,0.0447434730119833,50.63242944494644,-0.0851715278139113,-0.0213117008091381,momentum_v1,
2026-07-10,PM,Consumer Staples,76.36363636363637,80.0,181.6199951171875,0.0259719158279918,0.135663463472403,0.1908506985436835,0.057408693750266,-0.0455242198074457,0.2918010048844177,0.294296230589315,0.5035945236188344,56.06152639030152,0.0224352450010114,0.1206403386863828,momentum_v1,
2026-07-10,PPG,Materials,60.0,80.0,116.76000213623048,0.0034376205206321,0.0712967590823117,0.1376001906510233,0.0142211958637394,-0.1015759673636081,0.2544778167448558,0.3597146085317151,0.5321329323641789,47.31144367917996,-0.0419314593890798,0.0827099079575998,momentum_v1,
2026-07-10,PSA,Real Estate,77.27272727272727,80.0,320.5599975585937,0.0020996744831975,0.1032083449737539,0.2301688009551743,0.1552743263866556,-0.0275452514450578,0.2646309459921918,0.2080606072923445,0.5912585890536295,52.37261800476221,-0.0100198734976375,0.0538399535071356,momentum_v1,
2026-07-10,PSX,Energy,92.72727272727272,80.0,188.3600006103516,0.0522905062030814,0.1779195213649116,0.3873458963285972,0.4927360935123928,-0.007691532280754,0.6458306431931113,0.3241553813468327,0.4110110136386328,78.6635650443119,0.0646913028935201,0.2102372286022026,momentum_v1,
2026-07-10,QCOM,Technology,90.0,80.0,189.1600036621093,-0.0791548761161174,0.4861734198470271,0.0604230695238554,0.2120925019119843,-0.2436512793229658,0.5302543268498143,0.6950040868468376,0.3499355828712478,29.16431125050013,0.3729452013756356,0.1769489802441233,momentum_v1,
2026-07-10,RTX,Industrials,48.18181818181818,50.0,195.92999267578125,0.079147363463419,-0.0317135436469375,0.0628311448831884,0.3616952955142258,-0.0726520988317503,0.3596489946270409,0.3235324318296169,0.0534354120959756,64.85474523475372,-0.1449417621183291,-0.0908202393516703,momentum_v1,
2026-07-10,SBUX,Consumer Discretionary,74.54545454545455,100.0,106.01000213623048,0.0882866045663268,0.1001996599383314,0.2379629327698285,0.142336444825581,-0.0075828268199573,0.3776998119102364,0.2380726854061907,0.0612660864806602,65.72772160196001,-0.01302855853306,0.058212620629749,momentum_v1,
2026-07-10,SCHW,Financials,56.36363636363636,40.0,103.12000274658205,0.1616537867092109,0.0639460450693918,0.0187335369572603,0.1311533841258938,-0.0314382207031657,0.2082015769203435,0.2840477024832937,0.0573648880917788,79.16243406591909,-0.0492821734019996,-0.0251860010722659,momentum_v1,
2026-07-10,SHW,Materials,35.45454545454545,40.0,333.989990234375,0.0754789997191458,-0.0026034492170651,0.0126320579448226,-0.0410503126435355,-0.1035346794121403,0.1398975775917235,0.3066894112234753,0.0050461877684104,60.18516817865211,-0.1158316676884566,0.0088096996582229,momentum_v1,
2026-07-10,SLB,Energy,27.27272727272727,20.0,47.7599983215332,-0.1448522895902407,-0.0862123126351613,0.1398047310101158,0.3535051413207812,-0.1766936786170396,0.5345225681810173,0.3342778212511902,-0.3053160342360203,47.90873145953661,-0.1994405311065529,-0.0538946053978703,momentum_v1,
2026-07-10,SO,Utilities,51.81818181818182,60.0,95.61000061035156,0.0286175766481258,-0.0121770959421031,0.1262183299809245,0.0736716008507951,-0.0273268823730757,0.1555524368200171,0.1976278914921603,0.1032936222055586,58.50202575045431,-0.1254053144134946,0.0185766307917129,momentum_v1,
2026-07-10,SPG,Real Estate,81.81818181818183,90.0,218.7700042724609,0.032469700800559,0.1115749916945743,0.2162139166735519,0.4065771285336577,-0.0386271461611766,0.432962029278886,0.2377812759048017,0.7279087990769225,60.11969595335029,-0.0016532267768172,0.0622066002279559,momentum_v1,
2026-07-10,SPGI,Financials,26.36363636363636,10.0,430.5,0.0711324724054736,0.0748909688464567,-0.1494736628859531,-0.1321558752835318,-0.1866433206455457,0.169919908069229,0.4432431300745185,0.000312716647314,67.99403862735817,-0.0383372496249347,-0.014241077295201,momentum_v1,
2026-07-10,SRE,Utilities,50.0,50.0,94.1999969482422,0.0440541254953703,-0.0488901378306328,0.1062369834189644,0.3011985545261688,-0.0488901378306328,0.307341132991104,0.1580635561147998,-0.0508774823996325,66.70291086749226,-0.1621183563020244,-0.0181364110968168,momentum_v1,
2026-07-10,T,Communication Services,4.545454545454546,20.0,21.1299991607666,-0.0571145805875927,-0.1938511292242624,-0.0867455330869729,-0.2047162939976933,-0.2564592314905367,0.0455531074616737,0.3454348587904588,-0.8694854539422201,43.93579245271166,-0.3070793476956539,-0.1733771051202117,momentum_v1,
2026-07-10,TJX,Consumer Discretionary,22.727272727272727,60.0,151.33999633789062,-0.0820646520288905,-0.079783725166629,-0.0115232054726804,0.2211246473322896,-0.1013598180216615,0.2623822556587352,0.2741662720205466,0.0017552644147057,28.130462473841675,-0.1930119436380205,-0.1217707644752114,momentum_v1,
2026-07-10,TMO,Health Care,37.27272727272727,40.0,527.0499877929688,0.067820993054491,0.054186773556978,-0.1442925399780642,0.2598156259273341,-0.1741342536922381,0.3062958389667856,0.3016099491080686,0.0140779601359728,77.48238658129628,-0.0590414449144134,-0.0276409437361562,momentum_v1,
2026-07-10,TMUS,Communication Services,18.181818181818183,50.0,187.6100006103516,0.0454139841278329,-0.0451151538930564,-0.0393079290401688,-0.1771973025914398,-0.2620159113747494,0.1185238501711143,0.3766901474521837,-0.5403491931383486,55.3225810862176,-0.1583433723644479,-0.0246411297890057,momentum_v1,
2026-07-10,TSLA,Consumer Discretionary,66.36363636363637,90.0,407.760009765625,0.0279318778219797,0.1797928809858584,-0.0548202259932006,0.378126277668287,-0.1676328780490479,0.3473879099447592,0.6100474765477412,0.0916269767328107,51.9945190578781,0.0665646625144669,0.137805841677276,momentum_v1,
2026-07-10,UNH,Health Care,95.45454545454544,100.0,424.6199951171875,0.0340077148827142,0.3914345950294178,0.2594824063753185,0.439345441921253,-0.0163547018124053,0.8336716294857187,0.2545702295184732,0.8316066627392958,62.931780189543765,0.2782063765580262,0.3096068777362835,momentum_v1,
2026-07-10,UNP,Industrials,82.72727272727273,80.0,286.9599914550781,0.0578000322409979,0.1485202874383293,0.2916887085578676,0.2409653079306273,0.0,0.3571003895973348,0.2357780181245658,0.4806957388376652,89.12585949700025,0.0352920689669378,0.0894135917335965,momentum_v1,
2026-07-10,UPS,Industrials,68.18181818181817,70.0,112.47000122070312,0.042643908009605,0.1252054756042753,0.1000927883719171,0.1767465744704102,-0.0336601539190775,0.4286345039962351,0.3510129093750282,0.370095528760186,69.64378556708827,0.0119772571328837,0.0660987798995424,momentum_v1,
2026-07-10,VLO,Energy,96.36363636363636,90.0,280.69000244140625,0.1060367396624981,0.1995899223569199,0.5432852790351868,0.931117698418189,-0.0077418071394388,1.1669398807972795,0.4101960287966453,0.5579314644001016,79.67641747658188,0.0863617038855284,0.2319076295942109,momentum_v1,
2026-07-10,VMC,Materials,44.54545454545455,60.0,295.25,0.0582437275985663,0.0096136466948315,0.0146427983003065,0.1016733338115913,-0.1028317488673133,0.1510270696383873,0.3626226093238721,0.0366985684710473,44.96884926149749,-0.1036145717765599,0.0210267955701196,momentum_v1,
2026-07-10,VZ,Communication Services,23.63636363636364,60.0,42.119998931884766,-0.0642633773453786,-0.0899468243679351,0.1023360548537108,0.0730985686485865,-0.1537107789980872,0.1519986486727582,0.3327728257293858,-0.2889905012854338,37.78947782012495,-0.2031750428393266,-0.0694728002638844,momentum_v1,
2026-07-10,WBD,Communication Services,67.27272727272727,90.0,26.59000015258789,0.0011295439476186,-0.034144588107969,-0.0699545291824339,1.3141863082909575,-0.113075364956979,1.4666048990020832,0.2062013641726935,-0.4913586585303745,55.06492914568582,-0.1473728065793605,-0.0136705640039184,momentum_v1,
2026-07-10,WEC,Utilities,49.09090909090909,40.0,114.95999908447266,0.0164456289606154,-0.0238692786153851,0.1131186711753722,0.1401758293911303,-0.0327303276364404,0.1339739352200541,0.1844698055510165,0.0441999336805243,57.737104614068286,-0.1370974970867766,0.0068844481184309,momentum_v1,
2026-07-10,WELL,Real Estate,87.27272727272727,100.0,231.58999633789065,0.1200367149614427,0.1262025022464714,0.2561548349334859,0.5445081945275652,-0.0252535885032257,0.5397546818641386,0.2546459621923122,0.2719713471862787,77.58850945201345,0.0129742837750799,0.0768341107798531,momentum_v1,
2026-07-10,WFC,Financials,36.36363636363637,30.0,87.16000366210938,0.0629268739281632,0.0190457900157876,-0.0657637538380868,0.0890388086939419,-0.0861174151672257,0.1871425474779664,0.2427590137598209,0.2125216863647155,67.97103484421112,-0.0941824284556038,-0.0700862561258701,momentum_v1,
2026-07-10,WMB,Energy,73.63636363636363,70.0,75.0199966430664,0.055650018358158,0.0378190458227847,0.2604326762724087,0.3379381183511434,-0.0481866460087568,0.3694217126759394,0.2551217300411627,0.0962519112419368,56.93428583839268,-0.0754091726486068,0.0701367530600757,momentum_v1,
2026-07-10,WMT,Consumer Staples,19.090909090909093,30.0,113.9000015258789,-0.0418909475319312,-0.1162597980902011,0.01447449401142,0.1863680250987971,-0.1512667353501693,0.2166556579728547,0.2535226975009191,-0.6475294159557604,42.5724620154053,-0.2294880165615926,-0.1312829228762213,momentum_v1,
2026-07-10,XEL,Utilities,53.63636363636364,80.0,80.05999755859375,0.0358777577013469,-0.025446291752495,0.109806454833468,0.2165177826169215,-0.031581057327306,0.207793783287743,0.2129195035188021,0.0016651138250928,59.33753855021098,-0.1386745102238865,0.005307434981321,momentum_v1,
2026-07-10,XOM,Energy,29.09090909090909,30.0,138.8800048828125,-0.0673561112929381,-0.098151136704471,0.1879029577238868,0.2592879096868625,-0.1845649290994971,0.3541242726705951,0.2720132998167174,-0.4133724575747489,52.629009836104906,-0.2113793551758626,-0.06583342946718,momentum_v1,
2026-07-14 00:00:00,AAPL,Technology,88.18181818181819,80.0,314.8599853515625,0.0650474584823443,0.2158567029883868,0.2161968107835712,0.4970122384829023,-0.0077211944971221,0.5619581786551968,0.3431597413230104,0.4985045827606433,63.95980001956042,0.1172312531760979,-0.0466866645073629,momentum_v1,
2026-07-14 00:00:00,ABBV,Health Care,86.36363636363636,80.0,244.77999877929688,0.0890243098566669,0.195382970867485,0.1304821265822142,0.3133513103587964,-0.0623970892400963,0.3556402101128402,0.373046506671853,0.8274879153204443,60.20366589916959,0.096757521055196,0.120921320671758,momentum_v1,
2026-07-14 00:00:00,ABT,Health Care,4.545454545454546,10.0,88.95999908447266,-0.0076966249822881,-0.1109534249119676,-0.2854863308912549,-0.312397509758392,-0.3385181768775096,0.0775194006193709,0.3006690811522022,0.0005406353903377,45.87493650525738,-0.2095788747242566,-0.1854150751076946,momentum_v1,
2026-07-14 00:00:00,ADBE,Technology,2.727272727272727,20.0,220.77999877929688,0.0090493404932481,-0.080504776068962,-0.3388830941487584,-0.3923765100573623,-0.4078901449018203,0.1415128204278584,0.4554863233673785,-0.4316109089346768,70.00174102535414,-0.1791302258812509,-0.3430481435647118,momentum_v1,
2026-07-14 00:00:00,AEP,Utilities,68.18181818181817,90.0,134.94000244140625,0.0502802531809434,0.0108581693916489,0.1717961017106362,0.3215615489780885,-0.0270387189702754,0.3334605962842234,0.212102303195714,0.0243242486174146,52.69299334790271,-0.0877672804206399,0.019658536828775,momentum_v1,
2026-07-14 00:00:00,AMD,Technology,100.0,100.0,548.1300048828125,0.1221823957094829,1.2206782028790233,1.6978885161332573,2.743546043829053,-0.0564286546575832,2.748153612510871,0.7724459079798398,0.7988286822729429,54.784468640427775,1.1220527530667344,0.9581348353832736,momentum_v1,
2026-07-14 00:00:00,AMT,Real Estate,16.363636363636363,10.0,168.8300018310547,-0.0996693793492572,-0.0486095973941338,0.0215688837997147,-0.2001831033156663,-0.2453115904830671,0.0414533415298379,0.3305547133043657,-0.0722109940939208,38.16998483017703,-0.1472350472064227,-0.09160751742094,momentum_v1,
2026-07-14 00:00:00,AMZN,Consumer Discretionary,39.09090909090909,80.0,247.4900054931641,0.0247609255200362,0.0316812127343879,0.0004446624956762,0.0998577939474918,-0.1000035845587419,0.2449822116394651,0.3327854042084093,-0.3613696733476228,66.88540664531003,-0.0669442370779009,0.0122732489721426,momentum_v1,
2026-07-14 00:00:00,APD,Materials,51.81818181818182,70.0,299.3999938964844,0.0832010164761123,0.0087389697407274,0.1495098547520332,0.0527758298301574,-0.0470734537381726,0.3232860639271673,0.3907534349665147,-0.0651969836425574,61.00383922534305,-0.0898864800715615,0.0348100920099607,momentum_v1,
2026-07-14 00:00:00,AVB,Real Estate,72.72727272727273,60.0,191.75,0.0497846511492303,0.1414821585732417,0.0910095164572208,-0.012356577266922,-0.025154245831092,0.2169290711035938,0.2419243308368234,0.5859803433099344,66.64079218557401,0.0428567087609528,0.0984842385464355,momentum_v1,
2026-07-14 00:00:00,AVGO,Technology,44.54545454545455,50.0,389.1099853515625,0.0107784020998871,0.0262694296556218,0.1321080862224961,0.428533527474022,-0.1907182609674765,0.422209699690123,0.4979916236130629,-0.217664725249386,53.7959635185359,-0.072356020156667,-0.2362739378401279,momentum_v1,
2026-07-14 00:00:00,AXP,Financials,60.0,50.0,355.0599975585937,0.1178747841760834,0.0994747951869439,-0.0491267116094485,0.1232911469398572,-0.0699917459471929,0.2220120871433883,0.2633511765120248,0.3561253742198016,63.560226040901256,0.0008493453746549,0.0081701528897402,momentum_v1,
2026-07-14 00:00:00,BA,Industrials,22.727272727272727,30.0,217.1100006103516,-0.0203943697734018,-0.022643372616896,-0.0742762045777278,-0.0428936514046036,-0.1389648785814282,0.2120924884366453,0.3207818917200163,-0.1302400186090845,50.40338241711841,-0.121268822429185,-0.069907735343545,momentum_v1,
2026-07-14 00:00:00,BAC,Financials,81.81818181818183,80.0,60.619998931884766,0.0989847552497558,0.1421737064504635,0.0972147777675207,0.3254977904017497,0.0,0.3789073071938698,0.2076046553451447,0.5679074636360539,65.00553405768937,0.0435482566381746,0.0508690641532598,momentum_v1,
2026-07-14 00:00:00,BKNG,Consumer Discretionary,17.272727272727273,40.0,174.85000610351562,0.0688306743547311,-0.0110602913043069,-0.2002643412785768,-0.228942034914705,-0.2367426229306189,0.137283894155999,0.4332637082308874,0.0015395881407628,55.6707017112337,-0.1096857411165959,-0.0304682550665522,momentum_v1,
2026-07-14 00:00:00,BLK,Financials,27.27272727272727,10.0,1025.43994140625,0.0087154224630241,0.0073936137074732,-0.0443651482624606,-0.0496657020483244,-0.1335311744100327,0.117367491743018,0.267835398313556,-0.3162759450716915,52.48388796599235,-0.0912318361048156,-0.0839110285897304,momentum_v1,
2026-07-14 00:00:00,BMY,Health Care,42.72727272727273,50.0,56.95000076293945,0.0121769576277752,-0.0080456791575388,0.0416524183804323,0.2736559582406792,-0.0670721762173691,0.3820269029170855,0.3459900346918548,-0.0842409861525125,56.18109407051538,-0.1066711289698277,-0.0825073293532657,momentum_v1,
2026-07-14 00:00:00,C,Financials,70.9090909090909,60.0,133.27000427246094,-0.0347649945471962,0.0603454785659012,0.1094491359643106,0.5714447387985315,-0.0851238693783952,0.5576160331683335,0.2913827771599249,0.5340008451615982,31.04342722482388,-0.0382799712463877,-0.0309591637313024,momentum_v1,
2026-07-14 00:00:00,CAT,Industrials,96.36363636363636,100.0,933.3400268554688,0.0397825627245138,0.181105896282977,0.5176075344449933,1.3242048233368853,-0.1235421115057084,1.3315568218748992,0.5222123472804401,0.6801018910763197,43.5040135225135,0.082480446470688,0.1338415335563281,momentum_v1,
2026-07-14 00:00:00,CL,Consumer Staples,70.0,80.0,91.02999877929688,0.0183465645021398,0.0906849810698737,0.1310335099756976,0.0418707470786059,-0.076097129838049,0.2290825962330265,0.2466799179499383,0.7336915261695651,48.922409097729066,-0.0079404687424151,0.0606566266252799,momentum_v1,
2026-07-14 00:00:00,CMCSA,Communication Services,5.454545454545454,20.0,23.190000534057617,-0.0193588533225038,-0.1619976073496286,-0.151989590838487,-0.2585761954705494,-0.2751490839621749,0.0531347944461266,0.326074515800874,-0.7427828733481413,57.236618631951984,-0.2606230571619176,-0.1351724299770761,momentum_v1,
2026-07-14 00:00:00,CMG,Consumer Discretionary,23.63636363636364,50.0,36.43000030517578,0.1657600097656251,0.0531945690798221,-0.0917477000542864,-0.3494642802647182,-0.3354615011313966,0.292760820108463,0.4252357872858518,-0.0180278443265711,74.29078895617594,-0.0454308807324668,0.0337866053175768,momentum_v1,
2026-07-14 00:00:00,COP,Energy,30.0,20.0,111.87000274658205,-0.0302531019877297,-0.0883240455040114,0.1647875698162375,0.2088479804737955,-0.1576876851656433,0.3382242671311215,0.3417998400188785,-0.5748148959350177,53.79090409524259,-0.1869494953163003,-0.0927140255152453,momentum_v1,
2026-07-14 00:00:00,COST,Consumer Staples,20.0,20.0,921.75,-0.0552839552587764,-0.0588902160352978,-0.0005746283991374,-0.0447180527165245,-0.1576960621747439,0.0874689436331126,0.2340448262948486,-0.4471828334122133,38.449182856167376,-0.1575156658475868,-0.0889185704798917,momentum_v1,
2026-07-14 00:00:00,CRM,Technology,3.636363636363636,30.0,167.55999755859375,0.0066686730591933,-0.0279339014895844,-0.352109694484407,-0.3452234312587316,-0.3747337644878638,0.1161737477262248,0.4016647474215701,-0.3426162353739898,65.26997673611558,-0.1265593513018733,-0.2904772689853342,momentum_v1,
2026-07-14 00:00:00,CSCO,Technology,98.1818181818182,90.0,117.08999633789062,-0.0353112992046571,0.4271770717576986,0.5994161438355465,0.7588596399242924,-0.0959382661985664,0.8053552182805153,0.3455387265070392,0.6589260867898182,44.67763795469696,0.3285516219454096,0.1646337042619488,momentum_v1,
2026-07-14 00:00:00,CVX,Energy,38.18181818181819,30.0,181.759994506836,-0.0218491693970225,-0.0435667749173747,0.1425518649712296,0.2193201861394851,-0.1313058201916348,0.2651832477137517,0.2887738986204343,-0.3590132322392981,58.29030580622118,-0.1421922247296636,-0.0479567549286086,momentum_v1,
2026-07-14 00:00:00,D,Utilities,89.0909090909091,100.0,71.30000305175781,0.0691258125894043,0.1436230191506047,0.2552845427987824,0.2972461624396034,0.0,0.3165154939422674,0.1551825066719745,0.8418663505377078,67.61435116289158,0.0449975693383157,0.1524233865877308,momentum_v1,
2026-07-14 00:00:00,DE,Industrials,47.27272727272727,50.0,584.4000244140625,0.0303790837181592,-0.028398127018841,0.2039592750650747,0.1547793194035842,-0.1130002650398537,0.3428552895698746,0.3285265519500959,0.1385164542235419,48.082902684282814,-0.1270235768311299,-0.0756624897454899,momentum_v1,
2026-07-14 00:00:00,DHR,Health Care,28.18181818181818,30.0,199.0500030517578,0.1032854034215788,0.0183436169980233,-0.161437482004894,-0.0211449406883936,-0.1741866350444239,0.2319371882013787,0.296027275585134,0.1280338748901949,70.63603363240851,-0.0802818328142656,-0.0561180331977035,momentum_v1,
2026-07-14 00:00:00,DIS,Communication Services,13.636363636363637,40.0,95.87000274658205,-0.0372274044963758,-0.0452203586971494,-0.1663392848968422,-0.1886358671898552,-0.2088968961134385,0.0452781540231179,0.2619861279703597,-0.5471338519717659,29.57153476718993,-0.1438458085094384,-0.0183951813245969,momentum_v1,
2026-07-14 00:00:00,DLR,Real Estate,18.181818181818183,20.0,173.11000061035156,-0.0469033680664565,-0.0916644195010844,0.1065955411316383,0.0572064136861885,-0.1453867540011677,0.1860388289001162,0.3267583016084639,-0.6318912853413491,20.601662769657025,-0.1902898693133733,-0.1346623395278906,momentum_v1,
2026-07-14 00:00:00,DOW,Materials,9.090909090909092,10.0,30.309999465942383,-0.0987214242261966,-0.2366440305919421,0.1766372862179928,0.0793724613858966,-0.2687315879100819,0.5282919501869254,0.3738914078977164,-0.8197026236338529,49.88290131370298,-0.3352694804042311,-0.2105729083227088,momentum_v1,
2026-07-14 00:00:00,DUK,Utilities,46.36363636363636,10.0,126.37000274658205,0.0175537504011591,-0.0225305951045707,0.1005787291745736,0.1134502495480103,-0.0449423294834043,0.127610441165578,0.2100518123098814,0.0006388227573534,53.182256101217135,-0.1211560449168597,-0.0137302276674446,momentum_v1,
2026-07-14 00:00:00,EA,Communication Services,66.36363636363637,80.0,206.6499938964844,0.0177295778902741,0.0211562269390883,0.0144101064893567,0.3952766282700699,0.0,0.4037737562264345,0.0427180055454921,0.4274944945081913,78.19824426830307,-0.0774692228732005,0.0479814043116408,momentum_v1,
2026-07-14 00:00:00,ECL,Materials,37.27272727272727,60.0,269.75,0.02600303558337,-0.0171324162893834,-0.0019133676365692,0.0212215722169237,-0.1204472767469645,0.1007413892190662,0.2243927093021464,0.161551807788888,51.2923850704684,-0.1157578661016723,0.0089387059798499,momentum_v1,
2026-07-14 00:00:00,ED,Utilities,59.09090909090909,80.0,111.95999908447266,0.0479221538944047,0.0090072615717697,0.1469081869845006,0.1500218918251528,-0.0221910370838323,0.2005065995127397,0.1876698126320418,0.1196273861724713,59.98755179039152,-0.0896181882405191,0.0178076290088958,momentum_v1,
2026-07-14 00:00:00,EOG,Energy,67.27272727272727,60.0,138.00999450683594,0.0108400772048016,0.0154902114227593,0.3382326972209244,0.1616430414328273,-0.072109199602606,0.3795183396648416,0.3225969586415944,-0.0019216064887658,55.21636912637968,-0.0831352383895296,0.0111002314115253,momentum_v1,
2026-07-14 00:00:00,EQIX,Real Estate,57.27272727272727,40.0,1023.5399780273438,-0.0188271196460548,-0.0267188491545524,0.29219539878707,0.3834001508322751,-0.0828001220768821,0.4243530472268284,0.2751289365623005,-0.1830677325677864,28.85134204342901,-0.1253442989668414,-0.0697167691813587,momentum_v1,
2026-07-14 00:00:00,EQR,Real Estate,79.0909090909091,80.0,68.72000122070312,0.0417679016652177,0.1423796873255114,0.1627190965475422,0.0753059462995748,-0.0203848934293785,0.212051418409177,0.2184549473625887,0.7045684417684612,67.37326131089446,0.0437542375132224,0.0993817672987051,momentum_v1,
2026-07-14 00:00:00,ETN,Industrials,62.727272727272734,60.0,415.5199890136719,0.0555837149451778,0.0329935607461568,0.2879957916149385,0.1656095438538818,-0.046491371385509,0.3234359322131426,0.5072798919964067,-0.0002317640101306,53.5179289150725,-0.065631889066132,-0.014270801980492,momentum_v1,
2026-07-14 00:00:00,EXC,Utilities,48.18181818181818,20.0,46.91999816894531,0.0309821995037289,-0.01638112456852,0.1031591054468981,0.1172820419094902,-0.0582372036623388,0.1344910745432028,0.2143761118271082,0.0720151948535036,52.06610658328294,-0.1150065743808089,-0.0075807571313939,momentum_v1,
2026-07-14 00:00:00,FCX,Materials,33.63636363636363,40.0,61.95000076293945,-0.0661741907942161,-0.087367076696628,0.1010281031029267,0.3518199242806017,-0.1362242093066697,0.7675256892664295,0.4625722011112291,-0.0058143092455711,43.828714155061945,-0.1859925265089169,-0.0612959544273946,momentum_v1,
2026-07-14 00:00:00,GE,Industrials,82.72727272727273,80.0,353.7300109863281,0.0643434688009196,0.1355272509788034,0.1029163038576868,0.3919285013107769,-0.0658867174712735,0.3726887516979451,0.2441887593768588,0.7825501441200118,48.06774723395252,0.0369018011665145,0.0882628882521545,momentum_v1,
2026-07-14 00:00:00,GOOGL,Communication Services,87.27272727272727,100.0,359.510009765625,0.0048635179176155,0.1195566487154404,0.0955898422946814,1.000863669402639,-0.1065403217567727,0.9857657076336628,0.3241342194797998,-0.0002255177673899,60.70401435938903,0.0209311989031515,0.146381826087993,momentum_v1,
2026-07-14 00:00:00,GS,Financials,93.63636363636364,100.0,1140.0,0.1007685912821638,0.2854030621037002,0.2258516654483249,0.6496898114049456,0.0,0.6603830344329891,0.4106240084248916,0.7623669636898288,58.01211086109132,0.1867776122914113,0.1940984198064965,momentum_v1,
2026-07-14 00:00:00,HD,Consumer Discretionary,26.36363636363636,70.0,337.739990234375,0.035980430408204,-0.0025992471997552,-0.0856604092833641,-0.0630971271525699,-0.185764236444105,0.1437371786325871,0.3188880096063178,0.091508447177379,59.13651972796423,-0.1012246970120441,-0.0220072109620005,momentum_v1,
2026-07-14 00:00:00,HON,Industrials,20.909090909090907,20.0,222.67999267578125,-0.0310087304161563,-0.0862340992444827,0.0345848547028324,-0.0243061725978274,-0.1392829325712584,0.1403859003880039,0.3617240421851682,-9.347549060123583e-06,41.64118054153112,-0.1848595490567717,-0.1334984619711317,momentum_v1,
2026-07-14 00:00:00,JNJ,Health Care,83.63636363636363,70.0,253.8500061035156,0.0651198093115554,0.0729110424169787,0.2557716018303906,0.6583346790351616,-0.0501047171836672,0.6768236423236169,0.3162499985613863,0.5605123311030236,62.38471142254775,-0.0257144073953101,-0.0015506077787481,momentum_v1,
2026-07-14 00:00:00,JPM,Financials,71.81818181818181,70.0,342.8900146484375,0.0987103831848073,0.0980448800296387,0.0516644522641427,0.2181892577751882,0.0,0.2240044673174896,0.2539471645769161,0.485657782589928,60.48133282563779,-0.0005805697826501,0.006740237732435,momentum_v1,
2026-07-14 00:00:00,KMB,Consumer Staples,63.63636363636363,70.0,106.81999969482422,0.0519991996424087,0.1209856685348278,0.1195336808569893,-0.1339466648736661,-0.1807415222253039,0.1637528883717063,0.3198659989701441,0.6845298267039285,55.24296832033289,0.0223602187225389,0.090957314090234,momentum_v1,
2026-07-14 00:00:00,KO,Consumer Staples,78.18181818181819,100.0,83.08000183105469,0.0131635898094339,0.0943120497045211,0.1940339650914764,0.2227405495956953,-0.0138872186224963,0.2910412839441185,0.2130253860454537,0.7259831033606687,60.31273078452536,-0.0043134001077678,0.0642836952599272,momentum_v1,
2026-07-14 00:00:00,LIN,Materials,69.0909090909091,90.0,522.5399780273438,0.0137745917125331,0.0301105956056426,0.1843656668360402,0.1296130571961531,-0.0440875822758662,0.3507449470098187,0.2066695186487886,0.6253160894964312,55.75070523619522,-0.0685148542066462,0.056181717874876,momentum_v1,
2026-07-14 00:00:00,LLY,Health Care,90.0,90.0,1152.5400390625,-0.0072439919575223,0.2420247211593325,0.0873396144908933,0.4636550994305972,-0.0671922169657531,0.8551795592458957,0.3537139001874921,0.8967948620141688,57.15185573112131,0.1433992713470435,0.1675630709636055,momentum_v1,
2026-07-14 00:00:00,LMT,Industrials,11.818181818181818,10.0,514.989990234375,-0.0614019153078794,-0.1635149756626521,-0.0402025158181357,0.1312699293974928,-0.2339864128212011,0.2876273429877451,0.3390560179565478,-0.1397749053260178,54.80475069720329,-0.2621404254749411,-0.210779338389301,momentum_v1,
2026-07-14 00:00:00,LOW,Consumer Discretionary,6.363636363636363,10.0,207.67999267578125,-0.0604840994860608,-0.1554278396297079,-0.2155456022191206,-0.0551690256579567,-0.2738895679652009,0.005032874996151,0.3011912396066456,-0.5473845423768335,42.62707624517116,-0.2540532894419969,-0.1748358033919532,momentum_v1,
2026-07-14 00:00:00,MCD,Consumer Discretionary,10.909090909090908,30.0,268.94000244140625,-0.0555886757136673,-0.1108206808498788,-0.1140292629060087,-0.0815061603608428,-0.2016755650448237,0.0166326217372039,0.2666229944362864,-0.4941089219143072,47.368421052631575,-0.2094461306621677,-0.1302286446121241,momentum_v1,
2026-07-14 00:00:00,MDLZ,Consumer Staples,35.45454545454545,40.0,58.79999923706055,-0.064190804193796,0.0279624031754524,0.0856095244179031,-0.0943352070928039,-0.1400345591460503,0.1610605602608827,0.2949699748297599,0.1378341873577721,43.9408763558445,-0.0706630466368365,-0.0020659512691414,momentum_v1,
2026-07-14 00:00:00,META,Communication Services,36.36363636363637,70.0,661.0399780273438,0.1640002781439971,0.042744370247804,0.0140250407230548,-0.075683179031311,-0.1604980080731251,0.2585648347204436,0.5572762572901078,-0.3269181280174165,69.97573889784432,-0.0558810795644848,0.0695695476203566,momentum_v1,
2026-07-14 00:00:00,MO,Consumer Staples,77.27272727272727,90.0,70.16000366210938,-0.0028114477877158,0.0658470302881666,0.2585162200714463,0.2961762357616897,-0.0525320625163174,0.3231438726439715,0.2357360282767069,0.4596464490116475,43.63478892258887,-0.0327784195241223,0.0358186758435727,momentum_v1,
2026-07-14 00:00:00,MPC,Energy,99.0909090909091,100.0,303.3999938964844,0.1632989407483214,0.3518484247511808,0.7374367235605581,0.7198811802809504,0.0,0.9505507732603482,0.3696044137128725,0.6495319327720508,88.47446175451628,0.2532229749388919,0.3474584447399469,momentum_v1,
2026-07-14 00:00:00,MRK,Health Care,65.45454545454545,60.0,120.77999877929688,0.0073580153994436,0.0124723552142318,0.1087449078822637,0.4973357788779702,-0.0677678214321214,0.5977716003385918,0.3349275141242713,0.559148104874368,51.84953017042727,-0.086153094598057,-0.061989294981495,momentum_v1,
2026-07-14 00:00:00,MS,Financials,92.72727272727272,90.0,227.6699981689453,0.070582122864462,0.2636275912672845,0.2352688132517657,0.6387769839879491,0.0,0.6679674517546346,0.2962376492632593,0.8658569751582577,51.69351451018876,0.1650021414549956,0.1723229489700808,momentum_v1,
2026-07-14 00:00:00,MSFT,Technology,10.0,40.0,384.9299926757813,-0.0138597215577834,0.0036259283235846,-0.1932811773884138,-0.2291094001648688,-0.2853914992008278,0.0909786790384976,0.3680606974670243,-0.4220073433886727,55.932197805818205,-0.0949995214887042,-0.2589174391721651,momentum_v1,
2026-07-14 00:00:00,NEE,Utilities,49.09090909090909,30.0,89.54000091552734,0.0553984533299376,-0.0227970423595245,0.1366986153050311,0.2383435751451859,-0.078505943997358,0.3103880991502263,0.1643496171919344,-0.4162336109052575,62.71464307771006,-0.1214224921718134,-0.0139966749223984,momentum_v1,
2026-07-14 00:00:00,NEM,Materials,14.545454545454543,20.0,94.75,-0.0291013059172332,-0.1847962192723322,-0.1268607885008112,0.5925067088716753,-0.278791577839709,0.6697022921535876,0.416717561189069,-0.7330021058058344,43.70672530685408,-0.2834216690846212,-0.1587250970030989,momentum_v1,
2026-07-14 00:00:00,NFLX,Communication Services,1.818181818181818,10.0,73.52999877929688,-0.0952380728863961,-0.28722376726413,-0.1780684156964261,-0.4094497848210645,-0.4229184576236793,0.0370944597576348,0.4097624730761795,-0.8822113451884165,51.88328684866316,-0.3858492170764189,-0.2603985898915775,momentum_v1,
2026-07-14 00:00:00,NKE,Consumer Discretionary,8.181818181818182,20.0,42.86000061035156,-0.0674499246273573,0.0077723788100267,-0.339645811751051,-0.393692410721272,-0.4442689748979844,0.0517791560822469,0.3546492596465745,-0.0984132564803684,52.34374738065569,-0.0908530710022621,-0.0116355849522185,momentum_v1,
2026-07-14 00:00:00,NUE,Materials,91.81818181818184,100.0,234.1600036621093,-0.1002870937050682,0.2375973405936888,0.4382102059728527,0.6664178137699304,-0.1186969318459174,0.7934345372687372,0.3654573996866342,0.3051407906259084,46.1802988421068,0.1389718907813999,0.2636684628629222,momentum_v1,
2026-07-14 00:00:00,NVDA,Technology,61.81818181818181,60.0,211.8000030517578,0.0338263684274815,0.1201038364768354,0.1471294007235897,0.2859695375715421,-0.1005054475684497,0.2926317191258489,0.3938632036415738,-0.0214413640331658,60.722110276199686,0.0214783866645464,-0.1424395310189143,momentum_v1,
2026-07-14 00:00:00,O,Real Estate,55.45454545454545,30.0,63.77000045776367,0.0344907756501149,0.0202864419926613,0.1250989690527373,0.1774904792021625,-0.0394889255441618,0.1990978570788129,0.2074670903682524,-0.0168461340845592,65.01176854718005,-0.0783390078196275,-0.0227114780341448,momentum_v1,
2026-07-14 00:00:00,ORCL,Technology,0.9090909090909092,10.0,127.94000244140624,-0.302633900088902,-0.1750089586567583,-0.3510301642928494,-0.4387655497569128,-0.6058897065224319,0.0,0.4366130176164598,-0.153948841234057,14.097429427346484,-0.2736344084690473,-0.4375523261525081,momentum_v1,
2026-07-14 00:00:00,OXY,Energy,41.81818181818181,40.0,54.56999969482422,-0.0162250136303043,-0.0557689277756064,0.285169217743912,0.2027315795863502,-0.1723723489523785,0.415271243046049,0.3817085151999214,-0.347336756747323,58.11373034220899,-0.1543943775878954,-0.0601589077868404,momentum_v1,
2026-07-14 00:00:00,PEP,Consumer Staples,12.727272727272728,10.0,135.4499969482422,-0.0576080082475811,-0.121920214770624,-0.0129517097671274,0.0410527886070299,-0.1899939164118455,0.0523338921691149,0.2982218104851104,-0.8111266244393138,40.299820231653584,-0.220545664582913,-0.1519485692152179,momentum_v1,
2026-07-14 00:00:00,PFE,Health Care,15.454545454545451,20.0,24.25,-0.0733664528351749,-0.0983800889395194,-0.0163576965503774,0.0114861179441714,-0.1365923019575624,0.0950850052837875,0.2304047481659062,-0.7132504789041759,44.742740666052505,-0.1970055387518083,-0.1728417391352463,momentum_v1,
2026-07-14 00:00:00,PG,Consumer Staples,40.909090909090914,50.0,146.0800018310547,-0.0152352336701431,0.0250730967618351,0.0447943838762787,-0.0430930522261244,-0.1197368561394165,0.0737828599629304,0.2440977670665174,0.2745715414205615,41.35310867642627,-0.0735523530504538,-0.0049552576827587,momentum_v1,
2026-07-14 00:00:00,PLD,Real Estate,64.54545454545455,50.0,142.49000549316406,-0.024905555011993,0.0464758326835508,0.1180743291985055,0.3474959372634398,-0.0350668989008418,0.4133946566553876,0.25600480384324,0.0151512192662404,44.00001592220411,-0.0521496171287381,0.0034779126567445,momentum_v1,
2026-07-14 00:00:00,PM,Consumer Staples,60.909090909090914,60.0,175.9499969482422,-0.0185942709382577,0.090068956363811,0.1007468927041215,0.0134081001046271,-0.0753220178004612,0.2514722441242913,0.2916813738422303,0.4472451979167436,48.11288774401259,-0.0085564934484778,0.0600406019192172,momentum_v1,
2026-07-14 00:00:00,PPG,Materials,52.72727272727272,80.0,114.66000366210938,-0.0302773534027365,0.0469704961078698,0.080633275001954,0.0035367844682236,-0.1177346609498659,0.2319152828909316,0.3153252326282302,0.5182635487614174,44.85792968881066,-0.051654953704419,0.0730416183771032,momentum_v1,
2026-07-14 00:00:00,PSA,Real Estate,73.63636363636363,70.0,318.92999267578125,-0.0086762072758496,0.0866310469578337,0.1690430774228448,0.1488433239566864,-0.0324900542917355,0.2582004661050492,0.2105049492774948,0.5773316225120295,47.75150974172296,-0.0119944028544551,0.0436331269310275,momentum_v1,
2026-07-14 00:00:00,PSX,Energy,94.54545454545456,80.0,201.4499969482422,0.1311060642589481,0.2650407375016612,0.4390875936039422,0.5819277270844148,0.0,0.7602070454268801,0.3567841341379075,0.4241891221824098,82.6442755855259,0.1664152876893723,0.2606507574904273,momentum_v1,
2026-07-14 00:00:00,QCOM,Technology,74.54545454545455,70.0,178.10000610351562,-0.1224871885494128,0.3620679414117498,0.0119558920352604,0.1549207780344277,-0.287874237888118,0.4407818760603843,0.6259414606662784,0.2500064580331729,33.26044437536282,0.2634424915994608,0.099524573916,momentum_v1,
2026-07-14 00:00:00,RTX,Industrials,45.45454545454545,40.0,193.38999938964844,0.0498343865219033,-0.035819726231988,0.0336369786401653,0.3377281453772145,-0.0846740328435299,0.3214428220848278,0.2912845861164864,0.1751681440961449,61.7056880082224,-0.1344451760442769,-0.0830840889586369,momentum_v1,
2026-07-14 00:00:00,SBUX,Consumer Discretionary,75.45454545454545,100.0,106.16999816894533,0.0380328454837235,0.0955301761936104,0.2092819830817658,0.1477961657795441,-0.0108999274162664,0.3797791110304682,0.2129675048422001,0.0598798860865569,64.11246941297301,-0.0030952736186784,0.0761222124313651,momentum_v1,
2026-07-14 00:00:00,SCHW,Financials,53.63636363636364,40.0,101.0999984741211,0.139797090783605,0.0482774480288461,0.016326331202926,0.1132158829378313,-0.0504112509612242,0.1845342739493491,0.2926786741269182,0.154066271922835,69.69697314248094,-0.0503480017834427,-0.0430271942683575,momentum_v1,
2026-07-14 00:00:00,SHW,Materials,30.909090909090907,30.0,328.5,0.0366372710242788,-0.0150375692172887,-0.0656702369422576,-0.0415172898923027,-0.1182704080249335,0.1211604095563139,0.2660894891533359,0.0222091458027026,54.63576711043475,-0.1136630190295776,0.0110335530519446,momentum_v1,
2026-07-14 00:00:00,SLB,Energy,24.545454545454547,10.0,47.540000915527344,-0.151071412222726,-0.0795597896765677,0.0635192486230806,0.3089937449970006,-0.1804860835881013,0.5274540799833312,0.33165936693809,-0.3923204323887699,48.47001046825113,-0.1781852394888566,-0.0839497696878016,momentum_v1,
2026-07-14 00:00:00,SO,Utilities,56.36363636363636,60.0,95.95999908447266,0.0288410264632106,0.0085950954269296,0.1207276813121893,0.0694613804849706,-0.0237662286254052,0.1597825548732758,0.1948093203931579,0.2016503370077331,53.5888405783232,-0.0900303543853593,0.0173954628640556,momentum_v1,
2026-07-14 00:00:00,SPG,Real Estate,85.45454545454545,90.0,221.27999877929688,0.0298799132025879,0.114581288587571,0.2252387692970083,0.4330941055977788,-0.0275971121755697,0.4494027055679217,0.2370949213714401,0.7402955943453147,56.7040655704313,0.015955838775282,0.0715833685607647,momentum_v1,
2026-07-14 00:00:00,SPGI,Financials,32.72727272727273,30.0,438.8699951171875,0.1222857372963845,0.0811137607697773,-0.1400409130955213,-0.1124964961831693,-0.1708296355474537,0.192666072803352,0.42744100982819,0.0139645963447337,76.40291192716707,-0.0175116890425115,-0.0101908815274263,momentum_v1,
2026-07-14 00:00:00,SRE,Utilities,50.90909090909091,40.0,93.36000061035156,0.0271707196526338,-0.0228909388210603,0.0660069097288071,0.2883848307937577,-0.0573713355698737,0.2956833644171868,0.1639307670726263,-0.002803619150015,57.1247142494285,-0.1215163886333492,-0.0140905713839342,momentum_v1,
2026-07-14 00:00:00,T,Communication Services,7.272727272727272,30.0,21.280000686645508,-0.062394037831152,-0.1579486212646624,-0.0810292447024,-0.1737685860150609,-0.2511808474744748,0.0529754722385682,0.3446146449821319,-0.8779271665289182,37.09019210781478,-0.2565740710769514,-0.1311234438921099,momentum_v1,
2026-07-14 00:00:00,TJX,Consumer Discretionary,25.454545454545453,60.0,150.33999633789062,-0.1069264606841891,-0.0533332718407665,-0.0415128883856175,0.2301177195605641,-0.1072977075665507,0.2540408899510191,0.2618155597820614,8.324929643144241e-05,25.81977229249712,-0.1519587216530554,-0.0727412356030118,momentum_v1,
2026-07-14 00:00:00,TMO,Health Care,40.0,40.0,534.0700073242188,0.123923354572637,0.0396230972516924,-0.1352908379321616,0.2326197428843042,-0.1631340905439215,0.323694889809117,0.27748691364542,0.0636714618470123,78.21762891791208,-0.0590023525605964,-0.0348385529440344,momentum_v1,
2026-07-14 00:00:00,TMUS,Communication Services,19.090909090909093,50.0,187.1300048828125,0.0070498197554587,-0.0222660606251947,-0.0573892752034717,-0.1629071925568767,-0.2639040261254531,0.1156621334849781,0.3599821333518693,-0.4651655522052389,52.47294926158795,-0.1208915104374837,0.0045591167473577,momentum_v1,
2026-07-14 00:00:00,TSLA,Consumer Discretionary,50.0,90.0,396.1799926757813,-0.0074408148969516,0.1241699607874855,-0.1097279072791221,0.2636916855444551,-0.1912713547666552,0.3091233066238561,0.5841775775633916,0.0270324971947196,54.31908877476581,0.0255445109751966,0.1047619970252402,momentum_v1,
2026-07-14 00:00:00,UNH,Health Care,95.45454545454544,100.0,425.1900024414063,0.0544161606914939,0.366193122705341,0.2528137812675708,0.4356375971358606,-0.0150342622880125,0.8361331392380575,0.2522404994599844,0.8347835705008708,58.70467029304322,0.267567672893052,0.291731472509614,momentum_v1,
2026-07-14 00:00:00,UNP,Industrials,84.54545454545455,90.0,288.29998779296875,0.074623487046239,0.1530112075159571,0.2752243855694003,0.2541314289822083,-0.0028707400678811,0.3634375432297603,0.2275948989499322,0.4873407342554579,90.00264797840828,0.0543857577036681,0.1057468447893081,momentum_v1,
2026-07-14 00:00:00,UPS,Industrials,76.36363636363637,70.0,113.66999816894533,0.0462033738846354,0.1329750599473333,0.0845644003502879,0.1996364121814964,-0.0233498057935679,0.4438771579362659,0.2580243060451224,0.39837898614169,73.3611350066473,0.0343496101350444,0.0857106972206844,momentum_v1,
2026-07-14 00:00:00,VLO,Energy,97.27272727272728,90.0,301.42999267578125,0.1793035425582303,0.2510827941976961,0.644615759892704,1.0198782153839043,0.0,1.327053570545082,0.4401325176566179,0.5852158584579621,82.83114950800605,0.1524573443854071,0.2466928141864621,momentum_v1,
2026-07-14 00:00:00,VMC,Materials,34.54545454545455,50.0,291.8900146484375,0.041757422124574,-0.0157485954483842,-0.0596738989698114,0.0929825453535695,-0.1130416461804134,0.1379282242760271,0.3427471245123789,0.0623671589334617,44.99584063149437,-0.1143740452606731,0.0103225268208491,momentum_v1,
2026-07-14 00:00:00,VZ,Communication Services,29.09090909090909,60.0,42.470001220703125,-0.0798041787649839,-0.0490093584108459,0.1024306090202358,0.0901270424602209,-0.1466784803975483,0.1615713498592697,0.3218802873077853,-0.3799361112705346,31.905863462234848,-0.1476348082231349,-0.0221841810382934,momentum_v1,
2026-07-14 00:00:00,WBD,Communication Services,80.0,90.0,27.479999542236328,0.0230826104912977,0.0032858763999061,-0.0488058109103777,1.3427110498418022,-0.0833889272238966,1.5491651412742913,0.2000476216392336,-0.337059031128719,57.65307338871462,-0.0953395734123827,0.0301110537724587,momentum_v1,
2026-07-14 00:00:00,WEC,Utilities,54.54545454545454,50.0,115.0500030517578,0.0175113059368321,-0.002445094846818,0.1181416400011419,0.1271174513411388,-0.0319730371994132,0.1348617410114649,0.1837247517419802,0.0937932457765908,52.55762570268448,-0.101070544659107,0.0063552725903079,momentum_v1,
2026-07-14 00:00:00,WELL,Real Estate,90.9090909090909,100.0,236.0,0.1202354490492825,0.1441546454510436,0.277116784563187,0.544400335351594,-0.0066921855397875,0.5291249110444836,0.2470568632434587,0.3105138310396538,73.74969009894295,0.0455291956387546,0.1011567254242373,momentum_v1,
2026-07-14 00:00:00,WFC,Financials,31.818181818181817,20.0,85.29000091552734,0.0350728074773249,-0.0099535740177453,-0.1016237363994507,0.0558624899494006,-0.1057246789018053,0.1616726102235552,0.2643523375793617,0.3645967326692807,53.92955316335697,-0.1085790238300342,-0.101258216314949,momentum_v1,
2026-07-14 00:00:00,WMB,Energy,80.9090909090909,70.0,75.9800033569336,0.0687109086764869,0.0699060125234269,0.2780434080546685,0.3464475237244115,-0.036006597340833,0.386945760891235,0.2607801802529732,0.0965942121557418,50.724646958659264,-0.0287194372888619,0.065516032512193,momentum_v1,
2026-07-14 00:00:00,WMT,Consumer Staples,21.818181818181817,30.0,113.6999969482422,-0.0564315605955004,-0.0855182861537831,-0.0033111750116837,0.2145192514957494,-0.1527570824603399,0.2062137927713223,0.25029531572605,-0.6864517165868687,36.880723798964645,-0.184143735966072,-0.1155466405983769,momentum_v1,
2026-07-14 00:00:00,XEL,Utilities,58.18181818181818,70.0,80.16999816894531,0.032000024356203,0.0040353306657898,0.0957673703930219,0.2043420322285132,-0.0302505612859261,0.2094534035998245,0.214141716736894,0.0182784359485955,49.33331892227309,-0.094590119146499,0.0128356981029159,momentum_v1,
2026-07-14 00:00:00,XOM,Energy,43.63636363636363,50.0,145.08999633789062,-0.0103002026108973,-0.0430110784296458,0.1800692457554149,0.2970190688150207,-0.1481029140906696,0.4146735616362134,0.2947910211237157,-0.3896595573833711,60.87662488458373,-0.1416365282419347,-0.0474010584408797,momentum_v1,
2026-07-15 00:00:00,AAPL,Technology,90.9090909090909,80.0,327.5,0.1249269896856815,0.2664751212422114,0.2607432891082273,0.576067840330666,0.0,0.6246626709864764,0.3588869686941842,0.4971220177489969,70.23277807815381,0.1767730065861721,0.0376221104197584,momentum_v1,
2026-07-15 00:00:00,ABBV,Health Care,82.72727272727273,80.0,244.1100006103516,0.0719273050986655,0.1706229417318114,0.1275928461892341,0.3161165610199801,-0.0649634436666821,0.3519296272913117,0.3723651396369639,0.8409030458025752,59.28686392016742,0.0809208270757722,0.1023699125311043,momentum_v1,
2026-07-15 00:00:00,ABT,Health Care,5.454545454545454,10.0,89.2699966430664,0.0123610380371776,-0.1110337433923726,-0.2756331927579644,-0.3100535916222389,-0.3362131212083048,0.0812742161203492,0.2950068162553734,0.0083682837076105,46.83937557566343,-0.2007358580484118,-0.1792867725930796,momentum_v1,
2026-07-15 00:00:00,ADBE,Technology,2.727272727272727,20.0,224.5599975585937,0.1006763692579009,-0.0473443220953504,-0.3146345132252931,-0.3881032084412427,-0.3977525665801619,0.1610567876876936,0.3841899852874875,-0.4422283141752614,72.83407913664408,-0.1370464367513897,-0.2761973329178033,momentum_v1,
2026-07-15 00:00:00,AEP,Utilities,60.909090909090914,90.0,132.5,0.0253037559434361,-0.0147478300334713,0.1539635070097458,0.301618981843555,-0.0446319297169339,0.3093488893705647,0.2231484942610049,0.033795157587791,44.76593976345615,-0.1044499446895106,0.0059375508802503,momentum_v1,
2026-07-15 00:00:00,AMD,Technology,100.0,100.0,529.1400146484375,0.0343452647197186,1.0744893537241684,1.5477394599083754,2.6182986513438826,-0.0891187290448072,2.500992568382121,0.7702245726465083,0.7859438834181491,51.4948201052285,0.9847872390681291,0.8456363429017155,momentum_v1,
2026-07-15 00:00:00,AMT,Real Estate,17.272727272727273,10.0,168.6300048828125,-0.099102406874754,-0.0349771085820768,0.0023941171204453,-0.2102798979933601,-0.246205649936706,0.0402196301765025,0.3306329671554232,-0.09453803879675,42.68873240999817,-0.124679223238116,-0.0699868941432527,momentum_v1,
2026-07-15 00:00:00,AMZN,Consumer Discretionary,41.81818181818181,90.0,254.9600067138672,0.068790624406527,0.0238535151373104,0.0344464050436776,0.1296911868307504,-0.0728389549868203,0.2825595619739511,0.3431905766845823,-0.3700178231725416,72.04346070335407,-0.0658485995187287,0.0170419188791977,momentum_v1,
2026-07-15 00:00:00,APD,Materials,45.45454545454545,70.0,293.69000244140625,0.0493374170074363,-0.0037608835809326,0.1135681357438418,0.036852880990857,-0.0652471429412305,0.2980491699331569,0.3974161505686342,-0.055115270311994,59.59164492474382,-0.0934629982369719,0.0216414481023377,momentum_v1,
2026-07-15 00:00:00,AVB,Real Estate,69.0909090909091,70.0,190.2899932861328,0.0269191031148785,0.1231852600524574,0.0886503797447579,-0.0203134109063701,-0.0325768343373321,0.2076632321773284,0.240153923289376,0.5745323729702272,62.42568193564052,0.0334831453964181,0.0881754744912814,momentum_v1,
2026-07-15 00:00:00,AVGO,Technology,48.18181818181818,50.0,394.2799987792969,0.0335907036599611,0.0370923740066571,0.1235694776325198,0.4411062675533421,-0.1799655236563584,0.4256395300336466,0.4983273327759184,-0.2602352298373253,55.03421809236809,-0.0526097406493821,-0.1917606368157958,momentum_v1,
2026-07-15 00:00:00,AXP,Financials,63.63636363636363,50.0,358.44000244140625,0.1044161556293963,0.0992818901487631,0.0026904056370209,0.1288607987897678,-0.0611385029421549,0.2336450698781411,0.2570893265243877,0.4044211174599186,62.79131637509687,0.0095797754927238,0.0031418360783366,momentum_v1,
2026-07-15 00:00:00,BA,Industrials,22.727272727272727,30.0,218.1199951171875,-0.0042456421895167,-0.0252491801733802,-0.0904466146625377,-0.0537503782261423,-0.1349593480191289,0.2177311359040883,0.3187955427782978,-0.1443719967061268,47.73644480824837,-0.1149512948294195,-0.0665124743471685,momentum_v1,
2026-07-15 00:00:00,BAC,Financials,85.45454545454545,80.0,61.59000015258789,0.0994287691772464,0.1604500163982229,0.1281027990634735,0.3369798593249784,0.0,0.4009716720038632,0.2078833932536896,0.6021886935089431,69.65377153924982,0.0707479017421837,0.0643099623277965,momentum_v1,
2026-07-15 00:00:00,BKNG,Consumer Discretionary,23.63636363636364,50.0,182.8000030517578,0.1082818015399036,0.0118128920200522,-0.1483031869151861,-0.2007259261502942,-0.2020391462364829,0.1889933775544292,0.4569157476935411,0.009892942329459,51.62304036342453,-0.077889222635987,0.0050012957619394,momentum_v1,
2026-07-15 00:00:00,BLK,Financials,34.54545454545455,20.0,1093.4000244140625,0.0594961476880451,0.0426731848391028,0.0150770186892883,0.0043638777490786,-0.0761067549652206,0.1914199880646949,0.3491480395571769,-0.2406843169272007,73.20515973593884,-0.0470289298169364,-0.0534668692313236,momentum_v1,
2026-07-15 00:00:00,BMY,Health Care,56.36363636363636,50.0,58.720001220703125,0.03943374881838,0.0224319221540478,0.0757601435344268,0.2999256852160872,-0.0380768706329256,0.4249801639888013,0.3615097819941456,-0.0554865119783748,62.21058892390486,-0.0672701925019914,-0.0458211070466592,momentum_v1,
2026-07-15 00:00:00,C,Financials,71.81818181818181,60.0,134.88999938964844,-0.0353286303133633,0.0459027518722108,0.1574724898758894,0.5765500039591416,-0.0740028757795029,0.5324165570967097,0.2910248917582299,0.528571073219394,36.01286252513898,-0.0437993627838284,-0.0502373021982156,momentum_v1,
2026-07-15 00:00:00,CAT,Industrials,95.45454545454544,100.0,914.2999877929688,0.0040963137801022,0.1533404192168854,0.4579670302397021,1.2776330172828447,-0.1414217608868569,1.2839934803556834,0.5260145111597613,0.640870855508403,39.996504964656566,0.0636383045608461,0.1120771250430971,momentum_v1,
2026-07-15 00:00:00,CL,Consumer Staples,70.0,70.0,91.47000122070312,0.0225824968292593,0.0936129238937768,0.1302582864417529,0.0555081418949316,-0.0716313545557807,0.2350233604786336,0.2470352214033898,0.720622202855078,48.894889126979066,0.0039108092377375,0.0619550593293174,momentum_v1,
2026-07-15 00:00:00,CMCSA,Communication Services,4.545454545454546,20.0,23.489999771118164,-0.0281610584520224,-0.153871537410681,-0.1614148096070597,-0.2626817376117403,-0.2657719939757118,0.0667587542382688,0.319458885566531,-0.7261392375452215,61.649690047407226,-0.2435736520667203,-0.1291199770137552,momentum_v1,
2026-07-15 00:00:00,CMG,Consumer Discretionary,14.545454545454543,40.0,34.630001068115234,0.0744648327634565,-0.008304613861291,-0.1415468285293585,-0.3682962192466995,-0.358109349798118,0.2288857591585897,0.459242313879161,-0.0063183534041428,61.912487281116576,-0.0980067285173302,-0.0151162101194037,momentum_v1,
2026-07-15 00:00:00,COP,Energy,30.909090909090907,20.0,111.45999908447266,-0.0471875885968142,-0.0547324409251652,0.1849442104044816,0.2228350554165581,-0.1607747605678334,0.3333196739714135,0.3372971320307356,-0.5832034411605348,60.12488791564791,-0.1444345555812045,-0.0718452706717511,momentum_v1,
2026-07-15 00:00:00,COST,Consumer Staples,18.181818181818183,30.0,916.5399780273438,-0.0669924153246305,-0.0584018090815502,-0.0254020236909627,-0.060362982461717,-0.1624570299249197,0.0813221480134656,0.2316925504209576,-0.5019605688861821,35.841852569115986,-0.1481039237375895,-0.0900596736460096,momentum_v1,
2026-07-15 00:00:00,CRM,Technology,3.636363636363636,30.0,167.0,0.0066911846068813,-0.0226430090185183,-0.3529307778290306,-0.3514576941938979,-0.3768234492005617,0.1124434148138329,0.401661970788472,-0.3657181309269395,65.41126237423471,-0.1123451236745576,-0.2514960198409712,momentum_v1,
2026-07-15 00:00:00,CSCO,Technology,97.27272727272728,90.0,111.7699966430664,-0.0735910552275023,0.3580453565616952,0.5240645961533641,0.6821639433636879,-0.1370144323814283,0.7233286616941981,0.3775529655503369,0.6217112886763367,40.062327589564624,0.2683432419056559,0.1291923457392423,momentum_v1,
2026-07-15 00:00:00,CVX,Energy,38.18181818181819,30.0,181.6000061035156,-0.0300181341766064,-0.0200871085791032,0.1399289358159023,0.2476486563495976,-0.1320704603710003,0.2640696107538776,0.2871460645628204,-0.3506915842103331,66.64483024896018,-0.1097892232351425,-0.0371999383256891,momentum_v1,
2026-07-15 00:00:00,D,Utilities,88.18181818181819,100.0,70.97000122070312,0.0450595993753581,0.1251080999684317,0.2407010905874329,0.2955311655077282,-0.0046283564786825,0.3104223755291879,0.1472656960233202,0.8564495790398847,61.2351986397436,0.0354059853123924,0.1457934808821535,momentum_v1,
2026-07-15 00:00:00,DE,Industrials,57.27272727272727,50.0,589.47998046875,0.0234257344410897,-0.0084425765068392,0.2078421622711339,0.1758319923470188,-0.1052899305328782,0.3545280993993427,0.3257146865925922,0.160645080769484,46.82521006794603,-0.0981446911628785,-0.0497058706806274,momentum_v1,
2026-07-15 00:00:00,DHR,Health Care,28.18181818181818,30.0,200.7899932861328,0.1171934894118977,0.0130735956864949,-0.1563370475993191,0.0228636416352294,-0.1669678097823843,0.2427061339133585,0.2945851276276395,0.1982539668562293,64.86442269888533,-0.0766285189695443,-0.0551794335142121,momentum_v1,
2026-07-15 00:00:00,DIS,Communication Services,15.454545454545451,40.0,97.1500015258789,-0.0214473760856096,-0.0457704247279294,-0.1322956251870516,-0.1784883493252146,-0.1983345619289965,0.0592340810372431,0.2670208405995954,-0.5744811618966408,39.81188025529427,-0.1354725393839687,-0.0210188643310036,momentum_v1,
2026-07-15 00:00:00,DLR,Real Estate,20.909090909090907,20.0,176.07000732421875,-0.037763627525762,-0.0947242844967903,0.1303652047023658,0.0598082413193472,-0.1307737279657146,0.206318898705867,0.3319766590135359,-0.651594618643029,27.81995031410098,-0.1844263991528296,-0.1297340700579663,momentum_v1,
2026-07-15 00:00:00,DOW,Materials,9.090909090909092,10.0,29.700000762939453,-0.1225996424890354,-0.2338609146974126,0.1455607422146714,0.1063202837731207,-0.2834486050919227,0.4975345722967883,0.3752203364768688,-0.8226922612750482,51.951229553859456,-0.3235630293534519,-0.2084585830141423,momentum_v1,
2026-07-15 00:00:00,DUK,Utilities,39.09090909090909,20.0,124.33999633789062,-0.0050412489130081,-0.0336380115020702,0.0837340663251557,0.0911976545415504,-0.0602843659610526,0.109496518776387,0.2170031035769312,0.0041170712550983,44.856736584240096,-0.1233401261581095,-0.0129526305883485,momentum_v1,
2026-07-15 00:00:00,EA,Communication Services,67.27272727272727,80.0,207.2700042724609,0.0196782600281664,0.0227556240221302,0.016706408365831,0.3981465842043414,0.0,0.4079854877536077,0.0433664286214233,0.4714671802826076,76.59583259547843,-0.066946490633909,0.0475071844190561,momentum_v1,
2026-07-15 00:00:00,ECL,Materials,36.36363636363637,60.0,270.25,0.0210109926801937,-0.0078477654942559,0.0026302259621224,0.0182702282783899,-0.1188169658604899,0.1027816883649774,0.2235381490746769,0.1945873954146544,41.381253434756815,-0.0975498801502952,0.0175545661890144,momentum_v1,
2026-07-15 00:00:00,ED,Utilities,58.18181818181818,80.0,110.30999755859376,0.0238537195635906,-0.0038152323499514,0.1343505224262218,0.128362179037192,-0.036601418416655,0.1828141328212418,0.195145595788505,0.1594708917365485,48.69840107266865,-0.0935173470059906,0.0168701485637703,momentum_v1,
2026-07-15 00:00:00,EOG,Energy,68.18181818181817,60.0,137.47000122070312,0.0060007856629684,0.0370340101255814,0.3264224919134351,0.1612506559980635,-0.0757397685644372,0.3741205776647374,0.3229919888228517,-0.0024504154841247,55.05017282231885,-0.0526681045304577,0.0199211803789955,momentum_v1,
2026-07-15 00:00:00,EQIX,Real Estate,59.09090909090909,40.0,1022.5999755859376,-0.0314912163364384,-0.0281001663235624,0.3181674990637499,0.375766352535551,-0.0836424635027314,0.4230449445922852,0.2710994905839392,-0.2324778660136054,31.75770982289229,-0.1178022809796017,-0.0631099518847384,momentum_v1,
2026-07-15 00:00:00,EQR,Real Estate,77.27272727272727,80.0,68.26000213623047,0.0241915709496469,0.124006802100631,0.1583859277014714,0.064442431432679,-0.0269422572849296,0.2039381685125219,0.2182640508595887,0.6959211038558824,62.857231444587214,0.0343046874445918,0.0889970165394551,momentum_v1,
2026-07-15 00:00:00,ETN,Industrials,61.81818181818181,60.0,412.8599853515625,0.054855693552658,0.0301092668744153,0.2619017237519587,0.1592084894742713,-0.0525953772360772,0.3149636622185243,0.5074350906859717,-0.0001358401891793,52.80319529362015,-0.0595928477816238,-0.0111540272993728,momentum_v1,
2026-07-15 00:00:00,EXC,Utilities,35.45454545454545,10.0,45.7400016784668,-0.0101709027335554,-0.0511681374570381,0.0854427429074646,0.0911895924042329,-0.0819217057490672,0.1059595245647655,0.2270092502655558,0.112180975666057,42.89216431045436,-0.1408702521130774,-0.0304827565433164,momentum_v1,
2026-07-15 00:00:00,FCX,Materials,24.545454545454547,30.0,60.970001220703125,-0.1087560596861521,-0.1049617499852161,0.043374379589633,0.3517199057926938,-0.1498884525520175,0.7395650336426791,0.4473904852818954,-0.0042323364896179,47.61905060184312,-0.1946638646412554,-0.0795594183019458,momentum_v1,
2026-07-15 00:00:00,GE,Industrials,83.63636363636363,80.0,360.3500061035156,0.0760489586164983,0.1345886632310491,0.1146149705104342,0.3805748491568144,-0.0484049512168429,0.3983785465445464,0.2497426060178716,0.8186083289441751,45.52035789506579,0.0448865485750098,0.0933253690572608,momentum_v1,
2026-07-15 00:00:00,GOOGL,Communication Services,89.0909090909091,100.0,370.9200134277344,0.0312500583319488,0.1148405338588256,0.119155154042466,1.0487892490670778,-0.078184009209736,1.0438360997179834,0.3416013452227723,-0.0033689316585302,67.53799351474885,0.0251384192027863,0.1395920942557514,momentum_v1,
2026-07-15 00:00:00,GS,Financials,92.72727272727272,100.0,1152.0699462890625,0.0840460562588214,0.2721077202940776,0.2250403765557995,0.6476403072636743,0.0,0.6779626257004248,0.4039387115586891,0.7659526205382059,63.47628129841216,0.1824056056380383,0.1759676662236511,momentum_v1,
2026-07-15 00:00:00,HD,Consumer Discretionary,30.0,70.0,341.44000244140625,0.0397392953830815,0.0037671639670004,-0.0763831996816796,-0.0529353840767646,-0.1768441134155363,0.1562670585548298,0.3199211431784284,0.1251496818599682,48.7762991794656,-0.0859349506890387,-0.0030444322911122,momentum_v1,
2026-07-15 00:00:00,HON,Industrials,19.090909090909093,20.0,222.83999633789065,-0.035550214246713,-0.0840092905928263,0.0292730212839855,-0.0323411413054173,-0.1386644760984797,0.1412053090743767,0.3609953238339518,0.0001381880543059,36.46222720438524,-0.1737114052488656,-0.1252725847666146,momentum_v1,
2026-07-15 00:00:00,JNJ,Health Care,79.0909090909091,70.0,247.0200042724609,0.0255324834140564,0.034738156715883,0.1909276996002826,0.6145392983322238,-0.0756622762341097,0.6317075963434726,0.3314861234813023,0.6056491712648047,54.66377819855956,-0.0549639579401561,-0.0335148724848239,momentum_v1,
2026-07-15 00:00:00,JPM,Financials,76.36363636363637,70.0,346.9100036621094,0.0865327652194725,0.1200592094301551,0.0794052513524914,0.2246158675733294,0.0,0.2383545046504418,0.2464962631592235,0.5218739001089073,64.31891932640225,0.0303570947741158,0.0239191553597286,momentum_v1,
2026-07-15 00:00:00,KMB,Consumer Staples,62.727272727272734,60.0,106.52999877929688,0.0414507559470156,0.1114987756725283,0.1125178274067995,-0.1232873443921526,-0.1829655953916382,0.1605934668772337,0.3198796913879547,0.6906655565131352,49.59806174225477,0.021796661016489,0.0798409111080689,momentum_v1,
2026-07-15 00:00:00,KO,Consumer Staples,80.0,90.0,82.44999694824219,0.0043853449087478,0.093311205865074,0.1851475007128287,0.2204553960463016,-0.0213650213858493,0.2812511744728729,0.2149394592515874,0.7178978219839329,56.71748302504619,0.0036090912090347,0.0616533413006146,momentum_v1,
2026-07-15 00:00:00,LIN,Materials,66.36363636363637,90.0,514.1500244140625,-0.0179918306594727,0.0322743428511171,0.1665314641504689,0.1115470092772592,-0.0594358066803257,0.3290572524307955,0.2068938970056999,0.606177600972258,49.16227187879447,-0.057427771804922,0.0576766745343875,momentum_v1,
2026-07-15 00:00:00,LLY,Health Care,90.0,90.0,1156.6300048828125,0.0208561384667365,0.2559577584357435,0.0735937166453424,0.4572172649657697,-0.0638820048948261,0.861762766701704,0.3429157279109005,0.8886897932288752,56.31475670724711,0.1662556437797042,0.1877047292350364,momentum_v1,
2026-07-15 00:00:00,LMT,Industrials,12.727272727272728,10.0,514.4600219726562,-0.0478781379878178,-0.1532948861557111,-0.0556618524231503,0.1156445180244165,-0.2347747055976594,0.2863021673858221,0.3360554822044244,-0.1057383013709729,60.73379550945788,-0.2429970008117504,-0.1945581803294994,momentum_v1,
2026-07-15 00:00:00,LOW,Consumer Discretionary,6.363636363636363,10.0,209.6600036621093,-0.0503668592203573,-0.1520431212525415,-0.2188249819037134,-0.0387412998753047,-0.2669668662923401,0.0146148097240665,0.3041886476231787,-0.5371789175474015,32.56434661853899,-0.2417452359085807,-0.1588547175106542,momentum_v1,
2026-07-15 00:00:00,MCD,Consumer Discretionary,10.0,30.0,264.95001220703125,-0.069730646823508,-0.1202857843465079,-0.1255515360013875,-0.1010379001235597,-0.2135194243050622,0.0015498739278212,0.2697229329843003,-0.4912383563293462,41.64640726255388,-0.2099878990025472,-0.1270973806046207,momentum_v1,
2026-07-15 00:00:00,MDLZ,Consumer Staples,32.72727272727273,40.0,58.720001220703125,-0.0599745676248906,0.0237241419488785,0.0874884013970744,-0.1017181568279557,-0.1412044553318635,0.1594809251776026,0.2948327881809789,0.1000595966040951,40.961190306613545,-0.0659779727071607,-0.0079337226155808,momentum_v1,
2026-07-15 00:00:00,META,Communication Services,40.909090909090914,70.0,681.3099975585938,0.2027611203260755,0.0293611737534909,0.0631733122957542,-0.051846233833833,-0.1347556591403693,0.2971572567056575,0.5613384405068683,-0.2341919855435482,73.4931990130091,-0.0603409409025483,0.0541127341504167,momentum_v1,
2026-07-15 00:00:00,MO,Consumer Staples,81.81818181818183,100.0,70.5199966430664,-0.0050791226713556,0.0907438731190881,0.2431488397928263,0.2954309318291723,-0.0476705774910513,0.3299329616132664,0.2349559698995112,0.4249527789314679,43.13550983778933,0.0010417584630488,0.0590860085546287,momentum_v1,
2026-07-15 00:00:00,MPC,Energy,99.0909090909091,100.0,299.17999267578125,0.1350633884100118,0.3411415297735656,0.7194195155052459,0.7368060016575211,-0.0139090352854223,0.9234204937290622,0.3766829166988173,0.6519611086243995,85.8153053946543,0.2514394151175263,0.3240287000269797,momentum_v1,
2026-07-15 00:00:00,MRK,Health Care,75.45454545454545,60.0,123.61000061035156,0.0457698462199418,0.0378368413210725,0.1486494773697022,0.5267420937493963,-0.0459246454180526,0.6352087317658008,0.3393954800585532,0.6106722792876887,54.46190607273054,-0.0518652733349667,-0.0304161878796345,momentum_v1,
2026-07-15 00:00:00,MS,Financials,91.81818181818184,90.0,228.5500030517578,0.0677911148419245,0.2532903126261385,0.2383819322648439,0.6257999830888397,0.0,0.6744147752031611,0.2960344087814898,0.8658644404896285,60.0741959860863,0.1635881979700992,0.157150258555712,momentum_v1,
2026-07-15 00:00:00,MSFT,Technology,11.818181818181818,40.0,395.6300048828125,0.0125147534694474,0.0085902077622055,-0.1672076218080531,-0.2072082143086031,-0.2655273165512836,0.1213049342159038,0.3808381832823904,-0.4611893154969951,65.9040650955826,-0.0811119068938337,-0.2202628030602473,momentum_v1,
2026-07-15 00:00:00,NEE,Utilities,51.81818181818182,50.0,89.0999984741211,0.0361670041587698,-0.0170560772638297,0.1139620273787163,0.2217485717167111,-0.0830341953960265,0.3039486643377951,0.1612933174459137,-0.4048711674769172,56.44597682205029,-0.106758191919869,0.003629303649892,momentum_v1,
2026-07-15 00:00:00,NEM,Materials,10.909090909090908,20.0,95.20999908447266,-0.0500848458977295,-0.2000644468052006,-0.1534574205403387,0.5820835388952781,-0.2752902035504456,0.677808482398786,0.4047600128295009,-0.7294963825695968,52.75812975083775,-0.2897665614612399,-0.1746621151219303,momentum_v1,
2026-07-15 00:00:00,NFLX,Communication Services,1.818181818181818,10.0,73.68000030517578,-0.0828976392369313,-0.3067369105057941,-0.1759311342428647,-0.4161416816565221,-0.4217412087001096,0.039210137086981,0.4095195681367867,-0.8822736965365506,55.10545036087212,-0.3964390251618334,-0.2819853501088682,momentum_v1,
2026-07-15 00:00:00,NKE,Consumer Discretionary,7.272727272727272,20.0,42.77000045776367,-0.0480747792731104,-0.0236944320649084,-0.3382215778304356,-0.3917833266627081,-0.4454360439349981,0.0495705633807035,0.3476121595238245,-0.1085448849592196,54.86182558049187,-0.1133965467209476,-0.0305060283230211,momentum_v1,
2026-07-15 00:00:00,NUE,Materials,93.63636363636364,100.0,236.8699951171875,-0.1084973941508377,0.2494830145779747,0.4355702849064051,0.6955863670308404,-0.1084973941508377,0.8141903973440279,0.3585772839852096,0.2676706243465373,47.6720734931652,0.1597808999219354,0.274885346261245,momentum_v1,
2026-07-15 00:00:00,NVDA,Technology,60.0,60.0,212.5,0.0356255054906058,0.0826302385970461,0.1504227471514307,0.2969038543739681,-0.0975326268291191,0.2880526971008086,0.3938919081201955,-0.0288263887275659,62.38532110091743,-0.0070718760589931,-0.1462227722254068,momentum_v1,
2026-07-15 00:00:00,O,Real Estate,50.0,30.0,63.2599983215332,0.0129642732074068,0.0043545250443179,0.1024551842500067,0.1374289125320122,-0.0471707458166127,0.1895079573561942,0.205734194441692,-0.0068403477790491,59.15248506398423,-0.0853475896117212,-0.0306552605168579,momentum_v1,
2026-07-15 00:00:00,ORCL,Technology,0.9090909090909092,10.0,132.49000549316406,-0.2779507186011368,-0.1843500809227856,-0.3481762727519708,-0.4155614123723594,-0.5918737764366073,0.0355635685863116,0.4697568197688317,-0.2025962247597266,24.476931232376884,-0.2740521955788249,-0.4132030917452385,momentum_v1,
2026-07-15 00:00:00,OXY,Energy,42.72727272727273,40.0,53.77000045776367,-0.0489918714699376,-0.0245871730031035,0.2704784280245229,0.2177048652359203,-0.1845054164457086,0.3945232877408933,0.3776189510262662,-0.3631471627717477,59.517045300607855,-0.1142892876591428,-0.0417000027496894,momentum_v1,
2026-07-15 00:00:00,PEP,Consumer Staples,13.636363636363637,10.0,135.39999389648438,-0.0614820136778059,-0.1213424519802083,-0.0234369867061536,0.0382887655483132,-0.1902929402363885,0.051945410018785,0.2974457399087749,-0.8164468523222991,39.85228059024655,-0.2110445666362476,-0.1530003165446677,momentum_v1,
2026-07-15 00:00:00,PFE,Health Care,20.0,20.0,24.81999969482422,-0.0530331720031193,-0.0693582899938781,0.0151293957992917,0.047512858625754,-0.1162977813640337,0.1208252304341361,0.2483519083053122,-0.703110943594045,58.94493105116676,-0.1590604046499174,-0.1376113191945852,momentum_v1,
2026-07-15 00:00:00,PG,Consumer Staples,43.63636363636363,50.0,148.0500030517578,-0.0104270941262586,0.0331404222024664,0.0471483068650417,-0.0094373236097765,-0.1078658303575927,0.0882636480131902,0.2470097826222193,0.2691315851393322,42.982780052254526,-0.0565616924535727,0.001482557638007,momentum_v1,
2026-07-15 00:00:00,PLD,Real Estate,65.45454545454545,60.0,143.4199981689453,-0.0287690486513788,0.0440943162280085,0.1283363881127226,0.3540580548728445,-0.0287690486513788,0.4226194908753633,0.2540861715898072,0.0089845652926234,56.521745917396494,-0.0456077984280307,0.0090845306668325,momentum_v1,
2026-07-15 00:00:00,PM,Consumer Staples,73.63636363636363,80.0,180.8800048828125,-0.0104199258500645,0.1436609396558237,0.1141177891427069,0.0369615997591241,-0.0494131239770235,0.2865377070423849,0.3004644046311926,0.4227356491915434,54.63517170604528,0.0539588249997844,0.1120030750913643,momentum_v1,
2026-07-15 00:00:00,PPG,Materials,55.45454545454545,80.0,115.30999755859376,-0.0337690539882926,0.0499528720275477,0.0803222172338058,0.0173786024795803,-0.1127332038842247,0.23889886381968,0.3140380932690348,0.5172994938792943,39.47269637191555,-0.0397492426284915,0.075355203710818,momentum_v1,
2026-07-15 00:00:00,PSA,Real Estate,64.54545454545455,50.0,314.67999267578125,-0.0255775367039693,0.0447475806210571,0.1491266459005675,0.1354976807574335,-0.0453829065279322,0.2414339276679367,0.2145940044382816,0.5717633771232693,46.9639994486706,-0.0449545340349821,0.0097377950598811,momentum_v1,
2026-07-15 00:00:00,PSX,Energy,94.54545454545456,80.0,196.1600036621093,0.09311789912533,0.2445460347898636,0.4347029006784391,0.5726252173736994,-0.0262595848412544,0.7139847391793193,0.373889249722887,0.4274074096370728,76.85402158683647,0.1548439201338243,0.2274332050432777,momentum_v1,
2026-07-15 00:00:00,QCOM,Technology,78.18181818181819,70.0,177.97999572753906,-0.159361445770976,0.3447557842810147,0.062115385893706,0.1778552730447578,-0.288354094583934,0.439811023905861,0.6009607263473141,0.1999353900379943,36.34573874328875,0.2550536696249754,0.1159027734585618,momentum_v1,
2026-07-15 00:00:00,RTX,Industrials,46.36363636363636,40.0,195.88999938964844,0.0673459417673456,-0.0300972611442496,0.0181032299824903,0.3331456162735842,-0.0728413893505197,0.3385255774245868,0.2925351514495508,0.2764133707345273,67.42839490954486,-0.1197993758002888,-0.0713605553180378,momentum_v1,
2026-07-15 00:00:00,SBUX,Consumer Discretionary,70.9090909090909,100.0,105.11000061035156,0.0200892825740677,0.0736881531412032,0.1828356764140368,0.1548255851819975,-0.0207750680419194,0.3660034445115367,0.2157586260414881,0.0575263461470553,54.72489413740235,-0.016013961514836,0.0668765568830904,momentum_v1,
2026-07-15 00:00:00,SCHW,Financials,53.63636363636364,40.0,102.79000091552734,0.1283205558420184,0.0485753564663604,0.0157723053279583,0.1229115992297495,-0.0345377857937818,0.2043351230603034,0.2855936272220395,0.2334014413663697,78.44311628011451,-0.0411267581896788,-0.047564697604066,momentum_v1,
2026-07-15 00:00:00,SHW,Materials,31.818181818181817,50.0,332.2900085449219,0.047242424609653,-0.0013442005441554,-0.0663863719671002,-0.0264344327338973,-0.1080976144544738,0.1340955923034876,0.2681779859013601,0.0366540492478171,49.221648933553,-0.0910463152001946,0.0240581311391149,momentum_v1,
2026-07-15 00:00:00,SLB,Energy,25.454545454545453,10.0,47.54999923706055,-0.1536134037243884,-0.0716778698830167,0.0649208952208213,0.3486699342162209,-0.1803137284454966,0.5277753247608818,0.3305916278849354,-0.4404988224852754,56.714286882052086,-0.161379984539056,-0.0887906996296026,momentum_v1,
2026-07-15 00:00:00,SO,Utilities,52.72727272727272,60.0,94.5999984741211,0.0063829624906499,-0.006010156493499,0.1082832556187267,0.0540767931420547,-0.0376019782875797,0.1433454456866212,0.2005244733084972,0.2337766776973807,46.02961494208908,-0.0957122711495382,0.0146752244202227,momentum_v1,
2026-07-15 00:00:00,SPG,Real Estate,86.36363636363636,90.0,222.009994506836,0.013559173263959,0.1058613135701367,0.2283496641669637,0.43180243205662,-0.0243891857589283,0.4541842393187576,0.2281237487566683,0.7533836153359836,49.76011077522262,0.0161591989140974,0.0708515280089607,momentum_v1,
2026-07-15 00:00:00,SPGI,Financials,33.63636363636363,10.0,444.4800109863281,0.1215186631518658,0.1073958887263646,-0.1331112492234158,-0.1063230831873602,-0.1602304627752121,0.2079117621178512,0.4272919351101292,0.029586095717199,77.11219459583904,0.0176937740703253,0.0112558346559381,momentum_v1,
2026-07-15 00:00:00,SRE,Utilities,50.90909090909091,40.0,92.77999877929688,0.0124938399185599,-0.0282543824545836,0.0560551972130451,0.2805523339258979,-0.0632274446936935,0.2876340286171248,0.1639250281939221,0.000115782984384,52.89023714159353,-0.1179564971106229,-0.0075690015408619,momentum_v1,
2026-07-15 00:00:00,T,Communication Services,8.181818181818182,30.0,21.43000030517578,-0.0790099450274576,-0.1523441354741459,-0.0756429882302048,-0.1737653185916282,-0.2459025305758535,0.0603977426361739,0.3314754158403749,-0.8842540400737207,42.79849705985416,-0.2420462501301852,-0.1275925750772201,momentum_v1,
2026-07-15 00:00:00,TJX,Consumer Discretionary,26.36363636363636,60.0,150.97000122070312,-0.1035568081596691,-0.0550007650562789,-0.0331464474864712,0.2367722222166666,-0.1035568081596691,0.2592959109351547,0.2631656405327334,-7.9020960004339e-06,25.330081516336406,-0.1447028797123182,-0.0618123613143917,momentum_v1,
2026-07-15 00:00:00,TMO,Health Care,37.27272727272727,40.0,535.2899780273438,0.1416597001340542,0.0163244574718617,-0.1285136184419594,0.2630870139264192,-0.1612224462314172,0.3267185926257836,0.2691643381393383,0.1172280063474692,73.15418764578244,-0.0733776571841775,-0.0519285717288453,momentum_v1,
2026-07-15 00:00:00,TMUS,Communication Services,21.818181818181817,50.0,187.6199951171875,-0.0078266046459984,-0.0071684746988669,-0.0403269293283033,-0.1621500791421237,-0.2619764640154627,0.1185834370493741,0.3547282310219968,-0.4454895238430999,57.04559914296391,-0.0968705893549062,0.0175830856980588,momentum_v1,
2026-07-15 00:00:00,TSLA,Consumer Discretionary,40.0,80.0,394.4599914550781,-0.0294515696095585,0.0830861566002514,-0.1213916630374248,0.2447459736585819,-0.1947824211575249,0.3034397947679543,0.580660814830148,0.00959033947648,55.76045279923806,-0.0066159580557878,0.0762745603421386,momentum_v1,
2026-07-15 00:00:00,UNH,Health Care,96.36363636363636,100.0,418.5199890136719,0.030329828745454,0.3396682201953518,0.2457273582780446,0.4296651550690644,-0.0304855538486662,0.8073294688236441,0.2593585751531351,0.8318875679890994,56.71027283882524,0.2499661055393125,0.2714151909946447,momentum_v1,
2026-07-15 00:00:00,UNP,Industrials,84.54545454545455,90.0,288.3599853515625,0.0574256415237794,0.1500481976981948,0.2695986902776603,0.2640163780697175,-0.0026632294063083,0.3637212856069802,0.2228647146356089,0.4906937131684055,89.64260733324188,0.0603460830421556,0.1087849035244066,momentum_v1,
2026-07-15 00:00:00,UPS,Industrials,72.72727272727273,70.0,112.94000244140624,0.0447733953339863,0.1126119534402663,0.0778985275082979,0.2056230862927823,-0.0296219134785812,0.4346044899204,0.2585543387364793,0.4162475250089987,69.76745423914963,0.022909838784227,0.071348659266478,momentum_v1,
2026-07-15 00:00:00,VLO,Energy,98.1818181818182,90.0,292.6600036621094,0.1314029012638951,0.2481979491688286,0.6470820100553951,1.016175220588869,-0.0290946131001134,1.2593491133949115,0.4583581371306846,0.596925481122136,76.30669861950076,0.1584958345127893,0.2310851194222427,momentum_v1,
2026-07-15 00:00:00,VMC,Materials,29.09090909090909,40.0,289.1099853515625,0.009215569238,-0.0241703746119134,-0.0626135981226062,0.0788430488800073,-0.1214893280617749,0.1270903276626793,0.3367871593732415,0.075170970793489,36.334917170820006,-0.1138724892679526,0.0012319570713569,momentum_v1,
2026-07-15 00:00:00,VZ,Communication Services,27.27272727272727,60.0,42.83000183105469,-0.0945722696070548,-0.0422135257272888,0.1098219431957545,0.1004250517887301,-0.1394452272999888,0.171417509098662,0.3081647675048984,-0.4287804065670942,38.33605080932967,-0.1319156403833281,-0.017461965330363,momentum_v1,
2026-07-15 00:00:00,WBD,Communication Services,80.9090909090909,90.0,27.270000457763672,0.0107487368587,-0.003653649192673,-0.0397887033783376,1.270607821653854,-0.0903935665727667,1.529684706239551,0.2019162005509451,-0.2747933109572841,50.91863267408715,-0.0933557638487123,0.0210979112042527,momentum_v1,
2026-07-15 00:00:00,WEC,Utilities,47.27272727272727,30.0,112.97000122070312,-0.0041431700510222,-0.0219934506762101,0.0942668287857013,0.1031851714048388,-0.0494741045764363,0.1143443652181543,0.1947921925410705,0.1035577215249486,42.82609218460141,-0.1116955653322494,-0.0013080697624884,momentum_v1,
2026-07-15 00:00:00,WELL,Real Estate,87.27272727272727,100.0,233.2899932861328,0.0889697891925207,0.1094668832448646,0.2583940922144541,0.498560679684211,-0.0180984179386177,0.5115658484373984,0.2501541466135576,0.33455905855525,65.79648738873459,0.0197647685888253,0.0744570976836886,momentum_v1,
2026-07-15 00:00:00,WFC,Financials,49.09090909090909,30.0,87.51000213623047,0.0451450928908132,0.0772376625314728,-0.0686302436137641,0.0719185932900787,-0.0824476412253005,0.191909620249008,0.273194632436766,0.4096514044267544,59.547891158747326,-0.0124644521245664,-0.0189023915389536,momentum_v1,
2026-07-15 00:00:00,WMB,Energy,74.54545454545455,70.0,74.37999725341797,0.0319089256927898,0.0488417392995741,0.2670948700914319,0.2997868360441404,-0.0563066139222708,0.3577391067108415,0.2708236273958584,0.086418274181138,44.9077067810328,-0.0408603753564651,0.0317289095529882,momentum_v1,
2026-07-15 00:00:00,WMT,Consumer Staples,16.363636363636363,20.0,112.52999877929688,-0.0703073535348823,-0.0984026611352271,-0.04233164776191,0.1847029831285713,-0.1614753998638534,0.1938015854997472,0.2502281277281089,-0.7114384387968563,35.65409152301066,-0.1881047757912664,-0.1300605256996865,momentum_v1,
2026-07-15 00:00:00,XEL,Utilities,54.54545454545454,70.0,79.25,0.0079235009263718,0.0002216625771751,0.0869986665046758,0.1810550575805865,-0.0413790099366619,0.1955742101091162,0.2151043348939019,0.01765701389023,40.57725562327157,-0.0894804520788641,0.0209070434908968,momentum_v1,
2026-07-15 00:00:00,XOM,Energy,44.54545454545455,50.0,144.50999450683594,-0.0170056465098619,-0.025121633243795,0.1808482186107456,0.3089573730867831,-0.1515083995284588,0.409018569138877,0.2948228795734708,-0.3924485217407271,66.99419566279643,-0.1148237478998343,-0.0422344629903809,momentum_v1,
2026-07-16 00:00:00,AAPL,Technology,92.72727272727272,80.0,333.260009765625,0.1242830938163763,0.2519875969091787,0.2789855687770159,0.6000291866399914,0.0,0.6532369392329755,0.3586408054866836,0.4999449638940484,89.86142122479706,0.1766754168034658,0.0694748127273103,momentum_v1,
2026-07-16 00:00:00,ABBV,Health Care,90.0,80.0,254.38999938964844,0.156192599375595,0.2292520754136577,0.1796358757491285,0.4071672952694214,-0.0186513137486268,0.4188903181308852,0.3763677665901714,0.8593550222609445,62.52448462191854,0.1539398953079449,0.129478196612629,momentum_v1,
2026-07-16 00:00:00,ABT,Health Care,13.636363636363637,10.0,98.83000183105467,0.1225317699158603,-0.0199400018203276,-0.1901311866782311,-0.2310111700012668,-0.2598862974380586,0.2056066868503174,0.472521138126093,0.062776585124275,61.73767999287063,-0.0952521819260404,-0.1197138806213563,momentum_v1,
2026-07-16 00:00:00,ADBE,Technology,3.636363636363636,30.0,235.3099975585937,0.140288800458503,-0.0382163245465677,-0.2407640334288256,-0.3538634678152588,-0.3689221427306337,0.2166381940082291,0.4117858934564046,-0.4216104025181016,80.41523523099539,-0.1135285046522805,-0.2207291087284361,momentum_v1,
2026-07-16 00:00:00,AEP,Utilities,58.18181818181818,80.0,133.1300048828125,0.0295414693089588,-0.0021812968406134,0.1589532369678485,0.3155744218356686,-0.0400893897232623,0.3019810394558928,0.2234528090996457,0.0433608227062238,41.24038986247056,-0.0774934769463262,0.0034608307338356,momentum_v1,
2026-07-16 00:00:00,AMD,Technology,100.0,100.0,500.9400024414063,-0.0846398539956467,0.940725290243313,1.2670045692811995,2.219201853843335,-0.1376632772721021,2.3144105098872694,0.7530581660424919,0.7654116035618994,45.20452214378013,0.8654131101376001,0.7582125060614446,momentum_v1,
2026-07-16 00:00:00,AMT,Real Estate,17.272727272727273,20.0,168.9199981689453,-0.0906545910630446,-0.036485440411811,-0.0099084806194437,-0.1985870518677739,-0.2449092970970078,0.0420084975199173,0.3311982735143665,-0.1167276228391348,50.29052460227144,-0.1117976205175238,-0.0928862212416427,momentum_v1,
2026-07-16 00:00:00,AMZN,Consumer Discretionary,30.0,70.0,249.88999938964844,0.0157304083000566,0.0055935589120661,0.0300494357078549,0.1039982003595236,-0.0912760163500269,0.2570552232473979,0.336477580619602,-0.3939654615033775,75.5699533641965,-0.0697186211936466,0.0107229038416243,momentum_v1,
2026-07-16 00:00:00,APD,Materials,46.36363636363636,70.0,297.2900085449219,0.0571698262065845,0.0133017187935575,0.1308601356786201,0.0647575658609502,-0.0537890886570653,0.3139604535845472,0.3987795383711111,-0.0432090037817949,60.6802560325877,-0.0620104613121552,0.0191351083291972,momentum_v1,
2026-07-16 00:00:00,AVB,Real Estate,72.72727272727273,70.0,195.5,0.0696188328827434,0.1519836114863455,0.1158296985350579,0.0189725691624411,-0.006089388660194,0.240728205479805,0.2496922195978822,0.5731866876955221,65.21246428090011,0.0766714313806327,0.0955828306565138,momentum_v1,
2026-07-16 00:00:00,AVGO,Technology,24.545454545454547,50.0,374.4500122070313,-0.0479701321236712,-0.0546414376440913,0.0598386675618733,0.3426127334407789,-0.2212084796902296,0.3539381685012728,0.5179370481264884,-0.3008884773838256,48.38335785020278,-0.1299536177498041,-0.2371542218259597,momentum_v1,
2026-07-16 00:00:00,AXP,Financials,63.63636363636363,60.0,361.5700073242188,0.0810416788514243,0.101804364708822,0.0159383614478825,0.1763641858809999,-0.0529400846571977,0.2444176261388151,0.2401877319573795,0.4580888681886854,64.57618114089185,0.0264921846031092,0.0102038788966392,momentum_v1,
2026-07-16 00:00:00,BA,Industrials,18.181818181818183,20.0,214.33999633789065,-0.0638130631364646,-0.0428258681353844,-0.1235330457447321,-0.0680869724439537,-0.1499504202808586,0.1966279710853096,0.2780517385717395,-0.1672701978105519,46.11909630336113,-0.1181380482410973,-0.0978160793950674,momentum_v1,
2026-07-16 00:00:00,BAC,Financials,81.81818181818183,80.0,61.4900016784668,0.1005907079653569,0.1378772415021878,0.1396939380606339,0.3614184254600705,-0.0016236154225255,0.3986971541583193,0.2074497102510377,0.6468463526532646,67.4418782829183,0.062565061396475,0.046276755690005,momentum_v1,
2026-07-16 00:00:00,BKNG,Consumer Discretionary,20.909090909090907,50.0,184.6100006103516,0.0570888757188925,-0.0033168672126155,-0.1274391886409736,-0.1799392800213701,-0.1941381759906003,0.2007662171311788,0.4141512927143249,0.0313029439925643,58.33333333333333,-0.0786290473183284,0.0018124777169425,momentum_v1,
2026-07-16 00:00:00,BLK,Financials,32.72727272727273,10.0,1087.050048828125,0.0423639129688193,0.0425098586454335,0.0089225909661514,0.060858043881435,-0.0814723114120731,0.1845007566142813,0.3492844533459788,-0.1886700148654586,74.55740351379677,-0.0328023214602792,-0.0490906271667492,momentum_v1,
2026-07-16 00:00:00,BMY,Health Care,62.727272727272734,50.0,60.5099983215332,0.0880698682312082,0.0570573758458463,0.1055796657904644,0.3658064757775061,-0.0087539895533287,0.4684186910537669,0.3682955985426135,-0.0228459299787844,64.98170927861952,-0.0182548042598664,-0.0427165029551823,momentum_v1,
2026-07-16 00:00:00,C,Financials,56.36363636363636,40.0,131.7100067138672,-0.0672756854919621,0.0048829990629586,0.1437903330585301,0.4847444997522629,-0.0958329898438495,0.4962901508130293,0.2974799882078291,0.5159132931870565,29.82670201226827,-0.0704291810427542,-0.0867174867492241,momentum_v1,
2026-07-16 00:00:00,CAT,Industrials,93.63636363636364,100.0,877.1699829101562,-0.0607754437813943,0.1410987204163218,0.383903522785334,1.1912396326647268,-0.1762888883463031,1.1663772822982763,0.536422452661807,0.5723181762327042,26.03284132247029,0.065786540310609,0.0861085091566389,momentum_v1,
2026-07-16 00:00:00,CL,Consumer Staples,73.63636363636363,70.0,94.06999969482422,0.0385294523429011,0.1337241650147287,0.1479537699283322,0.0941306319924744,-0.0452428443407998,0.2701284092366471,0.2618720973245101,0.7188679488727758,57.40286029197359,0.0584119849090158,0.0677804551062457,momentum_v1,
2026-07-16 00:00:00,CMCSA,Communication Services,4.545454545454546,20.0,24.100000381469727,0.0191225297430968,-0.1368068536027725,-0.122116637431311,-0.2234900607873801,-0.2467052665893857,0.0944609039838515,0.3235648664342636,-0.6955942018529802,65.54849526897777,-0.2121190337084854,-0.0991710300160965,momentum_v1,
2026-07-16 00:00:00,CMG,Consumer Discretionary,11.818181818181818,30.0,34.20000076293945,0.0449129618473158,-0.0297872123988807,-0.132199926532473,-0.3660796982521475,-0.3658446028293977,0.2136266995234199,0.4604791628180461,-0.0006651519985862,57.88178381308855,-0.1050993925045935,-0.0246578674693225,momentum_v1,
2026-07-16 00:00:00,COP,Energy,34.54545454545455,20.0,112.83999633789062,0.0051665258384399,-0.0440750827715801,0.187676217196028,0.2596446274452826,-0.1503842300194013,0.3498276364971822,0.3103060442744306,-0.582552352128173,63.80418702590652,-0.1193872628772929,-0.0740467182347757,momentum_v1,
2026-07-16 00:00:00,COST,Consumer Staples,23.63636363636364,30.0,945.5700073242188,-0.0345908463531174,-0.0383934545139905,0.0066945017790402,-0.0173478904009527,-0.1359291123855214,0.1155714857564662,0.2613043203423527,-0.5326692919450753,50.993975190245166,-0.1137056346197034,-0.1043371644224735,momentum_v1,
2026-07-16 00:00:00,CRM,Technology,2.727272727272727,20.0,172.67999267578125,0.0494074109586386,-0.0251933138379277,-0.2800188419384293,-0.3239322624903176,-0.3556280106121819,0.1502797648040346,0.416373351201956,-0.357733971519603,72.8046961548221,-0.1005054939436406,-0.2077060980197961,momentum_v1,
2026-07-16 00:00:00,CSCO,Technology,95.45454545454544,90.0,109.66000366210938,-0.0840456078293074,0.336452668450419,0.4663664292938743,0.6661310481099219,-0.153305866084852,0.6907958777740018,0.3811420225068445,0.5771618862221366,38.67823910174253,0.2611404883447061,0.1539398842685506,momentum_v1,
2026-07-16 00:00:00,CVX,Energy,47.27272727272727,40.0,183.8600006103516,0.0191796387523859,0.0034287186603638,0.1433396990060935,0.2712227686092576,-0.1212691612192586,0.2798008347656959,0.2604721104437559,-0.3405028516908283,68.1789882971247,-0.0718834614453489,-0.0265429168028317,momentum_v1,
2026-07-16 00:00:00,D,Utilities,86.36363636363636,100.0,71.69000244140625,0.051944252916606,0.1607542112081676,0.2399100920060581,0.3237168054825365,0.0,0.3093612786675064,0.149812016056804,0.8613420445865452,63.4900851035302,0.0854420311024548,0.1663963387826167,momentum_v1,
2026-07-16 00:00:00,DE,Industrials,60.0,60.0,598.969970703125,0.04353398109872,0.0414165140122628,0.2057152001631614,0.2045859709990514,-0.0908860659349861,0.3763346335562705,0.3291346560785804,0.1726231478511075,38.62683585325603,-0.0338956660934499,-0.01357369724742,momentum_v1,
2026-07-16 00:00:00,DHR,Health Care,29.09090909090909,30.0,205.009994506836,0.1343749804753429,0.0368189977496482,-0.126026341499398,0.0708411096070429,-0.1494599808210388,0.2688240759296045,0.299481189038089,0.2849655242544364,64.76997100091367,-0.0384931823560645,-0.0629548810513804,momentum_v1,
2026-07-16 00:00:00,DIS,Communication Services,19.090909090909093,40.0,99.70999908447266,-0.0119577167261972,-0.024902782668903,-0.11069196949246,-0.1498250235227504,-0.1772098935601126,0.0871459350654935,0.277103546952511,-0.5727175678894507,57.90108588717538,-0.1002149627746158,0.012733040917773,momentum_v1,
2026-07-16 00:00:00,DLR,Real Estate,16.363636363636363,10.0,173.60000610351562,-0.0611140517359617,-0.1069678571851879,0.0948126490000074,0.0437194228111093,-0.1429676841404219,0.1893960326388826,0.3315694415136704,-0.6724498582678073,26.50873632131581,-0.1822800372909008,-0.1633686380150196,momentum_v1,
2026-07-16 00:00:00,DOW,Materials,6.363636363636363,10.0,29.299999237060547,-0.1182666373552197,-0.2379522229133055,0.1280039264449504,0.1015585319482808,-0.2930991654949899,0.4773656800884556,0.3735786531989139,-0.8278094503317119,49.941382015962255,-0.3132644030190183,-0.2321188333776658,momentum_v1,
2026-07-16 00:00:00,DUK,Utilities,44.54545454545455,10.0,126.11000061035156,0.0066251743226537,-0.0060966099092037,0.0927941784601837,0.1145755648907977,-0.0469073293184963,0.1252904196639028,0.2225491332240726,0.0108793222030755,47.77580179874428,-0.0814087900149166,-0.0004544823347547,momentum_v1,
2026-07-16 00:00:00,EA,Communication Services,64.54545454545455,80.0,207.83999633789065,0.0232375016451726,0.0236002919977027,0.0191031878300198,0.4028396452868827,0.0,0.4118572984698645,0.0433573328793928,0.521904073248586,78.1194383203693,-0.05171188810801,0.0612361155843788,momentum_v1,
2026-07-16 00:00:00,ECL,Materials,41.81818181818181,60.0,275.7099914550781,0.0293447271698954,0.0225299261923959,0.0133886267619536,0.0521800400050078,-0.1010139988419459,0.1250617201699335,0.2303218403446368,0.2328517814361784,42.28711613936071,-0.0527822539133169,0.0283633157280356,momentum_v1,
2026-07-16 00:00:00,ED,Utilities,60.909090909090914,90.0,112.38999938964844,0.0433531202750094,0.0276697946806554,0.13982415618965,0.1618309301741218,-0.0184356051805116,0.2051173373510504,0.2043778524836242,0.2023192395308076,54.58121745231414,-0.0476423854250573,0.0333119222551044,momentum_v1,
2026-07-16 00:00:00,EOG,Energy,69.0909090909091,60.0,138.4600067138672,0.0490984330663681,0.053969794170694,0.3038245586482639,0.1978499960727808,-0.069083605779036,0.3840165652816965,0.2978802946801473,-0.0034158930585724,58.1085715940727,-0.0213423859350188,0.0239981587074984,momentum_v1,
2026-07-16 00:00:00,EQIX,Real Estate,50.0,30.0,1009.1400146484376,-0.0518987485493556,-0.036894141100928,0.2724894006356539,0.3580865196498393,-0.0957040095036196,0.4043141311522167,0.2717432760242455,-0.2965918092450003,30.81512714388549,-0.1122063212066408,-0.0932949219307597,momentum_v1,
2026-07-16 00:00:00,EQR,Real Estate,80.0,80.0,70.0,0.0687085141976286,0.1537867840241908,0.1892955570639343,0.1062667356025588,-0.0021382968298806,0.234627358455973,0.2228661465011658,0.6954919279339661,65.46743153492756,0.078474603918478,0.0973860031943592,momentum_v1,
2026-07-16 00:00:00,ETN,Industrials,39.09090909090909,40.0,396.2699890136719,-0.0265071699740496,0.005834782507659,0.1992422178404362,0.107035679270216,-0.0906650371203361,0.2621243386834808,0.5098223180493809,-0.0034750731621696,42.07095817009413,-0.0694773975980538,-0.0491554287520239,momentum_v1,
2026-07-16 00:00:00,EXC,Utilities,45.45454545454545,20.0,46.790000915527344,0.0132091945933399,-0.0135749553903022,0.0995947739629048,0.1287136785280336,-0.0608464658463291,0.1313478364896383,0.2409669743241114,0.1639451853436324,50.22075547804529,-0.0888871354960151,-0.0079328278158532,momentum_v1,
2026-07-16 00:00:00,FCX,Materials,14.545454545454543,30.0,58.560001373291016,-0.1629525087837037,-0.1455292606138167,-0.006100659226254,0.3415577610409777,-0.1815094859924404,0.6748593687487296,0.4479838105789498,-0.0039973535283067,39.53444583968369,-0.2208414407195296,-0.139695871078177,momentum_v1,
2026-07-16 00:00:00,GE,Industrials,68.18181818181817,70.0,345.7300109863281,0.0113976038668666,0.1026693365645157,0.0593931256642901,0.3129017682118216,-0.0870127345694343,0.3416438596262685,0.2846265539550022,0.8371993300120935,30.87168962841081,0.0273571564588028,0.0476791253048327,momentum_v1,
2026-07-16 00:00:00,GOOGL,Communication Services,75.45454545454545,90.0,354.4599914550781,-0.0403141042436164,0.0520636759233612,0.0564079014409963,0.9531384131764068,-0.1190907031433859,0.9427840285502792,0.3638394552190748,-0.0146316754915343,56.111430340076005,-0.0232485041823515,0.0896994995100373,momentum_v1,
2026-07-16 00:00:00,GS,Financials,89.0909090909091,100.0,1095.4599609375,0.0179245994633612,0.2232352608222454,0.1789994554982297,0.5907420102908898,-0.0491376287819235,0.5955115210888156,0.4424361405473281,0.7630396772106777,54.69179735529958,0.1479230807165326,0.1316347750100626,momentum_v1,
2026-07-16 00:00:00,HD,Consumer Discretionary,33.63636363636363,90.0,348.0199890136719,0.055181557471625,0.0345824617249852,-0.0704835850832259,-0.003811731309588,-0.1609809059263391,0.1785498071046265,0.3254017263124925,0.1640209803459629,52.4175387662708,-0.0407297183807275,0.0397118066545434,momentum_v1,
2026-07-16 00:00:00,HON,Industrials,21.818181818181817,30.0,226.3300018310547,-0.0510282781201422,-0.0654563966666382,0.0370409859716518,-0.0056580456138951,-0.1251746818098658,0.1590782800982071,0.3457491162190541,0.0013734782098491,35.890357975469584,-0.1407685767723511,-0.1204466079263212,momentum_v1,
2026-07-16 00:00:00,JNJ,Health Care,78.18181818181819,60.0,249.97000122070312,0.0607230643139236,0.053369089423404,0.1829820777359581,0.6511941701335255,-0.0646235205985665,0.5720688227309434,0.3223634619666931,0.6505769792848448,54.00094129071011,-0.0219430906823088,-0.0464047893776247,momentum_v1,
2026-07-16 00:00:00,JPM,Financials,74.54545454545455,70.0,343.1499938964844,0.0791980199559234,0.1267148214846134,0.1143773133731949,0.220431716331769,-0.0108385740564784,0.2249325076436141,0.2503802774377011,0.543605383440007,58.77477090790191,0.0514026413789006,0.0351143356724306,momentum_v1,
2026-07-16 00:00:00,KMB,Consumer Staples,66.36363636363637,60.0,108.98999786376952,0.0567190082290054,0.1412769454265634,0.1329049366310823,-0.0980178732862826,-0.1640985728594852,0.1873939822126173,0.3274865268890892,0.7011670281469378,51.71351333248334,0.0659647653208506,0.0753332355180804,momentum_v1,
2026-07-16 00:00:00,KO,Consumer Staples,80.9090909090909,80.0,84.91999816894531,0.0495611707494438,0.1348861253034603,0.207972205849747,0.259010831287793,0.0,0.3196344974778988,0.2310731303181126,0.718045686609039,64.00993814785608,0.0595739451977475,0.0689424153949773,momentum_v1,
2026-07-16 00:00:00,LIN,Materials,67.27272727272727,90.0,520.739990234375,-0.0014190194486657,0.0490956568015963,0.183430455599983,0.1458869710719346,-0.0473804034099473,0.3460921567346702,0.2117467558794663,0.599043566627375,49.18378226602642,-0.0262165233041165,0.054929046337236,momentum_v1,
2026-07-16 00:00:00,LLY,Health Care,91.81818181818184,90.0,1169.1700439453125,0.0352592811973235,0.2940815324082078,0.0890719402062516,0.5256765284277458,-0.053732729693447,0.8819477677141176,0.3440891577173514,0.8795894004223717,56.60847482612655,0.2187693523024949,0.194307653607179,momentum_v1,
2026-07-16 00:00:00,LMT,Industrials,10.909090909090908,10.0,513.52001953125,-0.0317519539283298,-0.1541780388600023,-0.0693071234545995,0.1217783417957134,-0.2361728971271117,0.2839519813173694,0.3307689036764061,-0.0720146525283974,54.52804478087032,-0.2294902189657152,-0.2091682501196853,momentum_v1,
2026-07-16 00:00:00,LOW,Consumer Discretionary,9.090909090909092,20.0,216.1600036621093,-0.0183023694746053,-0.1098093848460513,-0.20447384493603,0.0251233801381858,-0.2442409515452495,0.0460704815165511,0.3252814193718196,-0.5142330670924761,42.75673294257364,-0.1851215649517641,-0.1046800399164931,momentum_v1,
2026-07-16 00:00:00,MCD,Consumer Discretionary,12.727272727272728,40.0,273.4599914550781,-0.0442471825743047,-0.1010428049010004,-0.1053108314882719,-0.0651654416750857,-0.1882583068497211,0.0337188426023715,0.2954927480810246,-0.467831145795515,58.47584923781442,-0.1763549850067133,-0.0959134599714423,momentum_v1,
2026-07-16 00:00:00,MDLZ,Consumer Staples,53.63636363636364,50.0,61.41999816894531,0.007070434704669,0.0946417441077513,0.1167512507274091,-0.047743743812892,-0.1017162860272888,0.2127949622811344,0.329360835703587,0.0818339181379257,52.27282407650869,0.0193295640020385,0.0286980341992684,momentum_v1,
2026-07-16 00:00:00,META,Communication Services,28.18181818181818,60.0,664.5399780273438,0.1197344474913344,-0.0095657419158173,0.0548817753615606,-0.061476042553892,-0.1560531075082419,0.2652285420118947,0.5550517125722311,-0.1674100957939309,72.94707133291263,-0.0848779220215302,0.0280700816708586,momentum_v1,
2026-07-16 00:00:00,MO,Consumer Staples,84.54545454545455,100.0,73.02999877929688,0.0494324273952178,0.150607777508656,0.2529369058786286,0.3335097937628017,-0.0137745338342254,0.3772689618060689,0.2558197645954236,0.4082982614336248,49.2890989548462,0.0752955974029432,0.084664067600173,momentum_v1,
2026-07-16 00:00:00,MPC,Energy,99.0909090909091,100.0,305.8500061035156,0.2192059529593055,0.3765739559624039,0.7546539610963106,0.7756283539101687,0.0,0.9663018388538188,0.3234034363278106,0.6525538513857474,85.74162070605512,0.3012617758566911,0.3466023204992083,momentum_v1,
2026-07-16 00:00:00,MRK,Health Care,83.63636363636363,70.0,127.62999725341795,0.1107919543819317,0.090312202511964,0.1961937247147971,0.6179698156369364,-0.0148965756525499,0.6883885282523448,0.3360409255424759,0.6553082682375874,53.3130702189497,0.0150000224062512,-0.0094616762890646,momentum_v1,
2026-07-16 00:00:00,MS,Financials,85.45454545454545,90.0,218.3699951171875,0.0017891522033788,0.1457234164889236,0.2078889448475918,0.5794951101759704,-0.0445417099043526,0.5998334780265,0.3334862674133703,0.8634239255664732,47.43909731696558,0.0704112363832107,0.0541229306767407,momentum_v1,
2026-07-16 00:00:00,MSFT,Technology,8.181818181818182,40.0,401.1000061035156,0.0033520019640689,-0.0224970966629939,-0.1440155440701338,-0.2006962928762525,-0.2553724586652452,0.1368081551123021,0.375342921113028,-0.4588624141249809,77.52310308321843,-0.0978092767687067,-0.2050098808448622,momentum_v1,
2026-07-16 00:00:00,NEE,Utilities,48.18181818181818,30.0,89.3499984741211,0.0375057550455926,-0.013541803893716,0.1099723740987557,0.2307529901341416,-0.0804613395590246,0.3076074766856016,0.1613323053114788,-0.3914309559857726,57.08155068569584,-0.0888539839994289,-0.007899676319267,momentum_v1,
2026-07-16 00:00:00,NEM,Materials,7.272727272727272,20.0,90.83000183105467,-0.1414933911994287,-0.194602926938037,-0.2041669555019426,0.6006233483232355,-0.3086295018784177,0.5829582618408875,0.374068052484413,-0.7433619972930087,40.69193103251072,-0.2699151070437499,-0.1887695374023973,momentum_v1,
2026-07-16 00:00:00,NFLX,Communication Services,1.818181818181818,10.0,74.3499984741211,-0.0896289930077116,-0.3097205542095367,-0.1768157802774913,-0.4100470675167542,-0.4164828980358487,0.0486600405358654,0.4056452807027946,-0.8861931506317599,59.71830126265405,-0.3850327343152495,-0.2720847306228606,momentum_v1,
2026-07-16 00:00:00,NKE,Consumer Discretionary,5.454545454545454,10.0,44.56999969482422,-0.0139380764929496,-0.0103693988767409,-0.3172353606946625,-0.3638971373580539,-0.4220968544976525,0.0937423237993673,0.3792617681846006,-0.0834418757373357,67.23003588322229,-0.0856815789824537,-0.0052400539471827,momentum_v1,
2026-07-16 00:00:00,NUE,Materials,94.54545454545456,100.0,235.6699981689453,-0.0889681333745449,0.2460378966540553,0.3987169549750597,0.725885972557007,-0.113013797361129,0.8049993940432996,0.3502146534420405,0.2268825952205229,39.23861044765975,0.1707257165483424,0.251871286189695,momentum_v1,
2026-07-16 00:00:00,NVDA,Technology,40.0,60.0,207.3999938964844,-0.0237703135999014,0.0441077919049142,0.1175553200393673,0.2166152962084617,-0.119191869706273,0.2571393953743903,0.3839953149102153,-0.0407783393560101,60.34787540229001,-0.0312043882007986,-0.1384049922769541,momentum_v1,
2026-07-16 00:00:00,O,Real Estate,59.09090909090909,40.0,65.75,0.0626628854803519,0.0414391560580984,0.1392719591839,0.2247640125634473,-0.0096660587290491,0.2363286479814472,0.2418752635553404,0.0002794516262196,68.35283165156964,-0.0338730240476143,-0.0149616247717332,momentum_v1,
2026-07-16 00:00:00,ORCL,Technology,0.9090909090909092,10.0,124.20999908447266,-0.352979027406696,-0.2659906785213388,-0.3816923672426389,-0.4653315587739277,-0.617379758824345,0.0,0.4414430069271861,-0.2506584459570395,22.934273765775544,-0.3413028586270517,-0.4485034627032072,momentum_v1,
2026-07-16 00:00:00,OXY,Energy,40.909090909090914,30.0,53.650001525878906,-0.0148732569263794,-0.0346085071535898,0.2503743825932276,0.2827239007576301,-0.1863253621059508,0.3914111191786336,0.3560039696450101,-0.3752583363762134,58.664780270214905,-0.1099206872593027,-0.0645801426167854,momentum_v1,
2026-07-16 00:00:00,PEP,Consumer Staples,15.454545454545451,10.0,139.42999267578125,-0.0466325287126068,-0.0901069255932059,-0.009229619572436,0.0832552792738881,-0.166193098216232,0.070929938742283,0.3134650523178987,-0.8152377858490801,49.871887923324735,-0.1654191056989188,-0.1560506355016889,momentum_v1,
2026-07-16 00:00:00,PFE,Health Care,22.727272727272727,20.0,25.13999938964844,-0.0330769465519831,-0.060133192602173,0.033123342414163,0.0929220020888952,-0.1049043710596023,0.1352757263689721,0.2529936218042023,-0.6781371475198602,67.05334332293512,-0.1354453727078859,-0.1599070714032018,momentum_v1,
2026-07-16 00:00:00,PG,Consumer Staples,52.72727272727272,40.0,151.5,0.0069120911852049,0.0645892207905278,0.0657553859069426,0.0208158462814627,-0.0870765017574921,0.1136232406830395,0.2596792336270153,0.2758345243727129,55.2928729492971,-0.0107229593151849,-0.0013544891179551,momentum_v1,
2026-07-16 00:00:00,PLD,Real Estate,70.0,50.0,150.05999755859375,0.0178389030894621,0.0814128841035912,0.1700591565459888,0.4262690632321728,0.0,0.4884833360274667,0.3027973832850025,0.0188021433837882,68.43326214534392,0.0061007039978784,0.0250121032737595,momentum_v1,
2026-07-16 00:00:00,PM,Consumer Staples,82.72727272727273,90.0,189.83999633789065,0.0528237442444776,0.2177229883819944,0.164441490188121,0.0873054992443873,-0.0023252753671488,0.3502670665655885,0.3421001076357507,0.4137967269883967,61.89750214987633,0.1424108082762816,0.1517792784735114,momentum_v1,
2026-07-16 00:00:00,PPG,Materials,65.45454545454545,80.0,118.68000030517578,-0.0234509874331259,0.1089283933360323,0.1166491477161584,0.0660771301685101,-0.0868023080107613,0.2751065189629944,0.324752464841051,0.5168341018509286,43.55955576219964,0.0336162132303194,0.114761782871672,momentum_v1,
2026-07-16 00:00:00,PSA,Real Estate,70.9090909090909,60.0,324.5,0.0109663807501763,0.0923339907955291,0.1823189258584452,0.1903992161638443,-0.0155928116127508,0.2801745230218753,0.2410381870280044,0.5762436403229246,53.11465115644139,0.0170218106898163,0.0359332099656974,momentum_v1,
2026-07-16 00:00:00,PSX,Energy,97.27272727272728,80.0,201.32000732421875,0.1619532131306613,0.2560801852725956,0.4847399475681866,0.6233043451727835,-0.0006452699230212,0.7590711194967563,0.3526904117488756,0.4354727329224425,77.7402449596321,0.1807680051668827,0.2261085498093999,momentum_v1,
2026-07-16 00:00:00,QCOM,Technology,61.81818181818181,70.0,170.61000061035156,-0.2273447647447267,0.2870360074580909,0.0426497976637236,0.1290081283639097,-0.3178227257446625,0.3801897154971148,0.5824321812033332,0.1460696343663053,25.86231082523581,0.211723827352378,0.1045232232762225,momentum_v1,
2026-07-16 00:00:00,RTX,Industrials,42.72727272727273,50.0,194.3600006103516,0.0583750885228298,-0.0162326995091195,0.0089543114188856,0.3280708853484768,-0.080082961390584,0.3237085021841708,0.2949433032953317,0.3762221542463964,62.50403324226514,-0.0915448796148323,-0.0712229107688025,momentum_v1,
2026-07-16 00:00:00,SBUX,Consumer Discretionary,77.27272727272727,100.0,108.37000274658205,0.0667389177389174,0.1084522070331048,0.2114416262071645,0.2027444977444317,0.0,0.4083702423551971,0.2319070399306372,0.0633197745117455,63.28405151267216,0.033140026927392,0.113581551962663,momentum_v1,
2026-07-16 00:00:00,SCHW,Financials,43.63636363636363,30.0,102.8000030517578,0.1302914403643051,0.0289107836083544,0.0231001215340287,0.1363827810143763,-0.0344438400353827,0.2044523127077468,0.2850749734440846,0.3417683550265739,86.9060665889958,-0.0464013964973584,-0.0626897022038284,momentum_v1,
2026-07-16 00:00:00,SHW,Materials,35.45454545454545,50.0,338.1400146484375,0.0558956562575521,0.0309474837177026,-0.0455732557239089,0.0066302105023696,-0.0923955642422836,0.1540614834417661,0.2724153138330765,0.054502196570872,49.12739356955269,-0.0443646963880102,0.0367808732533423,momentum_v1,
2026-07-16 00:00:00,SLB,Energy,25.454545454545453,10.0,47.08000183105469,-0.123440651022738,-0.0971605092525806,0.0371662427966397,0.379127468390698,-0.1884157353340471,0.5126743689013975,0.3034509514970889,-0.4819598967253512,47.44747049618644,-0.1724726893582935,-0.1271321447157762,momentum_v1,
2026-07-16 00:00:00,SO,Utilities,55.45454545454545,70.0,96.06999969482422,0.0239820934482919,0.0235147474678507,0.1150918833082825,0.0728872395804045,-0.022647154930933,0.1611120337199654,0.2070191115151561,0.2625417888164862,50.49381431112538,-0.051797432637862,0.0291568750422998,momentum_v1,
2026-07-16 00:00:00,SPG,Real Estate,87.27272727272727,90.0,228.4900054931641,0.0594918001168005,0.1457602423750501,0.2672880312822336,0.4966288592912184,0.0,0.4896432025866353,0.2403067182566883,0.7659239125197278,54.64108805716757,0.0704480622693373,0.0893594615452184,momentum_v1,
2026-07-16 00:00:00,SPGI,Financials,36.36363636363637,20.0,457.3800048828125,0.1400256386247029,0.1254030539174089,-0.1041344743800954,-0.0665817664599092,-0.1358582135291206,0.2429685790132485,0.4343560533386669,0.0573483519803096,83.74651035970783,0.050090873811696,0.033802568105226,momentum_v1,
2026-07-16 00:00:00,SRE,Utilities,50.90909090909091,40.0,93.1500015258789,0.0205123760150076,-0.0173278925362082,0.0462926169242159,0.2927689222737075,-0.0594916350046839,0.2738689018661335,0.163447510102512,0.0054208268259571,48.756667244855926,-0.092640072641921,-0.0116857649617592,momentum_v1,
2026-07-16 00:00:00,T,Communication Services,10.0,30.0,21.979999542236328,-0.0436106442109763,-0.1251253321344266,-0.0340156811036707,-0.1481692533736418,-0.2265486795750956,0.0876127655538248,0.3448859824020353,-0.8837889565183601,48.55508947806094,-0.2004375122401395,-0.0874895085477506,momentum_v1,
2026-07-16 00:00:00,TJX,Consumer Discretionary,31.818181818181817,80.0,154.7899932861328,-0.0749417821532264,-0.0307870281241643,-0.0152013827911237,0.2870236256735681,-0.0808741172127943,0.2911598597256688,0.2832739102773918,3.4970493168251515e-05,49.11580567759675,-0.1060992082298771,-0.0256576831946061,momentum_v1,
2026-07-16 00:00:00,TMO,Health Care,37.27272727272727,40.0,543.1900024414062,0.1466478110311782,0.0226917277300642,-0.1034591313764748,0.3042663617583541,-0.1488434303246391,0.3462988382918046,0.2703976937724354,0.1936692616654168,71.41874475806986,-0.0526204523756486,-0.0770821510709645,momentum_v1,
2026-07-16 00:00:00,TMUS,Communication Services,27.27272727272727,50.0,192.8500061035156,0.0211267895810085,0.0194877352862314,0.0271982923236733,-0.1306786510399156,-0.2414037414049118,0.1497645681502404,0.3676848370503905,-0.3907517291974263,60.65759866027097,-0.0558244448194813,0.0571235588729075,momentum_v1,
2026-07-16 00:00:00,TSLA,Consumer Discretionary,26.36363636363636,60.0,391.05999755859375,-0.0488629372154355,-0.0022707350955952,-0.1255367019588709,0.2583177781537622,-0.2017228838475621,0.2922049738922088,0.5794448049237169,0.0038158561878917,54.763900005910166,-0.0775829152013081,0.0028586098339629,momentum_v1,
2026-07-16 00:00:00,UNH,Health Care,96.36363636363636,100.0,423.3800048828125,0.0300213995751268,0.3558291801647091,0.2850250978497508,0.490243493988729,-0.0192271773855466,0.8283168771430145,0.2592081223698935,0.8368765885105434,54.365476840633605,0.2805170000589962,0.2560553013636804,momentum_v1,
2026-07-16 00:00:00,UNP,Industrials,90.9090909090909,90.0,299.4200134277344,0.1200808215772011,0.2134645733565521,0.3195015172109945,0.3248198194031773,0.0,0.4160267248949514,0.2392514500198273,0.4888647431497935,90.51389012436424,0.1381523932508392,0.1584743620968691,momentum_v1,
2026-07-16 00:00:00,UPS,Industrials,79.0909090909091,80.0,117.18000030517578,0.0767251523810819,0.1504806672795466,0.1335800749923021,0.2582996563704514,0.0,0.4884626104498313,0.2859138585023625,0.4424349539187739,71.53805197760875,0.0751684871738338,0.0954904560198637,momentum_v1,
2026-07-16 00:00:00,VLO,Energy,98.1818181818182,90.0,300.260009765625,0.2148406106034384,0.283772701882695,0.6701422679456879,1.069505797618608,-0.0038814415903685,1.3180212480333529,0.423670139801155,0.6055927679925504,74.988949019719,0.2084605217769821,0.2538010664194994,momentum_v1,
2026-07-16 00:00:00,VMC,Materials,30.909090909090907,40.0,293.4700012207031,0.0016383187218926,0.0096255605399997,-0.0528211110697428,0.1301566554012483,-0.1082405833866702,0.1440877748749869,0.3314440038443793,0.086939569751403,35.04601506968959,-0.065686619565713,0.0154589500756394,momentum_v1,
2026-07-16 00:00:00,VZ,Communication Services,38.18181818181819,70.0,43.880001068115234,-0.0518796191784936,-0.0089267320938712,0.1612219660321587,0.1361463993815379,-0.1183482226209867,0.2001352787769446,0.3172517902827924,-0.4766705062959329,42.61677505069575,-0.0842389121995841,0.0287090914928047,momentum_v1,
2026-07-16 00:00:00,WBD,Communication Services,76.36363636363637,100.0,27.290000915527344,0.017145023970531,0.0033088290464504,-0.054400542675702,1.2684955545537,-0.0897264398860069,1.531540036319245,0.2006758425912272,-0.2255951904762313,54.29365617781384,-0.0720033510592623,0.0409446526331265,momentum_v1,
2026-07-16 00:00:00,WEC,Utilities,51.81818181818182,50.0,114.48999786376952,0.0042982268751712,0.0054051529848704,0.0989426259533086,0.1293378084103513,-0.0366849025353662,0.1252797839789108,0.1997535099921415,0.1121026336073738,43.011915241838494,-0.0699070271208424,0.0110472805593194,momentum_v1,
2026-07-16 00:00:00,WELL,Real Estate,88.18181818181819,100.0,241.4900054931641,0.1347147692052668,0.1466163408899279,0.2917619561094628,0.5646965388468914,0.0,0.5563540637888966,0.2686117815189652,0.3654771440334673,70.44199904175935,0.071304160784215,0.0902155600600962,momentum_v1,
2026-07-16 00:00:00,WFC,Financials,57.27272727272727,50.0,88.06999969482422,0.0592975744691863,0.1031698650614343,-0.0486443225420272,0.1412942374063761,-0.0765760029182202,0.1995369366826742,0.2713972900029645,0.4434182563020857,59.83462277517206,0.0278576849557214,0.0115693792492514,momentum_v1,
2026-07-16 00:00:00,WMB,Energy,71.81818181818181,70.0,74.7300033569336,0.045321102111909,0.0639040095721927,0.2534847187971116,0.3208930386655098,-0.0518659247965482,0.3641281493550827,0.268606073865299,0.0744282606705684,39.48951847233575,-0.01140817053352,0.0339323741089971,momentum_v1,
2026-07-16 00:00:00,WMT,Consumer Staples,20.0,20.0,114.9499969482422,-0.048584694267579,-0.0768726570247212,-0.0411621120349293,0.2151281242716316,-0.1434426262127582,0.2194747187293986,0.2646511448869489,-0.7292084500479095,48.09194847506712,-0.152184837130434,-0.1428163669332042,momentum_v1,
2026-07-16 00:00:00,XEL,Utilities,54.54545454545454,60.0,79.9800033569336,0.0079395701944211,0.0245799160760644,0.0832511321648057,0.2065869821084962,-0.032548680391933,0.1919342267510246,0.2151125717083004,0.0148807226035829,42.76372056870406,-0.0507322640296483,0.0302220436505135,momentum_v1,
2026-07-16 00:00:00,XOM,Energy,49.09090909090909,50.0,145.9499969482422,0.0356940025876706,-0.0138874641573337,0.1689587902930378,0.3338261923738581,-0.1430534135576863,0.4230589466826324,0.2565332925752085,-0.3886893006529115,68.11906072183706,-0.0891996442630466,-0.0438590996205293,momentum_v1,
2026-07-17 00:00:00,AAPL,Technology,93.63636363636364,80.0,333.739990234375,0.115292077014768,0.2682137122576842,0.2861981057026039,0.5943281762795254,0.0,0.6556181526491347,0.3586888722314577,0.500505580178311,88.58509070185222,0.2061539147108047,0.1117911590821882,momentum_v1,
2026-07-17 00:00:00,ABBV,Health Care,90.0,80.0,254.4900054931641,0.152071908404856,0.2263812919365311,0.1740366754451738,0.3767709514555797,-0.0182655247689592,0.4194483556168029,0.3769578605191707,0.8764263713910426,53.51097909916472,0.1643214943896516,0.1227700185616647,momentum_v1,
2026-07-17 00:00:00,ABT,Health Care,23.63636363636364,20.0,100.68000030517578,0.1189370973090639,0.0620936663418867,-0.1795913962196866,-0.2181031855279461,-0.246032025356826,0.2281744343939833,0.4712533167037255,0.1255613897329002,63.09097899880783,3.386879500721918e-05,-0.0415176070329796,momentum_v1,
2026-07-17 00:00:00,ADBE,Technology,6.363636363636363,30.0,237.25,0.1443661567548328,-0.0439635859973803,-0.2207003084436576,-0.3441965690773926,-0.3637192503906465,0.2266687115857764,0.4117607059209938,-0.3933334187350824,78.06506501365476,-0.1060233835442598,-0.2003861391728763,momentum_v1,
2026-07-17 00:00:00,AEP,Utilities,57.27272727272727,80.0,132.13999938964844,0.0184200338315871,-0.0108527275223525,0.1358229444333287,0.2922989154372002,-0.0472276511389135,0.2869312442270579,0.2254244291683562,0.0515232406537305,34.68909948887692,-0.072912525069232,0.0083828074772498,momentum_v1,
2026-07-17 00:00:00,AMD,Technology,100.0,100.0,495.760009765625,-0.0227286139783607,0.7816430402025702,1.2171735073035412,2.096951549818449,-0.1465803090244429,2.2801376986083244,0.7097973651596443,0.7389501564945389,46.01518400131724,0.7195832426556907,0.6252204870270743,momentum_v1,
2026-07-17 00:00:00,AMT,Real Estate,16.363636363636363,20.0,170.05999755859375,-0.0781157021019857,-0.0387271685830076,-0.0229956557917108,-0.2092166662433092,-0.2398133762482656,0.0490407557726857,0.3332150693825724,-0.1333053243928526,40.36248833916774,-0.1007869661298871,-0.0845615757197023,momentum_v1,
2026-07-17 00:00:00,AMZN,Consumer Discretionary,32.72727272727273,80.0,247.22999572753903,0.0049999826322726,-0.0098918752538675,0.0447073826491735,0.1077108876883676,-0.100949109031845,0.2436742495970763,0.3388703615425241,-0.4212431820150299,67.42568018073538,-0.0719516728007471,0.0067702021413308,momentum_v1,
2026-07-17 00:00:00,APD,Materials,46.36363636363636,70.0,295.6199951171875,0.0605261993941774,0.0007280087282532,0.12000523531395,0.0502032186045442,-0.0591043864538047,0.3065793390568905,0.3977631380584718,-0.0326997091866613,60.99200413008958,-0.0613317888186262,0.0206519962752154,momentum_v1,
2026-07-17 00:00:00,AVB,Real Estate,76.36363636363637,70.0,192.52999877929688,0.0519437870421868,0.1455848802522428,0.0906439777311531,-0.0083390509873269,-0.0211887018517491,0.2218792833067318,0.2577879756720231,0.5669139461824687,55.87412039849454,0.0835250827053633,0.099750473115548,momentum_v1,
2026-07-17 00:00:00,AVGO,Technology,25.454545454545453,50.0,370.8250122070313,-0.0140640691525119,-0.0679050013143932,0.095033631802059,0.330230788237011,-0.2287478552252529,0.3408308759366687,0.4961968306564759,-0.3429351674635144,52.27336014722062,-0.1299647988612727,-0.2243275544898891,momentum_v1,
2026-07-17 00:00:00,AXP,Financials,61.81818181818181,60.0,355.3500061035156,0.0457320271205241,0.0938197134452143,-0.00226322353019,0.1514940158769009,-0.069232052489577,0.2230102112624279,0.2464553157643555,0.4997874599143466,60.92076796401105,0.0317599158983348,0.0087326679308064,momentum_v1,
2026-07-17 00:00:00,BA,Industrials,18.181818181818183,20.0,214.02999877929688,-0.059167464015344,-0.0221582876248211,-0.117802241289122,-0.0690299936429453,-0.1511798375566766,0.1948973013273578,0.2778194498470139,-0.2102073957095837,46.655585498376816,-0.0842180851717007,-0.0780581021793704,momentum_v1,
2026-07-17 00:00:00,BAC,Financials,81.81818181818183,80.0,61.27000045776367,0.0779380769402422,0.1509689233518543,0.180192665706145,0.360084161201879,-0.0051956436764316,0.3936928433287656,0.2039420129444568,0.6799703058444015,68.0896392526941,0.0889091258049747,0.0658818778374463,momentum_v1,
2026-07-17 00:00:00,BKNG,Consumer Discretionary,20.0,50.0,181.67999267578125,0.0339175473120583,-0.0131299703199164,-0.1201488151517979,-0.1904728751594022,-0.2069282823267055,0.1817084492305969,0.4190111156294736,0.0598871831010472,50.2506677460489,-0.0751897678667959,0.0035321070752819,momentum_v1,
2026-07-17 00:00:00,BLK,Financials,34.54545454545455,20.0,1072.199951171875,0.0189787128990839,0.0519947684487636,-0.0069655728109875,0.01148166496579,-0.0940201460837591,0.1683193931815796,0.3525428068738278,-0.1723490575497398,72.20405416275506,-0.0100650290981159,-0.0330922770656443,momentum_v1,
2026-07-17 00:00:00,BMY,Health Care,62.727272727272734,50.0,60.7400016784668,0.0984559099630002,0.0418190588194342,0.0883726973983707,0.3494898761309966,-0.0049861839629485,0.4740002682756292,0.3665206109212419,-0.0029718544091589,61.17834630498414,-0.0202407387274452,-0.0617922145554321,momentum_v1,
2026-07-17 00:00:00,C,Financials,58.18181818181818,40.0,129.36000061035156,-0.0953213816294601,0.0048857834476261,0.1622575915816928,0.4695929311045839,-0.1119653858969486,0.4406266427506389,0.2958661128867869,0.4776577661482658,30.63710469858401,-0.0571740140992533,-0.0802012620667818,momentum_v1,
2026-07-17 00:00:00,CAT,Industrials,91.81818181818184,100.0,880.280029296875,-0.0689399775357887,0.1414541242936602,0.3839834365414798,1.1551222434417865,-0.1733683828383518,1.1740582722664108,0.5342291603708593,0.5051062821710439,31.617271133091634,0.0793943267467807,0.0855543097391109,momentum_v1,
2026-07-17 00:00:00,CL,Consumer Staples,72.72727272727273,70.0,92.9800033569336,0.0255901125205209,0.1188454012496251,0.1133145738804872,0.0874979375858373,-0.0563056891012921,0.2554113334504233,0.2660308270720927,0.7119057567751843,52.22930960108075,0.0567856037027456,0.0654117299741883,momentum_v1,
2026-07-17 00:00:00,CMCSA,Communication Services,3.636363636363636,20.0,23.790000915527344,0.0191945340998149,-0.1783937959332087,-0.1416417716318411,-0.2263480079665089,-0.2563947557065245,0.0803828006494347,0.3235268442972513,-0.6673842188788366,58.702798338098034,-0.2404535934800882,-0.1119783790569061,momentum_v1,
2026-07-17 00:00:00,CMG,Consumer Discretionary,13.636363636363637,40.0,34.439998626708984,0.0561176934101779,-0.0182441040746793,-0.1515151885380518,-0.3548145759165118,-0.361394429226367,0.222143302119959,0.4601638436259236,0.0009075739680355,54.841545571221054,-0.0803039016215588,-0.0015820266794809,momentum_v1,
2026-07-17 00:00:00,COP,Energy,36.36363636363637,20.0,114.70999908447266,0.0302676743077561,-0.0494160762582904,0.1606717710607978,0.2950726532665437,-0.1363042594862081,0.3721971993258055,0.3134805090024102,-0.5573286676340523,67.70537762559474,-0.1114758738051699,-0.0762095344273894,momentum_v1,
2026-07-17 00:00:00,COST,Consumer Staples,22.727272727272727,30.0,940.8699951171876,-0.0464284245131609,-0.0455574520310274,-0.0078418984705852,-0.0054696795366501,-0.1402240283495129,0.1100263911141514,0.2594842546289493,-0.563155251092895,46.39615340393971,-0.1076172495779069,-0.0989911233064643,momentum_v1,
2026-07-17 00:00:00,CRM,Technology,2.727272727272727,20.0,170.77000427246094,0.0560262023526143,-0.055232545378723,-0.2835540856799327,-0.3323693330632963,-0.3627553884820236,0.1375566868301154,0.4131854770356098,-0.3463155949511122,64.40521734382872,-0.1172923429256025,-0.2116550985542189,momentum_v1,
2026-07-17 00:00:00,CSCO,Technology,96.36363636363636,90.0,111.94000244140624,-0.0603097195390661,0.3296895454675215,0.5181776322256542,0.6959755575709503,-0.1357018032789396,0.7259499006110146,0.3905568934114805,0.5380401559622287,48.06109125495688,0.267629747920642,0.1732669922920255,momentum_v1,
2026-07-17 00:00:00,CVX,Energy,53.63636363636364,50.0,187.3800048828125,0.0403642454490287,0.0050292646058065,0.1417486654100752,0.3022144292880475,-0.104445837513269,0.304302653493639,0.2676435335719684,-0.3018838584934249,73.79012777361089,-0.0570305329410729,-0.0217641935632924,momentum_v1,
2026-07-17 00:00:00,D,Utilities,86.36363636363636,100.0,71.04000091552734,0.0370803053361656,0.1483889220892038,0.203584868370114,0.2974895141246574,-0.0090668364310653,0.2875798293949172,0.1546132923337528,0.8644551608536759,59.58188122435272,0.0863291245423243,0.1676244570888062,momentum_v1,
2026-07-17 00:00:00,DE,Industrials,59.09090909090909,60.0,597.239990234375,0.0230621249189719,0.0249884121351786,0.1726993658611502,0.1910291653759523,-0.0935118225283505,0.3723593262898537,0.3250404436375689,0.1902860954752182,43.83175241447289,-0.0370713854117008,-0.0309114024193706,momentum_v1,
2026-07-17 00:00:00,DHR,Health Care,35.45454545454545,30.0,203.8300018310547,0.126290982355661,0.0540451504481005,-0.1397845591678588,0.0622541616383054,-0.1543555030881571,0.2615210021450631,0.3019352556727648,0.3641795482529477,59.76982247897234,-0.0080146470987789,-0.0495661229267658,momentum_v1,
2026-07-17 00:00:00,DIS,Communication Services,15.454545454545451,40.0,97.66999816894533,-0.0282544585645679,-0.0527585116905703,-0.1331067403720168,-0.1730572698026682,-0.1940436372752462,0.064903645192774,0.2855108368882731,-0.5807379850426653,48.88442384554705,-0.1148183092374498,0.0136569051857322,momentum_v1,
2026-07-17 00:00:00,DLR,Real Estate,14.545454545454543,10.0,173.8800048828125,-0.0870044228456083,-0.1206263791096251,0.1065624472592687,0.0342222522328252,-0.1415853800285454,0.191314404905764,0.3100621581731854,-0.6818414302740609,25.99197438424551,-0.1826861766565046,-0.1664607862463198,momentum_v1,
2026-07-17 00:00:00,DOW,Materials,8.181818181818182,20.0,29.920000076293945,-0.0922329821790208,-0.242879688184158,0.0821736609420342,0.118871976662078,-0.2781408336840617,0.5086272409851362,0.3848034424115601,-0.8235306379326444,54.954948569263465,-0.3049394857310376,-0.2229557006371959,momentum_v1,
2026-07-17 00:00:00,DUK,Utilities,40.909090909090914,10.0,125.01000213623048,-0.0083293308162665,-0.0197446658311073,0.0714877008821475,0.0983813979753431,-0.0552207103221563,0.1154750383413865,0.2236469984340088,0.0196736184291864,42.39571713689465,-0.0818044633779868,-0.0005091308315049,momentum_v1,
2026-07-17 00:00:00,EA,Communication Services,69.0909090909091,80.0,208.8999938964844,0.0289626120593133,0.0281631170973,0.0249528137357828,0.4042354554305429,0.0,0.4190578629224726,0.045066979402769,0.5706099519516106,80.06596246373824,-0.0338966804495795,0.0945785339736026,momentum_v1,
2026-07-17 00:00:00,ECL,Materials,38.18181818181819,60.0,272.8299865722656,-0.0037974534029434,0.0161331625247167,-0.0048730658673676,0.0299495617978862,-0.1104046054690442,0.113309577164689,0.2205324089018493,0.2649721055397744,34.98053887903265,-0.0459266350221627,0.0360571500716788,momentum_v1,
2026-07-17 00:00:00,ED,Utilities,63.63636363636363,90.0,112.37000274658205,0.0369105831745137,0.0252557055172359,0.1254699945830031,0.1557270299958906,-0.0186102469898941,0.2049028220059494,0.2040043736439943,0.2504423617550678,50.93884054475072,-0.0368040920296435,0.0444912405168383,momentum_v1,
2026-07-17 00:00:00,EOG,Energy,70.0,70.0,139.88999938964844,0.0593714211033959,0.0434100973184503,0.2851728093746448,0.2194913371687008,-0.059469251012669,0.3983103590885404,0.2990155043878819,-0.0015230584212521,61.96256866326169,-0.0186497002284291,0.0166166391493514,momentum_v1,
2026-07-17 00:00:00,EQIX,Real Estate,52.72727272727272,30.0,1020.0,-0.0682208956468823,-0.042819306232321,0.2898696366962281,0.3625181304314859,-0.0859723161134921,0.4194268317407652,0.2526582320884201,-0.3351795504131237,33.15852422203794,-0.1048791037792005,-0.0886537133690157,momentum_v1,
2026-07-17 00:00:00,EQR,Real Estate,79.0909090909091,80.0,69.0,0.0499509792824341,0.1525333011173393,0.1529586612373901,0.0771070355680008,-0.0163934640180252,0.2169899066450791,0.2310058473270881,0.694739664931947,55.915250525488496,0.0904735035704598,0.1066988939806445,momentum_v1,
2026-07-17 00:00:00,ETN,Industrials,51.81818181818182,50.0,399.989990234375,-0.018935030738764,0.0213004826737996,0.215033110833108,0.1150261944814554,-0.0821286168368822,0.2739725840988551,0.5109932939579166,-0.0109235350382441,49.0062793817571,-0.0407593148730798,-0.0345993318807495,momentum_v1,
2026-07-17 00:00:00,EXC,Utilities,43.63636363636363,40.0,46.2599983215332,-0.00708310431367,-0.0188055815573221,0.0801578535761557,0.1185327632620978,-0.0714845038784043,0.1159283404078166,0.2425234467276021,0.2091498582661849,43.62414761417309,-0.0808653791042016,0.0004299534422802,momentum_v1,
2026-07-17 00:00:00,FCX,Materials,17.272727272727273,30.0,58.380001068115234,-0.1657633990003529,-0.1429158911039361,-0.0257381017436167,0.3416916590591428,-0.1840253421886466,0.6697112268356253,0.447346806758349,-0.0041118825463282,39.879841172672606,-0.2049756886508156,-0.1229919035569739,momentum_v1,
2026-07-17 00:00:00,GE,Industrials,80.9090909090909,80.0,348.8299865722656,-0.0070087758467015,0.1708901007744363,0.0968815370615374,0.3171592774284189,-0.0788264674153848,0.3536738208738981,0.269251541212799,0.8380978181008013,35.186501849514144,0.1088303032275568,0.114990286219887,momentum_v1,
2026-07-17 00:00:00,GOOGL,Communication Services,73.63636363636363,90.0,346.7699890136719,-0.0709444366679923,0.0326085751440594,0.0338892710876912,0.9006353678189307,-0.1382020127602382,0.8943198124511591,0.3672786435652163,-0.0397918689784133,55.25077071254736,-0.02945122240282,0.099023992020362,momentum_v1,
2026-07-17 00:00:00,GS,Financials,84.54545454545455,90.0,1065.219970703125,-0.0233343469764019,0.1887940369860208,0.1531895245249028,0.5330597714117662,-0.0753860265738988,0.5514676906093634,0.450890431979314,0.7505143367391899,57.39437734663134,0.1267342394391413,0.1037069914716128,momentum_v1,
2026-07-17 00:00:00,HD,Consumer Discretionary,29.09090909090909,70.0,338.8699951171875,0.0052804853262766,0.0126404828679229,-0.085797942601364,-0.0266376834309054,-0.1830399798704602,0.1475638756003112,0.3323151892705226,0.194307659883287,42.62731348016605,-0.0494193146789565,0.0293025602631213,momentum_v1,
2026-07-17 00:00:00,HON,Industrials,20.909090909090907,30.0,225.0200042724609,-0.0650722397243547,-0.0594832145727345,0.0176812048667358,-0.0180072598781194,-0.1302381688498231,0.1523695375326452,0.3434029077958306,0.002560284624602,33.94366555033116,-0.121543012119614,-0.1153830291272838,momentum_v1,
2026-07-17 00:00:00,JNJ,Health Care,80.0,60.0,253.0399932861328,0.0759418367487294,0.0850824973238097,0.1706619079372506,0.5739924755409522,-0.0531357486422167,0.5913760947576863,0.3233554968781289,0.6843872627590128,48.57644025994121,0.0230226997769302,-0.0185287760510566,momentum_v1,
2026-07-17 00:00:00,JPM,Financials,75.45454545454545,70.0,341.1000061035156,0.0347183283153429,0.1054577474017379,0.118622024528856,0.216239302567732,-0.0167478524610454,0.2176147261120851,0.2215038027352401,0.5713973047967158,63.437762449783975,0.0433979498548584,0.02037070188733,momentum_v1,
2026-07-17 00:00:00,KMB,Consumer Staples,64.54545454545455,60.0,108.3499984741211,0.0390295333953556,0.1211414324437663,0.1214816714736048,-0.1094970007959669,-0.1690070636720538,0.1804214944726123,0.3273824079942885,0.7142018476575326,47.98736423507677,0.0590816348968867,0.0677077611683294,momentum_v1,
2026-07-17 00:00:00,KO,Consumer Staples,77.27272727272727,80.0,81.55999755859375,0.0159441803532633,0.0918671350120077,0.1569288523677188,0.2107672360131671,-0.0395666590061266,0.267420819039591,0.2714355452369715,0.6963764278308332,46.89134847653976,0.0298073374651282,0.0384334637365708,momentum_v1,
2026-07-17 00:00:00,LIN,Materials,65.45454545454545,90.0,513.219970703125,-0.0095528733239831,0.0312945920049059,0.1740810653332314,0.1315256178256481,-0.061137207393802,0.3266531007805446,0.2166121017741067,0.5732909375770336,46.774179655101975,-0.0307652055419735,0.051218579551868,momentum_v1,
2026-07-17 00:00:00,LLY,Health Care,92.72727272727272,90.0,1179.1099853515625,0.0504320582196546,0.3065849560921767,0.1023218069220548,0.5034831773027213,-0.0456878424076252,0.897947723105804,0.3435558593445185,0.8711217482952085,44.03944973825247,0.2445251585452972,0.2029736827173103,momentum_v1,
2026-07-17 00:00:00,LMT,Industrials,11.818181818181818,10.0,508.7699890136719,-0.0507137280983213,-0.1570220992676051,-0.1011009769099597,0.1082194383339709,-0.2432382537068054,0.2720754025935379,0.3289203549329342,-0.0426688660886583,50.71183473611437,-0.2190818968144846,-0.2129219138221544,momentum_v1,
2026-07-17 00:00:00,LOW,Consumer Discretionary,5.454545454545454,20.0,208.72999572753903,-0.068252871410205,-0.1348406270436282,-0.2337739759850295,-0.0173793745284195,-0.2702184479900574,0.0101141905926434,0.3382141601262365,-0.5081509432581062,35.28153122251884,-0.1969004245905077,-0.1181785496484297,momentum_v1,
2026-07-17 00:00:00,MCD,Consumer Discretionary,10.909090909090908,30.0,267.7099914550781,-0.0702254080333739,-0.1219519299284825,-0.1203995758579976,-0.082617460564295,-0.2053266710765255,0.0119829999537401,0.3009369036916525,-0.4572166922811765,48.07147831988512,-0.1840117274753621,-0.1052898525332841,momentum_v1,
2026-07-17 00:00:00,MDLZ,Consumer Staples,50.90909090909091,50.0,61.0,-0.0102765271878996,0.0778222291182686,0.0841146282130151,-0.0644881796066549,-0.1078589698513516,0.20450161725979,0.3281997036346942,0.0631986933452164,52.22913929517182,0.0157624315713891,0.0243885578428317,momentum_v1,
2026-07-17 00:00:00,META,Communication Services,27.27272727272727,50.0,646.010009765625,0.0763066028828409,-0.0447076055034271,0.0514074937792565,-0.077936874186221,-0.1795856407636076,0.2299490321216164,0.5667813123007831,-0.1201782113868288,67.33150046705393,-0.1067674030503066,0.0217078113728754,momentum_v1,
2026-07-17 00:00:00,MO,Consumer Staples,85.45454545454545,100.0,74.20999908447266,0.0572730660099669,0.1598367284836273,0.2458414593792486,0.3463080711398993,0.0,0.399522526401513,0.2594268176202216,0.3989676607199715,51.5837023364572,0.0977769309367477,0.1064030572081904,momentum_v1,
2026-07-17 00:00:00,MPC,Energy,99.0909090909091,100.0,312.6000061035156,0.248053677406526,0.3869918898441642,0.7414857074269221,0.8490333858562789,0.0,1.009697415598621,0.3234197576736265,0.6537992469366894,86.8639738947951,0.3249320922972847,0.3601984316750652,momentum_v1,
2026-07-17 00:00:00,MRK,Health Care,82.72727272727273,70.0,127.5,0.1070591475825808,0.1122196694543902,0.1653727053496179,0.5984783174488364,-0.0158999505820622,0.6866686535933886,0.3366065517682813,0.681824592250005,48.05498998865568,0.0501598719075107,0.0086083960795237,momentum_v1,
2026-07-17 00:00:00,MS,Financials,87.27272727272727,100.0,215.5,-0.0241362214683691,0.1566201911390969,0.2050694631748371,0.5788071723392871,-0.0570991156311754,0.5759886552984568,0.3331954745375154,0.8483532517996242,53.77255887686869,0.0945603935922174,0.071533145624689,momentum_v1,
2026-07-17 00:00:00,MSFT,Technology,10.0,40.0,393.8200073242188,-2.533897465184509e-05,-0.0608838249722479,-0.1388964013423792,-0.2148932293353994,-0.2688874282028164,0.1161749916728172,0.3772125952106621,-0.4543383790084822,63.931584822202346,-0.1229436225191275,-0.2173063781477439,momentum_v1,
2026-07-17 00:00:00,NEE,Utilities,48.18181818181818,60.0,88.80000305175781,0.0298040078252828,-0.0259129288298939,0.0985647918259609,0.2220320335254737,-0.0861215752900312,0.2995584768119936,0.1636756299736215,-0.378295377247546,51.05822562024172,-0.0879727263767734,-0.0066773938302915,momentum_v1,
2026-07-17 00:00:00,NEM,Materials,7.272727272727272,10.0,89.69999694824219,-0.1728145063745264,-0.2072177080248421,-0.2107630416516439,0.5509619772738381,-0.3172306779226949,0.5632647688441543,0.3558404468188471,-0.7555777592519801,36.946810754752576,-0.2692775055717217,-0.18729372047788,momentum_v1,
2026-07-17 00:00:00,NFLX,Communication Services,1.818181818181818,10.0,68.94999694824219,-0.1241108247072976,-0.3603303055700242,-0.2213439348167989,-0.4485367794839451,-0.4588634401427811,0.0,0.4582096692217081,-0.9001278788587486,37.99407289688484,-0.4223901031169037,-0.2939148886937216,momentum_v1,
2026-07-17 00:00:00,NKE,Consumer Discretionary,4.545454545454546,10.0,43.7599983215332,-0.0284192399639331,-0.033882601715686,-0.3221805168350803,-0.3764103231479561,-0.4325994873154952,0.0738649894854774,0.3841454140169082,-0.067407192454402,63.30679909836892,-0.0959423992625655,-0.0172205243204875,momentum_v1,
2026-07-17 00:00:00,NUE,Materials,94.54545454545456,100.0,236.6100006103516,-0.0844869492889964,0.2363361554945477,0.3813924645584667,0.7401896239336669,-0.1094759299938263,0.8121990960083285,0.3512048115722799,0.1872072861917338,47.4401068182547,0.1742763579476682,0.2562601430415099,momentum_v1,
2026-07-17 00:00:00,NVDA,Technology,37.27272727272727,60.0,202.8099975585937,-0.0221783232356018,0.0236771862578157,0.1087549251766881,0.1850388990123543,-0.1386851494141323,0.2293174793146122,0.3828391908751397,-0.0627027031434701,58.90505765929335,-0.0383826112890637,-0.1327453669176801,momentum_v1,
2026-07-17 00:00:00,O,Real Estate,60.909090909090914,40.0,65.70999908447266,0.0615039435385675,0.0298565750362098,0.1181896286188812,0.2212170042247609,-0.0102684433110268,0.2355763144101896,0.2420482661864019,0.0139656566485445,64.60067537106868,-0.0322032225106696,-0.0159778321004848,momentum_v1,
2026-07-17 00:00:00,ORCL,Technology,0.9090909090909092,10.0,126.41000366210938,-0.3264494266279283,-0.2887194056581985,-0.3425297412540067,-0.4701583761239636,-0.610602798126435,0.0177119764419331,0.460328952180069,-0.2888719221095552,28.174490135037075,-0.350779203205078,-0.4451419588336944,momentum_v1,
2026-07-17 00:00:00,OXY,Energy,50.0,40.0,54.86000061035156,0.0221725821130138,-0.0308880584673992,0.2494375618747097,0.3134997689240262,-0.1679740939063496,0.4227924077610601,0.3607196146346129,-0.366199498084262,67.30631740279641,-0.0929478560142788,-0.0576815166364982,momentum_v1,
2026-07-17 00:00:00,PEP,Consumer Staples,12.727272727272728,10.0,137.1199951171875,-0.0615932131176301,-0.1251253465405912,-0.0419368571254639,0.0531872514862916,-0.1800071411670761,0.0335624133358973,0.3173910209366433,-0.8130460174257987,43.99774871874728,-0.1871851440874707,-0.1785590178160281,momentum_v1,
2026-07-17 00:00:00,PFE,Health Care,21.818181818181817,10.0,25.049999237060547,-0.0380184963003004,-0.0645300093487067,0.0121201673132251,0.0890093867610217,-0.1081087761964839,0.1312115839029695,0.2528456089166566,-0.6549071299363451,60.052880952260814,-0.1265898068955863,-0.1681412827235732,momentum_v1,
2026-07-17 00:00:00,PG,Consumer Staples,49.09090909090909,40.0,149.97999572753906,-0.0164601591921217,0.0558964768891931,0.0398512589237927,0.0036715523009847,-0.0962358919737205,0.102450223628584,0.2575771306335214,0.272003340391788,51.63597746233929,-0.0061633206576863,0.0024628056137563,momentum_v1,
2026-07-17 00:00:00,PLD,Real Estate,70.9090909090909,60.0,149.7899932861328,0.025116331040129,0.0612444012882429,0.1503738472398912,0.4036726048870118,-0.001799308788843,0.4858050948789063,0.3008667474807119,0.0370762084494665,69.20967750601307,-0.0008153962586365,0.0154099941515482,momentum_v1,
2026-07-17 00:00:00,PM,Consumer Staples,83.63636363636363,90.0,192.97999572753903,0.0571547840228672,0.245391083718778,0.1475153209827895,0.0911169873177464,0.0,0.3726008099635391,0.3438877102262828,0.4076004405342958,62.9480391712675,0.1833312861718985,0.1919574124433412,momentum_v1,
2026-07-17 00:00:00,PPG,Materials,55.45454545454545,80.0,117.36000061035156,-0.0272689670444939,0.0531843150088902,0.094262159223271,0.0425439612212339,-0.0969592061540065,0.2609242432787255,0.3259791576693888,0.5321594097525555,39.98638350949451,-0.0088754825379893,0.0731083025558523,momentum_v1,
2026-07-17 00:00:00,PSA,Real Estate,66.36363636363637,50.0,318.0400085449219,-0.0066527307164362,0.0638115326112798,0.1268094548526817,0.1600007613470768,-0.0351899210897896,0.2546894183077612,0.2512110538864484,0.5705880707678959,44.973876243686455,0.0017517350644002,0.017977125474585,momentum_v1,
2026-07-17 00:00:00,PSX,Energy,97.27272727272728,80.0,206.8600006103516,0.2026744221532068,0.2757105496231995,0.4857824707225238,0.7300167306612386,0.0,0.8074779647919312,0.3550301278450854,0.446166948139002,79.9863759899304,0.21365075207632,0.2489170914541005,momentum_v1,
2026-07-17 00:00:00,QCOM,Technology,67.27272727272727,70.0,171.77999877929688,-0.1975522357079744,0.2821778372398706,0.0545852004946476,0.138447524029178,-0.3131445347891528,0.3896546907866747,0.5814923435010961,0.0987437658719566,34.468156119330274,0.2201180396929911,0.1257552840643747,momentum_v1,
2026-07-17 00:00:00,RTX,Industrials,45.45454545454545,40.0,193.509994506836,0.0360871129206736,-0.0078322745383091,-0.0195057863045167,0.3091432539570709,-0.0841060890664973,0.3179194493821604,0.2912830258361293,0.4748914837909388,59.04323558438884,-0.0698920720851886,-0.0637320890928584,momentum_v1,
2026-07-17 00:00:00,SBUX,Consumer Discretionary,71.81818181818181,100.0,105.48999786376952,0.0374704715495541,0.0787748852745211,0.1716135989280673,0.1704012955114111,-0.0265756649425141,0.370941866679358,0.2538105907938903,0.0599525517533822,52.11401402794572,0.0167150877276416,0.0954369626697195,momentum_v1,
2026-07-17 00:00:00,SCHW,Financials,60.0,50.0,101.55999755859376,0.0842318729996969,0.1004579512526118,0.0034204727092228,0.126981006617282,-0.0460906776498885,0.1899238356681127,0.2777095607874616,0.3866300121944673,80.06623370276816,0.0383981537057322,0.0153709057382038,momentum_v1,
2026-07-17 00:00:00,SHW,Materials,30.0,40.0,331.32000732421875,0.0275400223780428,-0.0034827227378021,-0.0604951071591044,-0.0160234007595784,-0.1107012028275207,0.1307850079324872,0.2831347713799643,0.0745895541576923,38.55270296188727,-0.0655425202846816,0.0164412648091599,momentum_v1,
2026-07-17 00:00:00,SLB,Energy,26.36363636363636,10.0,46.9900016784668,-0.1145656312666304,-0.0868669190021037,0.0116015799126147,0.395592346426344,-0.1899671946547153,0.5097826756405208,0.3030041929186511,-0.5305446631222089,49.921024196547,-0.1489267165489832,-0.1136603771712027,momentum_v1,
2026-07-17 00:00:00,SO,Utilities,54.54545454545454,70.0,95.3000030517578,0.0104973546685649,0.0125296384600313,0.0952706509239444,0.0548200369127336,-0.0304805931758082,0.1518057740027962,0.2088567097988669,0.2875934086542695,44.08397372617879,-0.0495301590868482,0.0317651734596337,momentum_v1,
2026-07-17 00:00:00,SPG,Real Estate,88.18181818181819,90.0,228.6999969482422,0.0625842191520316,0.1482940633954717,0.2593006500637294,0.4837172633428139,0.0,0.4910122442783418,0.2397758143258814,0.7769612323941756,52.90715913056776,0.0862342658485921,0.1024596562587769,momentum_v1,
2026-07-17 00:00:00,SPGI,Financials,31.818181818181817,10.0,450.8399963378906,0.0999143037533616,0.0935395918236825,-0.1215459589969452,-0.0835782242460706,-0.1482143499615307,0.2251955564914205,0.4365181968011433,0.0915300871605526,77.40883478843733,0.031479794276803,0.0084525463092746,momentum_v1,
2026-07-17 00:00:00,SRE,Utilities,44.54545454545455,50.0,92.25,0.0124145072930668,-0.0300734075301918,0.0244962837688988,0.2615611007308909,-0.0685786876051339,0.2441975772324678,0.1673877711765861,0.0173909242959914,41.07776512953441,-0.0921332050770713,-0.0108378725305894,momentum_v1,
2026-07-17 00:00:00,T,Communication Services,9.090909090909092,30.0,21.809999465942383,-0.0456808304940915,-0.162801794071306,-0.0540723159712143,-0.1525621077447041,-0.2325307899581837,0.0792008339353944,0.3452563920607308,-0.8750361194269275,43.711937704693625,-0.2248615916181855,-0.0963863771950034,momentum_v1,
2026-07-17 00:00:00,TJX,Consumer Discretionary,40.0,90.0,154.4600067138672,-0.0713083218378656,-0.0159644542640379,0.0017665791838366,0.2884074032166239,-0.0828335410302042,0.2797596663648274,0.2831646553396579,-2.4622504812832343e-08,47.86440559529832,-0.0780242518109174,0.0006976231311605,momentum_v1,
2026-07-17 00:00:00,TMO,Health Care,39.09090909090909,40.0,532.47998046875,0.1266317732002164,0.032972367641769,-0.1419830114809406,0.2837096856665584,-0.1656255977474962,0.3197540011720856,0.2840663635472405,0.2612144835747386,60.70677884098484,-0.0290874299051104,-0.0706389057330973,momentum_v1,
2026-07-17 00:00:00,TMUS,Communication Services,28.18181818181818,60.0,192.42999267578125,0.0437730095395572,-0.0184958977692833,0.0124172946361702,-0.1428866979378321,-0.243055818569048,0.1472604637059964,0.3565582170152848,-0.3198682776493091,59.33371429172416,-0.0805556953161629,0.0479195191070191,momentum_v1,
2026-07-17 00:00:00,TSLA,Consumer Discretionary,24.545454545454547,60.0,380.8399963378906,-0.0588642492676603,-0.0207251161869113,-0.1328779923658807,0.1839462195423113,-0.2225851381115383,0.2584343594263345,0.5836963419834383,4.2003865094342174e-05,50.326723335888666,-0.0827849137337908,-0.0040630387917128,momentum_v1,
2026-07-17 00:00:00,UNH,Health Care,95.45454545454544,100.0,426.0899963378906,0.0452348895314562,0.3543729525005346,0.2892735500295722,0.4957826610224074,-0.0129493987044451,0.8400196572863614,0.2572009463739146,0.8475904548870584,48.87863356148627,0.292313154953655,0.2507616791256681,momentum_v1,
2026-07-17 00:00:00,UNP,Industrials,90.9090909090909,90.0,301.75,0.1282482192089689,0.2081001497946126,0.3423562791060122,0.3348981351038833,0.0,0.4270457720762142,0.2386504839586436,0.489230872251072,90.91127257883764,0.1460403522477331,0.1522003352400633,momentum_v1,
2026-07-17 00:00:00,UPS,Industrials,78.18181818181819,70.0,117.72000122070312,0.0699873187836712,0.1393906741671022,0.1301092250724675,0.2628295727986678,0.0,0.495321751850255,0.2847291600639988,0.4760887662547538,77.15420114094917,0.0773308766202227,0.0834908596125529,momentum_v1,
2026-07-17 00:00:00,VLO,Energy,98.1818181818182,90.0,309.6499938964844,0.2683815495974075,0.2870074489981391,0.6783228037848481,1.217841136202459,0.0,1.3905123624878493,0.4221483843750768,0.6211390633077638,76.31909786552647,0.2249476514512596,0.2602139908290402,momentum_v1,
2026-07-17 00:00:00,VMC,Materials,33.63636363636363,50.0,288.3299865722656,-0.0415517087988076,0.010928690449963,-0.0302514829263956,0.1143674181886806,-0.123859489199163,0.1240495157769703,0.3222450183214429,0.085757503695838,33.25086663309379,-0.0511311070969164,0.0308526779969251,momentum_v1,
2026-07-17 00:00:00,VZ,Communication Services,30.909090909090907,70.0,43.59000015258789,-0.0512928465738599,-0.0523068948501146,0.1297987633853217,0.1289111773781033,-0.1241750859299462,0.1922037641224494,0.3171397703961088,-0.4923941651357791,38.49380323684034,-0.1143666923969941,0.0141085220261879,momentum_v1,
2026-07-17 00:00:00,WBD,Communication Services,74.54545454545455,100.0,26.8700008392334,0.0101503930034436,-0.0189849785324042,-0.0614739215202295,1.1359301273602491,-0.1037357822044496,1.492578989315751,0.2060425736367557,-0.2030677200610098,51.71505670723606,-0.0810447760792837,0.0474304383438983,momentum_v1,
2026-07-17 00:00:00,WEC,Utilities,42.72727272727273,30.0,113.3499984741211,-0.0115112907988316,-0.0181137620470485,0.0767208515024255,0.1039756767372575,-0.0462768201145378,0.1140751522132075,0.2016845449867225,0.1260176547992708,34.567907577330004,-0.080173559593928,0.0011217729525538,momentum_v1,
2026-07-17 00:00:00,WELL,Real Estate,89.0909090909091,100.0,243.25,0.139344262295082,0.1378511105082212,0.2980046239734173,0.5676968711128121,0.0,0.5669011568424454,0.26841430944729,0.4046442931857158,69.13461739495,0.0757913129613416,0.0920167033715264,momentum_v1,
2026-07-17 00:00:00,WFC,Financials,56.36363636363636,30.0,87.51000213623047,0.0289241504550634,0.0832038915635571,-0.0090435349658239,0.1191362147315733,-0.0824477146249619,0.191909620249008,0.2629305140710536,0.4826998540189051,60.987366250134926,0.0211440940166776,-0.0018831539508508,momentum_v1,
2026-07-17 00:00:00,WMB,Energy,68.18181818181817,60.0,73.37999725341797,0.0265807751434594,0.043210181178759,0.2263801595482339,0.2945911935802265,-0.0689940758868431,0.3394849242084619,0.2776405083149865,0.0554860916617641,34.10366237095364,-0.0188496163681204,0.0164167230096601,momentum_v1,
2026-07-17 00:00:00,WMT,Consumer Staples,19.090909090909093,20.0,114.23999786376952,-0.0561018010742045,-0.0830154170027712,-0.0445442248284827,0.2106688557403311,-0.1487332305392731,0.2119425224978035,0.2645738558964306,-0.7478414875781498,46.75904025778296,-0.1450752145496507,-0.1364490882782081,momentum_v1,
2026-07-17 00:00:00,XEL,Utilities,41.81818181818181,20.0,78.7699966430664,-0.0026589858817567,-0.0208011009245661,0.0492218188085615,0.1739017476166175,-0.0471851212888055,0.1658116436619878,0.2212239212705004,0.0177070402893368,36.65123129741872,-0.0828608984714456,-0.0015655659249637,momentum_v1,
2026-07-17 00:00:00,XOM,Energy,47.27272727272727,30.0,147.36000061035156,0.0387706187532517,-0.0238176175448268,0.147074453174812,0.3548719502742394,-0.1347745656619629,0.4368069313909268,0.2574569302703984,-0.3641717186210585,72.94320077549378,-0.0858774150917063,-0.0506110757139257,momentum_v1,
2026-07-20 00:00:00,AAPL,Technology,90.9090909090909,80.0,326.5899963378906,0.1035309439670684,0.2096765296528238,0.2671730606305138,0.5612114621681941,-0.0214238452259292,0.6201484455935409,0.3664505426470294,0.5012194373820502,82.10451122727838,0.1619932693581776,0.0699323733337105,momentum_v1,
2026-07-20 00:00:00,ABBV,Health Care,93.63636363636364,90.0,253.3800048828125,0.1534761594491827,0.2246065690133574,0.1966354861634864,0.3648934421378644,-0.0225475234454805,0.413257074556991,0.3764704122791363,0.8910027694990024,51.03524793097934,0.1769233087187112,0.1496581040010152,momentum_v1,
2026-07-20 00:00:00,ABT,Health Care,30.909090909090907,20.0,101.66000366210938,0.1568934973611107,0.0575878598179664,-0.1659726234208769,-0.1369202032147646,-0.2386931061537009,0.2401292920117601,0.4592415887288381,0.2135481951377752,67.6713274641809,0.0099045995233202,-0.0173606051943757,momentum_v1,
2026-07-20 00:00:00,ADBE,Technology,7.272727272727272,30.0,234.7400054931641,0.1959446044072619,-0.0397217900441784,-0.2280574556213552,-0.3594214826753934,-0.3704508043899087,0.2136911279070079,0.356178037836331,-0.3739739804700492,73.47043230908851,-0.0874050503388246,-0.1794659463632917,momentum_v1,
2026-07-20 00:00:00,AEP,Utilities,56.36363636363636,80.0,131.0500030517578,0.0216730232065154,-0.0124065344393101,0.1142834623449793,0.2763155118120768,-0.0550868790479414,0.2598132875535524,0.2234979991598469,0.0532200630527817,34.09926489923656,-0.0600897947339563,0.0078065614491822,momentum_v1,
2026-07-20 00:00:00,AMD,Technology,100.0,100.0,503.5700073242188,-0.0173859925930796,0.8088651920944361,1.2094156343005422,2.13926809941946,-0.1331358892009764,2.3318116273507687,0.7110708795533977,0.7155137548960186,44.27806975019878,0.7611819317997899,0.6691210357753228,momentum_v1,
2026-07-20 00:00:00,AMT,Real Estate,13.636363636363637,10.0,167.05999755859375,-0.0774752833564517,-0.0751552059436354,-0.0617470199592629,-0.2220521783716253,-0.2532237014511073,0.0305348030942276,0.3328449999379503,-0.1468306178285315,46.750096253060846,-0.1228384662382816,-0.1009273484945202,momentum_v1,
2026-07-20 00:00:00,AMZN,Consumer Discretionary,39.09090909090909,90.0,249.9900054931641,0.0525894968133224,-0.0022748725693788,0.0495844033107306,0.116624977849266,-0.0909123445544448,0.2575582973803685,0.3155645014629508,-0.4395919042162927,63.30002472391627,-0.049958132864025,0.0439971942139661,momentum_v1,
2026-07-20 00:00:00,APD,Materials,53.63636363636364,80.0,296.6300048828125,0.0593529253156215,0.0228322707036527,0.1291977932716346,0.0373158372224784,-0.0558897400367427,0.3110433736750095,0.3977312410997524,-0.0272957566291375,66.13791357024542,-0.0248509895909934,0.0548857929008856,momentum_v1,
2026-07-20 00:00:00,AVB,Real Estate,73.63636363636363,70.0,191.83999633789065,0.0779331614917568,0.1135150838008618,0.082888368173015,-0.0132129387166504,-0.0246967097273975,0.2175002270872807,0.2347947389032454,0.5587145934552606,51.4557266438888,0.0658318235062156,0.087742941249977,momentum_v1,
2026-07-20 00:00:00,AVGO,Technology,30.0,50.0,378.1600036621094,-0.0359925854601798,-0.0683364694420558,0.1065041103415662,0.3298335211215912,-0.2134923365697987,0.3673529244623548,0.4768785409660214,-0.3683966268562204,52.23798404531061,-0.116019729736702,-0.2080806257611691,momentum_v1,
2026-07-20 00:00:00,AXP,Financials,57.27272727272727,50.0,351.92999267578125,0.0362757184284143,0.0639252332309914,-0.0094048642579509,0.127935291257027,-0.07819016423215,0.2112395308827144,0.2497312113997022,0.5533907237542816,57.90418074200188,0.0162419729363452,-0.0086726900518501,momentum_v1,
2026-07-20 00:00:00,BA,Industrials,15.454545454545451,20.0,209.47999572753903,-0.0715774001940097,-0.0622258431884515,-0.1544361383599013,-0.093160191655675,-0.169224664690901,0.1694953184343759,0.2846484408434365,-0.2469287475343845,44.803503099698986,-0.1099091034830977,-0.0913206091209103,momentum_v1,
2026-07-20 00:00:00,BAC,Financials,84.54545454545455,100.0,60.41999816894531,0.0688130103245832,0.1265799780711971,0.1613855228964031,0.3129764892194728,-0.0189966225157318,0.374357941995572,0.2106567821560312,0.7146707815624895,62.4265941750124,0.0788967177765509,0.0539820547883556,momentum_v1,
2026-07-20 00:00:00,BKNG,Consumer Discretionary,19.090909090909093,60.0,179.4499969482422,0.0455630824620036,-0.0630637542411527,-0.1319591731803611,-0.204040145484709,-0.2166626868475136,0.1672037987505426,0.4123573721742548,0.1121225930674169,46.72275523253949,-0.1107470145357989,-0.0167916874578076,momentum_v1,
2026-07-20 00:00:00,BLK,Financials,27.27272727272727,10.0,1054.1099853515625,-0.0030925679662463,0.0075180557129044,-0.0784147990339825,-0.0264009073863822,-0.1093057680221747,0.1486077173260047,0.3576384424452091,-0.1534005498021869,71.16041027725997,-0.0401652045817417,-0.0650798675699371,momentum_v1,
2026-07-20 00:00:00,BMY,Health Care,58.18181818181818,50.0,60.15999984741211,0.1005626549419089,0.0111202445525426,0.0855954518742763,0.3118516213412483,-0.0144874980768531,0.4599251475816821,0.3655235362758778,0.0020526048959232,56.696831184047234,-0.0365630157421035,-0.0638282204597995,momentum_v1,
2026-07-20 00:00:00,C,Financials,47.27272727272727,30.0,128.72000122070312,-0.1047433418170418,-0.0215698318812715,0.1067853529204312,0.4140964857771376,-0.1163588739019815,0.4334993668386591,0.293569558110658,0.4499484503863934,28.43718444797122,-0.0692530921759178,-0.0941677551641131,momentum_v1,
2026-07-20 00:00:00,CAT,Industrials,87.27272727272727,90.0,864.2999877929688,-0.0958448371779655,0.0897193078526912,0.341159443953636,1.089731279721601,-0.1883745253282996,1.1345918067480714,0.5342267526261761,0.4258278212535122,21.75849558979894,0.042036047558045,0.0606245419202324,momentum_v1,
2026-07-20 00:00:00,CL,Consumer Staples,68.18181818181817,70.0,91.93000030517578,0.0149039351604236,0.0779784430237737,0.103483053983669,0.0803936614485003,-0.0669626246852403,0.2412342450040612,0.2695463460685394,0.7047124114086485,48.88783376360781,0.0302951827291275,0.0417328543555395,momentum_v1,
2026-07-20 00:00:00,CMCSA,Communication Services,3.636363636363636,20.0,23.780000686645508,0.0623184461598604,-0.1864999608178007,-0.1398841135215609,-0.2333590487912381,-0.2567074219864579,0.0799286571071602,0.2852674952716098,-0.6387593157237581,48.677244711051294,-0.2341832211124469,-0.1192308772259655,momentum_v1,
2026-07-20 00:00:00,CMG,Consumer Discretionary,8.181818181818182,30.0,33.130001068115234,0.0398619093984273,-0.0753558644978716,-0.1791377461075154,-0.3812103006799338,-0.3856851310839753,0.1756565191388692,0.4736244617624781,0.0063936376702511,50.65040632756362,-0.1230391247925178,-0.0290837977145266,momentum_v1,
2026-07-20 00:00:00,COP,Energy,52.72727272727272,20.0,115.68000030517578,0.0401942384453022,0.004306239301135,0.1871688532627784,0.2877303214516904,-0.1290007468953178,0.3838006599570907,0.3141797363690152,-0.55450382754561,73.99665671847445,-0.0433770209935111,-0.056359864931083,momentum_v1,
2026-07-20 00:00:00,COST,Consumer Staples,22.727272727272727,30.0,935.7999877929688,-0.0308516432792019,-0.062739031501802,-0.0191395815223329,-0.0134627075491899,-0.1448570493790679,0.1040449407942494,0.2502948404769187,-0.5838788638510741,46.62363549855444,-0.1104222917964482,-0.0989846201700362,momentum_v1,
2026-07-20 00:00:00,CRM,Technology,6.363636363636363,20.0,173.7899932861328,0.1210810766117771,-0.0433812436387105,-0.2520262504974671,-0.3256082788378448,-0.3514860105019456,0.1576738538425071,0.3829653244680496,-0.3248050275942322,67.3827352177489,-0.0910645039333567,-0.1831253999578238,momentum_v1,
2026-07-20 00:00:00,CSCO,Technology,95.45454545454544,90.0,110.6999969482422,-0.0529777348108957,0.2882796910828595,0.4846007791108337,0.6543512936956495,-0.1452759902388416,0.7068310437632728,0.3874770376877938,0.4949720666696422,40.23068127266378,0.2405964307882133,0.1485355347637462,momentum_v1,
2026-07-20 00:00:00,CVX,Energy,63.63636363636363,40.0,189.7100067138672,0.068307268598593,0.0405326010814719,0.1634593672355275,0.3056915063603553,-0.0933099490298222,0.3205211799729732,0.2632978573160286,-0.269934640754638,81.1986320866148,-0.0071506592131742,-0.0201335031507461,momentum_v1,
2026-07-20 00:00:00,D,Utilities,86.36363636363636,100.0,70.36000061035156,0.0344017065976094,0.1384897763728545,0.190286099200726,0.2752550170970143,-0.0185521242259927,0.2734866358986283,0.1566912552898935,0.8634475824474614,56.4977922672638,0.0908065160782083,0.1587028722613469,momentum_v1,
2026-07-20 00:00:00,DE,Industrials,49.09090909090909,50.0,586.0,-0.0016162732501109,-0.0049810930298379,0.1440611387794765,0.1887255219078247,-0.1105718292743141,0.3465316763036261,0.3319266000399053,0.2053881740374037,32.99919031096954,-0.0526643533244841,-0.0340758589622967,momentum_v1,
2026-07-20 00:00:00,DHR,Health Care,34.54545454545455,30.0,201.1100006103516,0.1337039993166782,0.0347996405979815,-0.1581274478999759,0.0400619652250122,-0.1656401718965673,0.2446866861221388,0.2957954780292453,0.4506112580395991,60.84353598806946,-0.0128836196966646,-0.0401488244143606,momentum_v1,
2026-07-20 00:00:00,DIS,Communication Services,12.727272727272728,40.0,96.41000366210938,-0.0367961327484994,-0.0860029984729892,-0.1433847477070827,-0.1996887078901137,-0.2044408995750375,0.0511658263291807,0.288242341631598,-0.579543964938598,45.8309838553538,-0.1336862587676354,-0.018733914881154,momentum_v1,
2026-07-20 00:00:00,DLR,Real Estate,20.909090909090907,20.0,176.25,-0.0578896820881735,-0.1286458710912302,0.11249396353135,0.0259006446517671,-0.1298851361780474,0.207552093215956,0.3117926044932516,-0.6792706698948949,31.98390710134068,-0.1763291313858764,-0.154418013642115,momentum_v1,
2026-07-20 00:00:00,DOW,Materials,17.272727272727273,20.0,30.3700008392334,-0.0655384357158954,-0.1382353625660761,0.1110303483133476,0.1229302034890569,-0.2672839762392522,0.5313173417216188,0.3887438970431317,-0.8423853537658248,64.92082763568307,-0.1859186228607223,-0.1061818403688432,momentum_v1,
2026-07-20 00:00:00,DUK,Utilities,50.90909090909091,60.0,125.8499984741211,0.0171340423476089,-0.0085330748310776,0.0766915564747039,0.1088685493456729,-0.0488723291535884,0.1229703981622276,0.2146955352920543,0.0325150373685091,44.622720819659605,-0.0562163351257238,0.0116800210574147,momentum_v1,
2026-07-20 00:00:00,EA,Communication Services,72.72727272727273,90.0,209.2899932861328,0.0308836020181404,0.0277578710680626,0.0271178457229723,0.4023499843467972,0.0,0.4217072765221026,0.0448181927664441,0.6262950468159696,83.86584896186265,-0.0199253892265836,0.0950269546598977,momentum_v1,
2026-07-20 00:00:00,ECL,Materials,33.63636363636363,60.0,268.6499938964844,-0.0015238373070306,-0.0197155466509995,-0.0274579378397096,0.0093065176235778,-0.1240339805984646,0.0962527061920663,0.2184205582846566,0.3082191628735433,35.846340578263124,-0.0673988069456457,0.0123379755462333,momentum_v1,
2026-07-20 00:00:00,ED,Utilities,61.81818181818181,90.0,111.0500030517578,0.0374626504291142,0.0166155048757647,0.1002138136772574,0.1405613294551784,-0.0301385387298029,0.1907490409941805,0.2035547326284452,0.2877295364026413,46.47727849069756,-0.0310677554188814,0.0368286007642572,momentum_v1,
2026-07-20 00:00:00,EOG,Energy,81.81818181818183,70.0,141.08999633789062,0.0666948919862395,0.1067281396340191,0.3386979853237228,0.2327504444260164,-0.0443612348460576,0.4207718301479519,0.3023469155756508,-0.0017125115109311,65.9251293189458,0.0590448793393729,0.046062035401801,momentum_v1,
2026-07-20 00:00:00,EQIX,Real Estate,51.81818181818182,30.0,1017.3099975585938,-0.0654191201768815,-0.0608829598638011,0.281975497907857,0.3415258647021397,-0.0883828422911073,0.4156834379733336,0.2525142079718135,-0.3564236398266486,33.70628374498763,-0.1085662201584473,-0.0866551024146858,momentum_v1,
2026-07-20 00:00:00,EQR,Real Estate,78.18181818181819,80.0,68.80000305175781,0.075579020627456,0.1090406868418043,0.1501806660681772,0.0687171394290824,-0.0192444539523362,0.2134624534947811,0.2067021695659928,0.6895379279076577,52.14555345842122,0.0613574265471581,0.0832685442909195,momentum_v1,
2026-07-20 00:00:00,ETN,Industrials,42.72727272727273,40.0,401.4100036621094,-0.0200908375452317,-0.0090856520631374,0.2108631524449609,0.0665801135812607,-0.0788700610708715,0.278495342718204,0.5108595675678053,-0.0137041810770959,47.389281049400594,-0.0567689123577836,-0.0381804179955962,momentum_v1,
2026-07-20 00:00:00,EXC,Utilities,46.36363636363636,50.0,45.959999084472656,0.0087795807533959,-0.0133512972095309,0.0597840486031382,0.1086915712062992,-0.0775059900552793,0.1045640120884565,0.2305047382896961,0.2374456486232961,43.3815255045666,-0.0610345575041771,0.0068617986789614,momentum_v1,
2026-07-20 00:00:00,FCX,Materials,20.0,30.0,58.790000915527344,-0.1466450127160665,-0.1606224993281797,-0.0149688948566131,0.3365272267372639,-0.1782947927012551,0.681437709287168,0.4495129679837094,-0.0023613502174647,42.92415737407808,-0.2083057596228259,-0.1285689771309468,momentum_v1,
2026-07-20 00:00:00,GE,Industrials,76.36363636363637,80.0,341.29998779296875,-0.0428663588995903,0.1236162789821491,0.0696481501478023,0.3179394656459764,-0.0987113277854543,0.324452817487955,0.2729820942770677,0.8367796405195197,26.97016232294743,0.0759330186875029,0.0945215130496903,momentum_v1,
2026-07-20 00:00:00,GOOGL,Communication Services,79.0909090909091,100.0,351.989990234375,-0.032436345235935,0.0307897046575951,0.0591026429890879,0.9228354050533992,-0.1252291872911527,0.9074579254416656,0.3632857851021243,-0.0690410143294697,48.93970127235848,-0.016893555637051,0.0980587882494302,momentum_v1,
2026-07-20 00:00:00,GS,Financials,82.72727272727273,80.0,1055.030029296875,-0.0401313615769608,0.1444243514286558,0.0916080259935601,0.5248050131449682,-0.0842309247843529,0.536626281984097,0.4507642920500923,0.7378380255853279,55.474847071337656,0.0967410911340096,0.0718264281458143,momentum_v1,
2026-07-20 00:00:00,HD,Consumer Discretionary,26.36363636363636,70.0,333.0400085449219,0.0169781280446637,-0.0396736085897255,-0.1091325494370575,-0.0477531957653546,-0.197095062935717,0.1278209591958852,0.3220483457393068,0.2436922660293999,37.59598256795095,-0.0873568688843717,0.0065984581936194,momentum_v1,
2026-07-20 00:00:00,HON,Industrials,24.545454545454547,30.0,226.17999267578125,-0.0566352392744986,-0.071514216113997,0.0135078245856943,-0.0191149389089699,-0.1257545068703165,0.158310055151065,0.3445287276509378,0.0071574564278872,48.11976386406067,-0.1191974764086432,-0.1006089820464557,momentum_v1,
2026-07-20 00:00:00,JNJ,Health Care,80.9090909090909,70.0,248.82000732421875,0.0624253226579143,0.0686266658680365,0.1457910556493946,0.5648364766807557,-0.0689267459335017,0.5579539722090587,0.3300198720167755,0.7096109456090615,41.540065074373,0.0209434055733903,-0.0063217991443056,momentum_v1,
2026-07-20 00:00:00,JPM,Financials,74.54545454545455,70.0,338.8699951171875,0.0208018836139212,0.097027223121475,0.1063138473996958,0.1912825105641766,-0.0231760642819423,0.2096543210468304,0.2223978193058435,0.5967762252374118,60.4916352347546,0.0493439628268288,0.0244292998386335,momentum_v1,
2026-07-20 00:00:00,KMB,Consumer Staples,66.36363636363637,60.0,108.4800033569336,0.0690844786823576,0.1126064516926672,0.1087373819801424,-0.1103802529780917,-0.1680099880760525,0.181837835591389,0.3100560550386425,0.7308743544890721,47.13197069310543,0.064923191398021,0.076360863024433,momentum_v1,
2026-07-20 00:00:00,KO,Consumer Staples,77.27272727272727,80.0,82.12000274658203,0.0273990045420335,0.0912357520648923,0.1807391016226063,0.1962843457232932,-0.0329721559436776,0.2761231517427844,0.2714841820249358,0.6803333468430116,48.50704825895367,0.0435524917702461,0.054990163396658,momentum_v1,
2026-07-20 00:00:00,LIN,Materials,70.0,90.0,512.0499877929688,-0.0073664591893262,0.0435552362343143,0.1712448272013176,0.1249814362032621,-0.0632775243826867,0.3236287417449979,0.2162203100815596,0.5329445193267378,50.53915200895618,-0.0041280240603318,0.0756087584315472,momentum_v1,
2026-07-20 00:00:00,LLY,Health Care,90.0,80.0,1146.9000244140625,0.031384914041423,0.2393064957768114,0.1140613261062584,0.516760693973263,-0.0717569603865276,0.8461011415467243,0.3567879468020041,0.8564242632168617,33.63940309421183,0.1916232354821652,0.1643580307644692,momentum_v1,
2026-07-20 00:00:00,LMT,Industrials,14.545454545454543,10.0,509.5400085449219,-0.0427938053536701,-0.1339338483549231,-0.1078256809474914,0.1152665123545542,-0.2420929005261307,0.2740007763064613,0.3287439158802821,-0.019267065993745,54.07440278923072,-0.1816171086495693,-0.1630286142873819,momentum_v1,
2026-07-20 00:00:00,LOW,Consumer Discretionary,2.727272727272727,10.0,204.7100067138672,-0.0578082446339129,-0.1828513770294677,-0.2541192559670181,-0.0450335373167156,-0.2842735137760493,0.0,0.329261995479905,-0.5021961439311919,34.405026798442265,-0.2305346373241139,-0.1365793102461227,momentum_v1,
2026-07-20 00:00:00,MCD,Consumer Discretionary,10.0,40.0,267.6400146484375,-0.0570079355163225,-0.1345863010086724,-0.1220257214607963,-0.0873457299207596,-0.2055344629806059,0.0117184773697065,0.2983971832151852,-0.4491880969799932,50.4542085249221,-0.1822695613033186,-0.0883142342253273,momentum_v1,
2026-07-20 00:00:00,MDLZ,Consumer Staples,44.54545454545455,50.0,60.27000045776367,-0.001393423428235,0.0615754547203948,0.0698322089299334,-0.1065383103316923,-0.1185353066371376,0.1900871883909505,0.3226592069396832,0.0413140484097223,51.92069023789857,0.0138921944257486,0.0253298660521605,momentum_v1,
2026-07-20 00:00:00,META,Communication Services,28.18181818181818,50.0,645.8499755859375,0.1379011877433735,-0.0611450499731295,0.0422069134516476,-0.0761939624906116,-0.1797888796252343,0.229644340427312,0.5259707571753767,-0.0762067417398218,65.76286182626052,-0.1088283102677757,0.0061240336187056,momentum_v1,
2026-07-20 00:00:00,MO,Consumer Staples,89.0909090909091,100.0,74.66000366210938,0.0828137341057961,0.1808717057202946,0.2511572055639968,0.3750296832095467,0.0,0.4080091394072551,0.2486589843509097,0.3903735817671312,52.2676582034352,0.1331884454256484,0.1446261170520604,momentum_v1,
2026-07-20 00:00:00,MPC,Energy,99.0909090909091,100.0,315.3099975585937,0.289031506364545,0.4811801441645318,0.7912022157898693,0.8457881707880681,0.0,1.0271200799619455,0.2988390764797539,0.6515406364106746,86.44573582846387,0.4334968838698856,0.4205140399323137,momentum_v1,
2026-07-20 00:00:00,MRK,Health Care,80.0,60.0,124.4000015258789,0.0776160680438349,0.0522767110286832,0.1374480869734944,0.5770230499528644,-0.0398270772611062,0.6456596412348767,0.3516550688709285,0.7248771878339759,42.26707296760089,0.004593450734037,-0.0226717539836589,momentum_v1,
2026-07-20 00:00:00,MS,Financials,83.63636363636363,90.0,210.94000244140625,-0.0623222077437674,0.1231521202291483,0.1151111088883722,0.5332246868427946,-0.0770509751704687,0.5426406069433181,0.3321810828268667,0.8218103515079095,49.22372765016568,0.0754688599345021,0.0505541969463068,momentum_v1,
2026-07-20 00:00:00,MSFT,Technology,11.818181818181818,40.0,402.2900085449219,0.0617033191439873,-0.0464265805905392,-0.1151370905158337,-0.2075369671110358,-0.2531631778843315,0.1401808912364821,0.3570977491720039,-0.4329152031244164,71.36882371939298,-0.0941098408851854,-0.1861707369096525,momentum_v1,
2026-07-20 00:00:00,NEE,Utilities,43.63636363636363,30.0,88.0,0.0264784387516627,-0.0362627535428677,0.0858861600054754,0.2044183133915009,-0.0943547453753685,0.2878506985275564,0.165830801804673,-0.370462474709028,47.25911947613152,-0.0839460138375139,-0.0160496576543753,momentum_v1,
2026-07-20 00:00:00,NEM,Materials,5.454545454545454,10.0,89.19999694824219,-0.1558626053382803,-0.2325469683049768,-0.2155746607931714,0.5545509181082051,-0.3210366059745599,0.54920802593086,0.3506538746188655,-0.7604611788755667,38.70692321247132,-0.280230228599623,-0.2004934461077439,momentum_v1,
2026-07-20 00:00:00,NFLX,Communication Services,1.818181818181818,10.0,67.5999984741211,-0.1216216309992137,-0.3053129157318417,-0.232254444847841,-0.4694585607001724,-0.4648723522089762,0.0,0.4570510454060518,-0.898316992762626,35.667906266045705,-0.3529961760264879,-0.2380438321400065,momentum_v1,
2026-07-20 00:00:00,NKE,Consumer Discretionary,4.545454545454546,20.0,43.470001220703125,-0.0162932208278161,-0.0471654522598569,-0.3164562641540173,-0.3880124027996953,-0.4363595894645727,0.0667484962135736,0.3793171670573427,-0.052589681112789,59.15364247474561,-0.0948487125545031,-0.0008933854765118,momentum_v1,
2026-07-20 00:00:00,NUE,Materials,92.72727272727272,100.0,230.7400054931641,-0.0842965811034709,0.180919504881146,0.3278541492014799,0.6613291752250221,-0.1315687068383799,0.7672407264656207,0.3510523619942715,0.1403769415106694,53.012851325797904,0.1332362445864998,0.2129730270783789,momentum_v1,
2026-07-20 00:00:00,NVDA,Technology,37.27272727272727,60.0,203.27999877929688,-0.0066943325582529,0.0091081497052738,0.0880937072633027,0.1765938497778965,-0.1366890987457321,0.232166356208576,0.3802204572366814,-0.0821599335407643,57.45291260860426,-0.0385751105893723,-0.1306360066138394,momentum_v1,
2026-07-20 00:00:00,O,Real Estate,60.909090909090914,40.0,65.18000030517578,0.0807563458724724,0.0144876027591565,0.1016812320227338,0.2206090748948967,-0.0182514586423344,0.2256106715243846,0.2226163817751106,0.0458614419616045,61.76210594565784,-0.0331956575354897,-0.0112845397917282,momentum_v1,
2026-07-20 00:00:00,ORCL,Technology,0.9090909090909092,10.0,121.37999725341795,-0.3363359027769029,-0.3042255385024189,-0.3561882098027132,-0.5064786025483473,-0.6260974172820695,0.0,0.4658023124655502,-0.3322932624013167,25.94041459123396,-0.3519087987970651,-0.4439696948215322,momentum_v1,
2026-07-20 00:00:00,OXY,Energy,64.54545454545455,50.0,55.18999862670898,0.0405354010948411,0.0307662603631617,0.2904371433849175,0.2934862956528457,-0.1629692288769262,0.4313507544314536,0.3578735268368349,-0.3859455794731472,72.59258694118924,-0.0169169999314844,-0.0298998438690563,momentum_v1,
2026-07-20 00:00:00,PEP,Consumer Staples,10.909090909090908,10.0,135.4600067138672,-0.0432939457770364,-0.1318247420805168,-0.0577325310488959,-0.0317436235827911,-0.1899340568973809,0.0210498857379657,0.3026686315026891,-0.8130899638645531,45.3360579904637,-0.179508002375163,-0.1680703307487511,momentum_v1,
2026-07-20 00:00:00,PFE,Health Care,21.818181818181817,10.0,24.75,-0.0451388916994645,-0.0871356193832063,-0.0119746636741936,0.0772806768337626,-0.1187900813793678,0.1176641738246941,0.2551822719932867,-0.6375708577696286,54.7499872446121,-0.1348188796778525,-0.1620840843955485,momentum_v1,
2026-07-20 00:00:00,PG,Consumer Staples,41.81818181818181,40.0,149.1300048828125,-0.0094978261089884,0.0226159482478096,0.0462543361165266,-0.0141370401588455,-0.1013578498314227,0.0962023626926733,0.2545978443577607,0.2879152687296903,51.1478872332479,-0.0250673120468365,-0.0136296404204245,momentum_v1,
2026-07-20 00:00:00,PLD,Real Estate,69.0909090909091,60.0,147.47999572753906,0.0464026761234925,0.0237791337897093,0.1280260869007041,0.430590718095855,-0.0171931352327743,0.4628916407394154,0.2770547182740662,0.0648256988186752,66.03208958199247,-0.0239041265049368,-0.0019930087611754,momentum_v1,
2026-07-20 00:00:00,PM,Consumer Staples,85.45454545454545,90.0,192.72000122070312,0.0829121897926501,0.2314960620708201,0.1361406133564482,0.1145817310793717,-0.0013472614394862,0.3707515578204676,0.3290670733937557,0.4009469066838517,60.86957985932673,0.1838128017761739,0.1952504734025859,momentum_v1,
2026-07-20 00:00:00,PPG,Materials,48.18181818181818,70.0,115.6999969482422,-0.0122930036615102,0.0139689407184715,0.064083000134159,0.0238111746220091,-0.1097323061627184,0.2430890451652334,0.3136943675226473,0.5566819748116298,40.920175148878144,-0.0337143195761746,0.0460224629157044,momentum_v1,
2026-07-20 00:00:00,PSA,Real Estate,62.727272727272734,50.0,315.5299987792969,0.009437623436423,0.0298853700372339,0.0978494470662039,0.1590040083678237,-0.0428043175649929,0.2447872594341424,0.2382013019366628,0.5777760860640107,43.2032841031012,-0.0177978902574122,0.0041132274863491,momentum_v1,
2026-07-20 00:00:00,PSX,Energy,97.27272727272728,80.0,208.8000030517578,0.2490279675707143,0.3449887610587026,0.5144983885391488,0.725177027446732,0.0,0.8244290991540033,0.3283621404592917,0.4475552859503752,79.8283261802575,0.2973055007640564,0.2843226568264845,momentum_v1,
2026-07-20 00:00:00,QCOM,Technology,67.27272727272727,70.0,170.32000732421875,-0.2002629180261201,0.2551328234880845,0.0660304027225668,0.1395703930576826,-0.3189822523185955,0.3778437466227706,0.5812707111501779,0.0577341311166408,33.99443271689363,0.2074495631934383,0.1153886671689712,momentum_v1,
2026-07-20 00:00:00,RTX,Industrials,50.0,60.0,194.44000244140625,0.0096583268909888,-0.005956931888717,-0.0196744870201006,0.303886882045532,-0.0797043081323207,0.324253362770839,0.2715785664365847,0.592262707438616,61.54595998816564,-0.0536401921833632,-0.0350516978211757,momentum_v1,
2026-07-20 00:00:00,SBUX,Consumer Discretionary,70.9090909090909,100.0,104.80999755859376,0.0499899607195477,0.0542431587014879,0.1374806185439652,0.1543714236424851,-0.0328504668982354,0.3621046223282478,0.2451188460408784,0.0591564672813172,51.76970376040446,0.0065598984068417,0.100515225484833,momentum_v1,
2026-07-20 00:00:00,SCHW,Financials,65.45454545454545,60.0,102.54000091552734,0.0849645391788491,0.115170595477394,0.0048215291808266,0.1153676252073763,-0.0368859281364393,0.2014060076007899,0.2778731190259633,0.4297448904686369,81.60248451701409,0.0674873351827478,0.0425726721945525,momentum_v1,
2026-07-20 00:00:00,SHW,Materials,25.454545454545453,40.0,323.6000061035156,0.0312301424212051,-0.0610937125205833,-0.0869725933130631,-0.0390639166845722,-0.1314225225425209,0.1044368808993707,0.2789704072425371,0.1063044555688765,33.61825412274554,-0.1087769728152295,-0.0290401903233504,momentum_v1,
2026-07-20 00:00:00,SLB,Energy,23.63636363636364,10.0,46.38999938964844,-0.0782833756818022,-0.1144469438674071,0.0072626285525343,0.3745933876334679,-0.2003102787122723,0.4905046797127672,0.2546713924176113,-0.5717959923059697,50.07922608118965,-0.1621302041620533,-0.1751130480996252,momentum_v1,
2026-07-20 00:00:00,SO,Utilities,54.54545454545454,70.0,94.45999908447266,0.0208581036489499,0.007746365953138,0.0812144263561769,0.0451866021599234,-0.0390262397866479,0.1416532931938583,0.1997597853123677,0.2957805668057022,42.91022125221145,-0.0399368943415081,0.0279594618416304,momentum_v1,
2026-07-20 00:00:00,SPG,Real Estate,88.18181818181819,90.0,228.19000244140625,0.0873439520525309,0.1186221194358037,0.2799944262700029,0.468946088010878,-0.002229971638134,0.4876873292614905,0.2183617769690474,0.8012764687453684,51.01712117852832,0.0709388591411575,0.0928499768849189,momentum_v1,
2026-07-20 00:00:00,SPGI,Financials,32.72727272727273,20.0,448.3500061035156,0.1336921054570892,0.073297080279066,-0.1270863519189679,-0.0903744102523238,-0.1529186661907977,0.2184287988930622,0.4137378277602981,0.1342937374305836,75.73306328969852,0.0256138199844198,0.0006991569962244,momentum_v1,
2026-07-20 00:00:00,SRE,Utilities,40.0,10.0,90.69000244140624,0.01205681349039,-0.028524484911013,0.0044218688118362,0.2231576469116167,-0.0843295274247347,0.1925201088012629,0.1678414375716012,0.0195670103334191,37.14059026559027,-0.0762077452056592,-0.0083113890225205,momentum_v1,
2026-07-20 00:00:00,T,Communication Services,9.090909090909092,30.0,21.950000762939453,-0.008738564286559,-0.1609238780538131,-0.0528143412331028,-0.148386272736099,-0.2276043026843554,0.0861283681018767,0.3295249716482143,-0.8619757614638657,55.10032367577352,-0.2086071383484593,-0.093654794461978,momentum_v1,
2026-07-20 00:00:00,TJX,Consumer Discretionary,38.18181818181819,80.0,155.6999969482422,-0.0513617722767343,-0.0278194076074705,0.0031480742155891,0.2900334551752801,-0.0754706159817442,0.2900334551752801,0.2834356801519383,0.0002768840226637,61.316476272739486,-0.0755026679021168,0.0184526591758744,momentum_v1,
2026-07-20 00:00:00,TMO,Health Care,35.45454545454545,40.0,526.22998046875,0.1397907203666049,0.0002991005866688,-0.1558820860044024,0.2427605529939038,-0.1754191715870845,0.3042633483590649,0.2718824621906631,0.3495788877111633,60.9483549292753,-0.0473841597079773,-0.0746493644256733,momentum_v1,
2026-07-20 00:00:00,TMUS,Communication Services,31.818181818181817,60.0,195.63999938964844,0.0790359165187439,-0.0048994958396428,0.036648121245207,-0.1220253099027121,-0.2304290486727496,0.1663984044180531,0.353011275996053,-0.235139885204376,73.18637491799997,-0.052582756134289,0.0623695877521922,momentum_v1,
2026-07-20 00:00:00,TSLA,Consumer Discretionary,16.363636363636363,50.0,369.5700073242188,-0.0676371089064393,-0.0775048379297347,-0.1573295000745247,0.1570395513196623,-0.2455907494884873,0.2211942020333623,0.5881272097728047,-0.0021625091775533,36.10179114020453,-0.1251880982243809,-0.0312327711463896,momentum_v1,
2026-07-20 00:00:00,UNH,Health Care,96.36363636363636,100.0,421.5499877929688,0.0551147325130794,0.3059718073045965,0.2604838427093263,0.5025508888788817,-0.0234664683438798,0.8204141630511019,0.2490193322639728,0.8520163961957707,51.12731626025637,0.2582885470099503,0.2310233422922543,momentum_v1,
2026-07-20 00:00:00,UNP,Industrials,91.81818181818184,100.0,296.25,0.1480333811822489,0.1857495610475934,0.2986220588177259,0.3318249181013395,-0.0182270091135046,0.4010349957831929,0.2071248443989595,0.4918967114961879,78.05571835139762,0.1380663007529472,0.1566547951151347,momentum_v1,
2026-07-20 00:00:00,UPS,Industrials,71.81818181818181,70.0,113.1500015258789,0.0762865450583867,0.0809596744263203,0.0740369256211825,0.2153912382458396,-0.0388209280278235,0.4372719737432371,0.2732588505538778,0.5083084474883375,61.63949040624449,0.0332764141316741,0.0518649084938616,momentum_v1,
2026-07-20 00:00:00,VLO,Energy,98.1818181818182,90.0,313.3099975585937,0.3067105641895313,0.4075501495528768,0.7159163480622583,1.2210986307409697,0.0,1.418768046005527,0.4082391729239765,0.6172683707537121,75.47435768475333,0.3598668892582306,0.3468840453206587,momentum_v1,
2026-07-20 00:00:00,VMC,Materials,29.09090909090909,50.0,280.6199951171875,-0.0481650222313957,-0.0361046845175893,-0.0662868054831364,0.0747134792720982,-0.1472876311417603,0.0939922461022011,0.3278482810399137,0.0821013679830663,33.16400291267813,-0.0837879448122355,-0.0040511623203564,momentum_v1,
2026-07-20 00:00:00,VZ,Communication Services,36.36363636363637,70.0,43.5,-0.0348702293177511,-0.0495907450634328,0.1409292670246957,0.1348336914500127,-0.125983399204336,0.1897422243126014,0.3112509251312302,-0.5123035167373751,50.97734467626413,-0.097274005358079,0.0176783385284022,momentum_v1,
2026-07-20 00:00:00,WBD,Communication Services,59.09090909090909,80.0,25.86000061035156,-0.0144816754604113,-0.0586093463140434,-0.0923130635975916,1.0140187151897735,-0.1374249164373883,1.3988869434993956,0.2407090834324179,-0.218024252185382,35.60090428340904,-0.1062926066086896,0.0086597372777916,momentum_v1,
2026-07-20 00:00:00,WEC,Utilities,40.909090909090914,20.0,112.5500030517578,8.887627642706342e-05,-0.0203316904979076,0.0583473911564347,0.0954616711601266,-0.053007955433294,0.1062122935106313,0.1923927318133097,0.1287323162500331,33.827574909230776,-0.0680149507925538,-0.0001185946094152,momentum_v1,
2026-07-20 00:00:00,WELL,Real Estate,94.54545454545456,100.0,244.83999633789065,0.1853788076514237,0.1669952920423931,0.3101687078080444,0.5771431593140428,0.0,0.5705674225357518,0.2281312148035624,0.4321483263801943,69.99299286627429,0.1193120317477469,0.1412231494915083,momentum_v1,
2026-07-20 00:00:00,WFC,Financials,55.45454545454545,40.0,86.33000183105469,0.0300680628310379,0.0664975292445848,-0.0192189112450201,0.1068157895843691,-0.0948201514930559,0.1758377006820732,0.2621130459303841,0.5182533971517262,58.08486391544668,0.0188142689499386,-0.0061003940382566,momentum_v1,
2026-07-20 00:00:00,WMB,Energy,75.45454545454545,60.0,74.16000366210938,0.0408421566611842,0.0500018795749828,0.2480503827011688,0.3171362195928942,-0.0590977742444482,0.3537233240653035,0.2788823387880761,0.0433406679321394,46.311508728132765,0.0023186192803366,-0.0106642246572352,momentum_v1,
2026-07-20 00:00:00,WMT,Consumer Staples,18.181818181818183,20.0,112.1999969482422,-0.0501989371290212,-0.1183206225860091,-0.0549930202150302,0.189800112343615,-0.163934429957438,0.1903006816216306,0.2591576344887337,-0.7591798164811778,44.854195695408976,-0.1660038828806553,-0.1545662112542434,momentum_v1,
2026-07-20 00:00:00,XEL,Utilities,45.45454545454545,40.0,78.66999816894531,0.0156209540249685,-0.0224059746484729,0.0595700757780104,0.1643315148499937,-0.0483947193344008,0.1522549600135971,0.2100361639994175,0.0207190688086252,37.080406304812,-0.0700892349431191,-0.0021928787599805,momentum_v1,
2026-07-20 00:00:00,XOM,Energy,60.0,30.0,148.36000061035156,0.0541423534160485,0.0199876400370064,0.1644278125537428,0.3710294042579953,-0.1289030575813823,0.4465572498317507,0.2554074383340924,-0.3602951456585354,75.51868822483232,-0.0276956202576397,-0.0406784641952115,momentum_v1,
2026-07-21 00:00:00,AAPL,Technology,90.0,80.0,327.739990234375,0.099761684153266,0.2013988933519452,0.2849720598266576,0.5581031342084697,-0.0179780672846139,0.6258532150328593,0.3664073354027463,0.503821771867622,80.27769164247923,0.1428597851108468,0.0303613117333518,momentum_v1,
2026-07-21 00:00:00,ABBV,Health Care,94.54545454545456,90.0,256.1000061035156,0.1913847730790485,0.2661277151415002,0.2132617163695855,0.3951441767102657,-0.0120546989203677,0.4284282044562906,0.3619882613330117,0.8983302029437774,57.43385017749775,0.2075886069004018,0.1743033423835067,momentum_v1,
2026-07-21 00:00:00,ABT,Health Care,27.27272727272727,30.0,99.66999816894533,0.1354018347453345,0.0456341472355652,-0.1704120625531194,-0.1754366719618023,-0.2535957703890208,0.2158536278917826,0.4679177881081408,0.3037244795265528,67.58688879008596,-0.0129049610055331,-0.0461902255224282,momentum_v1,
2026-07-21 00:00:00,ADBE,Technology,3.636363636363636,20.0,227.1600036621093,0.1639680231580813,-0.0863532188354444,-0.2328785377285571,-0.3789879483976874,-0.3907796104893976,0.1744997640295889,0.3808657684472042,-0.3611878069698134,66.65163280375117,-0.1448923270765428,-0.2573908004540378,momentum_v1,
2026-07-21 00:00:00,AEP,Utilities,54.54545454545454,80.0,130.47999572753906,0.0218497394689383,-0.0138986060456006,0.1042578459517189,0.2533711200130157,-0.0591968171414212,0.254333678363692,0.2234440665149901,0.0516891773504986,35.04959287067797,-0.0724377142866991,-0.002026146955253,momentum_v1,
2026-07-21 00:00:00,AMD,Technology,100.0,100.0,544.4299926757812,0.0131380568746755,0.9801053591728432,1.348401796039033,2.467927725497709,-0.0627979930715937,2.602156906671717,0.747074062325132,0.7075988472894589,44.17847779868213,0.9215662509317448,0.8090677775542499,momentum_v1,
2026-07-21 00:00:00,AMT,Real Estate,10.909090909090908,10.0,163.38999938964844,-0.0719114083649711,-0.0919868993541004,-0.0924564974938559,-0.2449984153178653,-0.2696290409150352,0.0078958656127174,0.3280569446203325,-0.1686478538316704,49.61437857648589,-0.1505260075951988,-0.1134045075427447,momentum_v1,
2026-07-21 00:00:00,AMZN,Consumer Discretionary,36.36363636363637,80.0,247.5500030517578,0.0129301676418893,-0.0029402115801844,0.035254299542951,0.0947242635051717,-0.0997854036768028,0.2452840254159132,0.3030637013954299,-0.4721719796309299,62.22458149754754,-0.0614793198212828,0.0368620760593492,momentum_v1,
2026-07-21 00:00:00,APD,Materials,50.0,80.0,296.3900146484375,0.0643131930300973,0.0070275473718657,0.1217473931963866,0.03040466274144,-0.0566535779453654,0.3099826663920482,0.3968025122592311,-0.0194744508445412,54.04448898544539,-0.0515115608692327,0.0442221294693517,momentum_v1,
2026-07-21 00:00:00,AVB,Real Estate,67.27272727272727,60.0,190.6499938964844,0.0852020507810549,0.0911093251645929,0.0666140919077697,-0.0217538991652629,-0.0307466123477653,0.2099479529510015,0.2299675178839852,0.5494431833878836,52.99876080791215,0.0325702169234944,0.0696917169759485,momentum_v1,
2026-07-21 00:00:00,AVGO,Technology,34.54545454545455,50.0,386.5,-0.0589238166246564,-0.031324690427074,0.1029648069873072,0.3740804307194429,-0.1961465808864668,0.3975085727501966,0.4522838845337142,-0.3949374057556499,53.34966732307934,-0.0898637986681725,-0.2023622720456674,momentum_v1,
2026-07-21 00:00:00,AXP,Financials,57.27272727272727,40.0,350.7900085449219,0.0406811953157839,0.0663299402801866,-0.0326975639640367,0.1512978820750408,-0.0811761233896963,0.2073160407778289,0.2481795266133662,0.6008452205116459,59.05975628939536,0.0077908320390882,-0.0035266649382237,momentum_v1,
2026-07-21 00:00:00,BA,Industrials,12.727272727272728,10.0,204.8000030517578,-0.0804597614526213,-0.0901012911601052,-0.1731265782139872,-0.1070026758436745,-0.1877850168188591,0.1433676230158973,0.290448570996539,-0.2835644534564923,38.99679257449488,-0.1486403994012036,-0.1200010891939945,momentum_v1,
2026-07-21 00:00:00,BAC,Financials,82.72727272727273,80.0,61.220001220703125,0.089323850349021,0.1406503128347873,0.1683211102811956,0.3219270394107245,-0.0060074513876944,0.3925555236234848,0.2106448312955794,0.749964919808772,70.94861131162551,0.0821112045936889,0.0707937076163769,momentum_v1,
2026-07-21 00:00:00,BKNG,Consumer Discretionary,19.090909090909093,50.0,179.39999389648438,0.0443590358093881,-0.063422425302629,-0.1191143400743869,-0.20690742844623,-0.2168809607782994,0.1668785618993118,0.4124318564226039,0.1864464867561009,51.41324146331217,-0.1219615335437275,-0.0236201376630954,momentum_v1,
2026-07-21 00:00:00,BLK,Financials,26.36363636363636,10.0,1038.239990234375,-0.0112847241394983,-0.0041294861091758,-0.0973777854801054,-0.0395034798151747,-0.1227154817226675,0.131315025748429,0.3607505682612618,-0.1476691589603944,65.33108405435465,-0.0626685943502742,-0.0739860913275862,momentum_v1,
2026-07-21 00:00:00,BMY,Health Care,68.18181818181817,50.0,60.93000030517578,0.1410703065810863,0.0420733172477041,0.1265496601857967,0.3482803350822854,-0.0018737168345434,0.4786110357929494,0.3518078579642474,0.0180255923564338,61.85940013384883,-0.0164657909933942,-0.0497510555102893,momentum_v1,
2026-07-21 00:00:00,C,Financials,61.81818181818181,60.0,132.83999633789062,-0.0714385670006548,0.0031445482820096,0.1365983797817187,0.4537362464047139,-0.0880758014163952,0.4793818571762485,0.3204705876982748,0.4513041675838349,39.379451147482776,-0.0553945599590888,-0.0667120569364008,momentum_v1,
2026-07-21 00:00:00,CAT,Industrials,91.81818181818184,100.0,889.969970703125,-0.0955539799080336,0.1167597116712839,0.3841742457381012,1.1785081370586767,-0.1627186561298594,1.2020674225584909,0.5323719659233034,0.3703881700115404,20.26927895016252,0.0582206034301855,0.0868599136373946,momentum_v1,
2026-07-21 00:00:00,CL,Consumer Staples,70.0,70.0,90.5,0.0171973173193431,0.0896543057546384,0.0902189423585424,0.0682069285670223,-0.0762105776004652,0.2289315499932658,0.2694191430996199,0.6845562754462335,48.44947849300999,0.0311151975135399,0.0623056138490694,momentum_v1,
2026-07-21 00:00:00,CMCSA,Communication Services,6.363636363636363,20.0,23.809999465942383,0.0759881413981824,-0.1882134624600091,-0.1223922583382879,-0.2288361231426067,-0.2557697487586621,0.0812910011149601,0.2804869562258283,-0.6093045869382854,44.91315171708757,-0.2467525707011075,-0.1171923552529282,momentum_v1,
2026-07-21 00:00:00,CMG,Consumer Discretionary,7.272727272727272,30.0,33.31999969482422,0.0255462595715258,-0.0700530842299592,-0.1661661546991515,-0.3821620710870564,-0.3687002564332363,0.1823988408085426,0.4695747326758917,0.0184785266224473,47.03315526961208,-0.1285921924710577,-0.0302507965904256,momentum_v1,
2026-07-21 00:00:00,COP,Energy,58.18181818181818,20.0,117.5,0.0905884753085979,0.0165154320195206,0.2149344634990566,0.324689897813426,-0.1152972685873936,0.4055720705049412,0.292912944404027,-0.536358067838272,76.54901345974389,-0.0420236762215777,-0.0534299189016882,momentum_v1,
2026-07-21 00:00:00,COST,Consumer Staples,20.909090909090907,30.0,929.219970703125,-0.0233643819630001,-0.0674173470833522,-0.0329701907522789,-0.0173503117603385,-0.1508699317286561,0.0962818412572683,0.2465704246542873,-0.6082868686231097,48.00306872173776,-0.1259564553244506,-0.0947660389889212,momentum_v1,
2026-07-21 00:00:00,CRM,Technology,4.545454545454546,30.0,170.05999755859375,0.1204374682192335,-0.0846678682141415,-0.2473896630786217,-0.3463703637670943,-0.3654048464736716,0.1328270922593661,0.3834624551809992,-0.3051984436119914,63.935105697610574,-0.1432069764552399,-0.2557054498327349,momentum_v1,
2026-07-21 00:00:00,CSCO,Technology,95.45454545454544,90.0,112.18000030517578,-0.0580587344572702,0.2837722305835835,0.505649697265601,0.6826278582110357,-0.1338487595381062,0.729650314047549,0.3841679678195822,0.4556788953756002,43.04722079444935,0.225233122342485,0.11273464896499,momentum_v1,
2026-07-21 00:00:00,CVX,Energy,63.63636363636363,30.0,191.07000732421875,0.1004434829865781,0.0522240586571642,0.1710952437422632,0.3267966002885012,-0.0868100334793527,0.3299877845124697,0.2465515453229205,-0.2379536163948938,88.71221530931413,-0.0063150495839341,-0.0177212922640446,momentum_v1,
2026-07-21 00:00:00,D,Utilities,83.63636363636363,100.0,69.8499984741211,0.021049477195238,0.1338704349981032,0.1663874183666118,0.2555502658385635,-0.025666116677692,0.2642558101576504,0.1588748668053907,0.8574893742172954,58.965490630765885,0.0753313267570048,0.1457428940884508,momentum_v1,
2026-07-21 00:00:00,DE,Industrials,46.36363636363636,50.0,586.8800048828125,-0.0014235939828541,-0.010292077533541,0.1472046449212876,0.1888910135037096,-0.1092361618116015,0.3485538774401093,0.3319359103270734,0.2267803419515633,27.678955446974456,-0.0688311857746394,-0.0401918755674303,momentum_v1,
2026-07-21 00:00:00,DHR,Health Care,10.0,10.0,179.00999450683594,0.0124816011081407,-0.0824482668730837,-0.2382569747288373,-0.0511412858639725,-0.2573280901385854,0.1079078920453611,0.4992313681395288,0.4939506088086559,40.14773844318912,-0.1409873751141821,-0.1742726396310772,momentum_v1,
2026-07-21 00:00:00,DIS,Communication Services,15.454545454545451,40.0,96.13999938964844,-0.0675072666098988,-0.0886484817210957,-0.1288068967801092,-0.1967375255950527,-0.2066689293224768,0.0482219485842061,0.2642287352225916,-0.5783398752896454,49.66195241355379,-0.1471875899621941,-0.0176273745140148,momentum_v1,
2026-07-21 00:00:00,DLR,Real Estate,22.727272727272727,20.0,179.30999755859375,-0.046983771589991,-0.1147784731483094,0.1108468471874954,0.0365577201068518,-0.1147784731483094,0.2285172362350518,0.3182711624543817,-0.667971598577858,49.57586513206306,-0.1733175813894079,-0.1361960813369538,momentum_v1,
2026-07-21 00:00:00,DOW,Materials,17.272727272727273,20.0,30.46999931335449,-0.0397100613633677,-0.1629090714353909,0.1296481591217979,0.1313981852081476,-0.264871382155768,0.5363594686012965,0.3817688886232497,-0.8489352807481264,70.06450282324444,-0.2214481796764893,-0.1257144893379048,momentum_v1,
2026-07-21 00:00:00,DUK,Utilities,49.09090909090909,60.0,125.91000366210938,0.0165509691720966,-0.0067415021635496,0.0743136189481199,0.1004037079844246,-0.0484188321700208,0.1235058296335347,0.2146995418536864,0.0481760285861665,48.43238800833413,-0.065280610404648,0.0051309569267979,momentum_v1,
2026-07-21 00:00:00,EA,Communication Services,73.63636363636363,90.0,209.0399932861328,0.0340835992959596,0.0289027009095359,0.0253886061553951,0.3980620520919173,-0.0011945148264121,0.4200090261014788,0.0409431043301978,0.672213129711973,80.7693752318173,-0.0296364073315624,0.0999238081166168,momentum_v1,
2026-07-21 00:00:00,ECL,Materials,32.72727272727273,50.0,264.20001220703125,-0.0182817442011837,-0.0390304996298672,-0.041289005987939,-0.0064513537582974,-0.1385436877843205,0.0780941185114434,0.2258370347091405,0.3472310674743776,31.80097804335827,-0.0975696078709656,-0.0018359175323812,momentum_v1,
2026-07-21 00:00:00,ED,Utilities,56.36363636363636,90.0,109.80999755859376,0.0324369775145187,0.0096635915208556,0.0750382271905121,0.12246979578528,-0.0409681966004349,0.1774529103211859,0.2066524362165906,0.3096293855150777,47.61350500506924,-0.0488755167202428,0.0215360506112032,momentum_v1,
2026-07-21 00:00:00,EOG,Energy,81.81818181818183,70.0,143.44000244140625,0.1117444311567601,0.1188024954675954,0.3827052338214349,0.2612707184914906,-0.0284440402244798,0.4444363177743795,0.2879724343538781,-0.0010423008396474,72.93145217666407,0.060263387226497,0.0488571445463865,momentum_v1,
2026-07-21 00:00:00,EQIX,Real Estate,53.63636363636364,40.0,1027.8800048828125,-0.0588816414484052,-0.0643188536951901,0.2953600813731223,0.351612910992739,-0.0789109998271671,0.4303926066083263,0.2559265042661608,-0.3583456843175372,45.8785384841027,-0.1228579619362886,-0.0857364618838345,momentum_v1,
2026-07-21 00:00:00,EQR,Real Estate,75.45454545454545,80.0,68.29000091552734,0.0766012580404642,0.0878033927155061,0.125644893010749,0.0625322956313454,-0.0265146196706124,0.2044672730286953,0.2060425783688763,0.6824360329632084,51.66358764631222,0.0292642844744077,0.0663857845268618,momentum_v1,
2026-07-21 00:00:00,ETN,Industrials,38.18181818181819,40.0,402.9500122070313,-0.0446214223317594,-0.0086033291113702,0.1791229536597476,0.0766104495383468,-0.0753361482037465,0.2834002871253349,0.4994124456451974,-0.0151698543165912,39.91469853578394,-0.0671424373524687,-0.0385031271452596,momentum_v1,
2026-07-21 00:00:00,EXC,Utilities,45.45454545454545,40.0,45.88999938964844,0.0017463002392326,-0.001690434266505,0.0444489900529891,0.0955247979549842,-0.0789110009443051,0.1028815971107111,0.2298782291772745,0.2488820168941224,45.72098874418683,-0.0602295425076034,0.0101820248238425,momentum_v1,
2026-07-21 00:00:00,FCX,Materials,33.63636363636363,60.0,62.560001373291016,-0.0868979607199282,-0.1064142535820303,0.0705150097823188,0.4114404995273748,-0.1256016653084832,0.7892625236262929,0.512941773650442,-1.3738601422841334e-05,49.58565759303428,-0.1649533618231288,-0.0692196714845443,momentum_v1,
2026-07-21 00:00:00,GE,Industrials,74.54545454545455,70.0,340.70001220703125,-0.0461785912804225,0.1235990813186016,0.0507555395677901,0.3006807917101719,-0.1002957145963286,0.3221243884732763,0.2726619466650664,0.8329265795571127,26.71791101113397,0.0650599730775032,0.0936992832847123,momentum_v1,
2026-07-21 00:00:00,GOOGL,Communication Services,76.36363636363637,100.0,347.1499938964844,-0.0567345187948495,0.0294509156985727,0.0533389731617075,0.8812296529624659,-0.1372576189155443,0.8407463240612694,0.3625132097182194,-0.117595796431635,43.56423047460988,-0.0290881925425257,0.1004720229056536,momentum_v1,
2026-07-21 00:00:00,GS,Financials,85.45454545454545,90.0,1085.56005859375,-0.0100313702964036,0.157797612592198,0.1393789545318007,0.5635682885800577,-0.0577307722587051,0.5810925474974946,0.4629504021661698,0.7394656310045302,60.92026596817021,0.0992585043510996,0.0879410073737876,momentum_v1,
2026-07-21 00:00:00,HD,Consumer Discretionary,25.454545454545453,70.0,331.6000061035156,-0.0080172091826249,-0.0481574537896158,-0.1153410952381882,-0.0528201647656011,-0.2005667907056271,0.1229444732090907,0.3142770540015742,0.302797667424879,35.19663483608156,-0.1066965620307143,-0.0083551661500822,momentum_v1,
2026-07-21 00:00:00,HON,Industrials,30.909090909090907,30.0,229.8600006103516,-0.0429609326974463,-0.0407589897016031,0.0094814468534574,0.0045564828017914,-0.1115303028926847,0.1771560642220739,0.350430507825763,0.0144425063343263,56.95288249264562,-0.0992980979427016,-0.0706587877354925,momentum_v1,
2026-07-21 00:00:00,JNJ,Health Care,80.9090909090909,60.0,250.6100006103516,0.0972897293230179,0.0925972838036062,0.1588365360842898,0.5691616314221044,-0.0622286717247616,0.5628604497074439,0.3141698204004596,0.7260293514183037,46.91855822765006,0.0340581755625077,0.0007729110456127,momentum_v1,
2026-07-21 00:00:00,JPM,Financials,77.27272727272727,70.0,345.2300109863281,0.066309731270082,0.0939942720620625,0.1154990761446528,0.2079327756001465,-0.0048427334410845,0.2323574838788533,0.2095087502346249,0.6419864259353683,67.13132945817415,0.0354551638209641,0.0241376668436521,momentum_v1,
2026-07-21 00:00:00,KMB,Consumer Staples,64.54545454545455,60.0,108.0500030517578,0.0535296960203959,0.1115700030649482,0.1164623112091796,-0.111266223468978,-0.1713079828062993,0.1771531875987033,0.3098340524062303,0.7430745840985752,46.59002183240325,0.0530308948238498,0.0842213111593792,momentum_v1,
2026-07-21 00:00:00,KO,Consumer Staples,78.18181818181819,80.0,81.97000122070312,0.0324978190060434,0.0929945014420361,0.1792516583818459,0.20674963878286,-0.0347385422968719,0.2737921676515937,0.2701457870204985,0.6612594264721089,52.1186544393351,0.0344553932009377,0.0656458095364671,momentum_v1,
2026-07-21 00:00:00,LIN,Materials,62.727272727272734,90.0,505.0299987792969,-0.0139022264870756,0.0170169796761587,0.1580298321304127,0.1006820590430555,-0.0761195937986746,0.3054824538567877,0.2200047171361319,0.4745691883936996,42.35293249183709,-0.0415221285649396,0.0542115617736448,momentum_v1,
2026-07-21 00:00:00,LLY,Health Care,92.72727272727272,80.0,1175.4100341796875,0.0699455579958185,0.279958010711602,0.1357844394864,0.5338986432609527,-0.0486823962912188,0.8919921176156436,0.3617138252489965,0.8463497137085919,45.229580036636605,0.2214189024705035,0.1881336379536085,momentum_v1,
2026-07-21 00:00:00,LMT,Industrials,18.181818181818183,20.0,507.0899963378906,-0.0075545861178619,-0.1219211562343118,-0.1190363943887066,0.1224393502138172,-0.2457371318217442,0.2678750209165528,0.2982942678623221,-0.0049479879237762,48.63369231018246,-0.1804602644754103,-0.1518209542682012,momentum_v1,
2026-07-21 00:00:00,LOW,Consumer Discretionary,2.727272727272727,10.0,203.509994506836,-0.0841134234837985,-0.1926768090094182,-0.2599342547566586,-0.0531440581896331,-0.2884691099471971,0.0,0.3161964873006991,-0.4979212339588259,32.40778330879786,-0.2512159172505166,-0.1528745213698845,momentum_v1,
2026-07-21 00:00:00,MCD,Consumer Discretionary,8.181818181818182,40.0,263.9100036621094,-0.0527618623248697,-0.1343589064966202,-0.1309106681839227,-0.0900681538484848,-0.2166065972865779,0.0,0.2958426410026855,-0.4459726106657597,43.75488004688418,-0.1928980147377186,-0.0945566188570865,momentum_v1,
2026-07-21 00:00:00,MDLZ,Consumer Staples,42.72727272727273,40.0,59.86000061035156,0.0040212831315653,0.0532500055374367,0.0636681575837314,-0.1127434211753876,-0.1245316628182064,0.1819912712186961,0.3206159885953851,0.0206408414990758,56.85210389329408,-0.0052891027036616,0.0259013136318677,momentum_v1,
2026-07-21 00:00:00,META,Communication Services,31.818181818181817,60.0,643.8099975585938,0.115363345406005,-0.0395035116974478,0.0398362355347912,-0.0828646297595352,-0.1823796571402527,0.2257603928686804,0.5256286163483608,-0.0452621176778248,65.16841349552342,-0.0980426199385462,0.031517595509633,momentum_v1,
2026-07-21 00:00:00,MO,Consumer Staples,87.27272727272727,100.0,72.98999786376953,0.0559895104659682,0.1465957523818335,0.2196062358734825,0.343346119322875,-0.0223681451436545,0.3765145866134014,0.2648345779267124,0.3701410023091824,53.99385547174168,0.0880566441407351,0.1192470604762645,momentum_v1,
2026-07-21 00:00:00,MPC,Energy,99.0909090909091,100.0,319.760009765625,0.3163723393228994,0.4990677588786094,0.8367531323542945,0.8714082576217823,0.0,1.055728895363381,0.2905091136749445,0.6487916606238983,91.16248812470612,0.440528650637511,0.4291224079574005,momentum_v1,
2026-07-21 00:00:00,MRK,Health Care,84.54545454545455,70.0,126.26000213623048,0.1088082821708753,0.0859774741624175,0.1771557334586375,0.6318297674626823,-0.0254707894762876,0.6702650023985428,0.3477435108495549,0.7574402516808646,46.62447427170636,0.027438365921319,-0.0058468985955759,momentum_v1,
2026-07-21 00:00:00,MS,Financials,86.36363636363636,100.0,216.3999938964844,-0.0303356379800472,0.1408648971905599,0.1569214740015529,0.573692747759134,-0.0531612732139055,0.5825704658353348,0.3460226058562148,0.8097610967826591,56.94077708154242,0.0823257889494615,0.0710082919721495,momentum_v1,
2026-07-21 00:00:00,MSFT,Technology,9.090909090909092,40.0,397.75,0.0483658576666246,-0.0465437052765782,-0.1312109865667539,-0.2139455590919587,-0.2615916228895247,0.1273134799684436,0.3605390978139603,-0.4236529742868075,65.65388307972856,-0.1050828135176766,-0.2175812868951716,momentum_v1,
2026-07-21 00:00:00,NEE,Utilities,41.81818181818181,30.0,87.93000030517578,0.0136023089933807,-0.0373432917003696,0.0663398453944477,0.1912593073262405,-0.0950751418690358,0.2868262763016918,0.1613766815245843,-0.3622324065679345,50.71302968939757,-0.095882399941468,-0.025470832610022,momentum_v1,
2026-07-21 00:00:00,NEM,Materials,14.545454545454543,10.0,92.48999786376952,-0.1088737156959336,-0.1927380411970426,-0.1860009352074726,0.6063481155949022,-0.2959940324544812,0.5615335009011164,0.380876909071915,-0.7639062635907825,48.22887587460353,-0.251277149438141,-0.1555434590995565,momentum_v1,
2026-07-21 00:00:00,NFLX,Communication Services,1.818181818181818,10.0,68.66999816894531,-0.1125613775346564,-0.2758621022565726,-0.2196591117165305,-0.4321226876056286,-0.4564021387067142,0.0158283982097107,0.4616460644547362,-0.8990598461949175,43.25925351017949,-0.334401210497671,-0.2048409950494917,momentum_v1,
2026-07-21 00:00:00,NKE,Consumer Discretionary,5.454545454545454,20.0,42.959999084472656,-0.0495575584216234,-0.0674611202202511,-0.3222722778113481,-0.3909360349322608,-0.4429724305208428,0.054233106367427,0.3713076360664503,-0.0398734403331073,58.72145988279996,-0.1260002284613496,-0.0276588325807175,momentum_v1,
2026-07-21 00:00:00,NUE,Materials,90.9090909090909,100.0,233.1999969482422,-0.0412470905857748,0.1558031121311645,0.3450888486790833,0.680473611563615,-0.1223100888716601,0.7860816245295947,0.3358026140780462,0.1029464718111622,62.34349637382725,0.097264003890066,0.1929976942286505,momentum_v1,
2026-07-21 00:00:00,NVDA,Technology,43.63636363636363,60.0,207.2899932861328,-0.0161374963969588,0.0270790610690969,0.1144435873597333,0.203909719158035,-0.1196590318797843,0.2564726349845263,0.3720564355561842,-0.0965087441519817,56.58857707601497,-0.0314600471720014,-0.1439585205494964,momentum_v1,
2026-07-21 00:00:00,O,Real Estate,59.09090909090909,50.0,64.98999786376953,0.0835090715786499,0.0141789601865685,0.0859506472236633,0.2146803114312252,-0.0211132969183641,0.2220377895731466,0.2214607354994462,0.0901954269376354,65.73206044881064,-0.0443601480545299,-0.0072386480020758,momentum_v1,
2026-07-21 00:00:00,ORCL,Technology,0.9090909090909092,10.0,127.0500030517578,-0.3081989774303353,-0.2820587924883354,-0.3304867750547545,-0.476479635968026,-0.6086313246329604,0.0467128515953247,0.5132807708457684,-0.3694191945379749,33.69003311906535,-0.3405979007294338,-0.4530963741069288,momentum_v1,
2026-07-21 00:00:00,OXY,Energy,70.9090909090909,60.0,56.5,0.0903126270308183,0.0418680661471466,0.3356082922559327,0.3220636571688602,-0.1431012910812653,0.4653255958995399,0.3531059456466986,-0.3839075362140342,77.74667528733025,-0.0166710420939517,-0.0280772847740622,momentum_v1,
2026-07-21 00:00:00,PEP,Consumer Staples,13.636363636363637,10.0,135.0,-0.049429686391174,-0.1310252895040337,-0.0593279726317788,-0.0202109401007457,-0.1926849483342128,0.0175825169253764,0.302157567053013,-0.813558925555861,49.36909504344662,-0.1895643977451321,-0.1583739814096026,momentum_v1,
2026-07-21 00:00:00,PFE,Health Care,23.63636363636364,20.0,24.940000534057617,-0.0107099785886678,-0.0787907912212588,0.0049258164798469,0.0904306326631756,-0.1120252185448309,0.1262441491388102,0.239794435112518,-0.6122510567066675,61.025644536866594,-0.1373298994623573,-0.1706151639792523,momentum_v1,
2026-07-21 00:00:00,PG,Consumer Staples,44.54545454545455,50.0,148.10000610351562,-0.0151615820273022,0.0327025748505669,0.0397470810722273,-0.0243360056357192,-0.1075645170841039,0.0886312029094824,0.2556086079759312,0.278032637887646,52.53121995791661,-0.0258365333905314,0.0053538829449979,momentum_v1,
2026-07-21 00:00:00,PLD,Real Estate,72.72727272727273,70.0,149.94000244140625,0.0668849409728906,0.0413584873827932,0.142881533979625,0.4496859667389188,-0.0007996476018909,0.4872930738973577,0.2807143351959755,0.1058800189824618,78.01004964567497,-0.0171806208583051,0.0199408791941488,momentum_v1,
2026-07-21 00:00:00,PM,Consumer Staples,80.0,90.0,188.0399932861328,0.0627744116699176,0.2034208180835344,0.1017826178111578,0.0901924173552659,-0.0255985208351897,0.3374642595312891,0.3419831972717571,0.384918856036889,57.422436050783865,0.1448817098424359,0.1760721261779654,momentum_v1,
2026-07-21 00:00:00,PPG,Materials,48.18181818181818,70.0,115.70999908447266,-0.0214799231757069,0.0151171819545592,0.0627266503021934,0.0372202984222105,-0.1096553435093889,0.2431965088325134,0.3116489670197011,0.5805236039756267,40.148309707911885,-0.0434219262865391,0.0523117640520452,momentum_v1,
2026-07-21 00:00:00,PSA,Real Estate,50.90909090909091,30.0,309.75,-0.0263108111582367,0.0014654116670134,0.0745848457090876,0.1356900523307134,-0.0603385929030803,0.2219847719754264,0.2381894218731188,0.575278458141703,43.44162099474384,-0.057073696574085,-0.0199521965216309,momentum_v1,
2026-07-21 00:00:00,PSX,Energy,97.27272727272728,80.0,212.2700042724609,0.2776574277854891,0.37278393267744,0.5589301761154113,0.743817528094282,0.0,0.854748760513379,0.3229324803916485,0.4479632130589677,88.09943608122454,0.3142448244363416,0.3028385817562311,momentum_v1,
2026-07-21 00:00:00,QCOM,Technology,69.0909090909091,70.0,173.5,-0.2326743641074627,0.266294449506679,0.0993531116088655,0.1444241548111877,-0.3062671785951577,0.4035690450857445,0.531424539346673,0.027200090190752,40.04935641653588,0.2077553412655806,0.0952568678880856,momentum_v1,
2026-07-21 00:00:00,RTX,Industrials,52.72727272727272,60.0,193.6699981689453,0.043480559267486,-0.0067075095714798,-0.033663529612941,0.2987234762734847,-0.0833487825499708,0.3190091705554969,0.237252652979535,0.7166497908112284,56.75583324175968,-0.0652466178125782,-0.0366073076053691,momentum_v1,
2026-07-21 00:00:00,SBUX,Consumer Discretionary,71.81818181818181,100.0,104.4499969482422,0.0377545490785335,0.06177067331865,0.1371087647477487,0.1429250028175599,-0.0361724250160497,0.3574260753687679,0.2449490864123711,0.053258313639646,55.74185809941167,0.0032315650775516,0.1015729609581836,momentum_v1,
2026-07-21 00:00:00,SCHW,Financials,55.45454545454545,30.0,99.95999908447266,0.0900763621714473,0.0769584790948785,-0.0304618175193208,0.0566597120346854,-0.0611187743109731,0.1711775146051286,0.2712455186837993,0.4729584561045362,69.38978793934353,0.01841937085378,0.0071018738764681,momentum_v1,
2026-07-21 00:00:00,SHW,Materials,20.0,30.0,318.4599914550781,-0.0072633717627694,-0.0716549861027993,-0.1057437553597074,-0.0548001065550078,-0.1452188787638685,0.0868941687886626,0.2746427478085708,0.1365710559817149,31.068807513667,-0.1301940943438977,-0.0344604040053132,momentum_v1,
2026-07-21 00:00:00,SLB,Energy,30.0,10.0,46.59000015258789,-0.0311915158087034,-0.1027917187570935,0.008141626142748,0.4364527877145203,-0.1968625840264199,0.4969306783553517,0.2081279845511608,-0.6160050345774009,50.78123882411845,-0.161330826998192,-0.1727370696783025,momentum_v1,
2026-07-21 00:00:00,SO,Utilities,51.81818181818182,70.0,93.8499984741211,0.0081641654971376,0.0119458090087154,0.072782154906791,0.029939661014565,-0.045231983868201,0.1342808674826421,0.2005186983613447,0.2803185049883917,44.08397372617879,-0.0465932992323829,0.023818268099063,momentum_v1,
2026-07-21 00:00:00,SPG,Real Estate,88.18181818181819,90.0,226.7899932861328,0.0731556869404537,0.1046350661164887,0.2541860815798908,0.4587681749660972,-0.0083515683760224,0.4785599535707645,0.2208784813017184,0.8281113515054658,55.51651203251205,0.0460959578753903,0.0832174579278444,momentum_v1,
2026-07-21 00:00:00,SPGI,Financials,29.09090909090909,20.0,431.260009765625,0.1093201152469178,0.0319892293298038,-0.1617736067787328,-0.1234118753248081,-0.1852073172348938,0.1719852984411958,0.434675268223442,0.1709602377404744,66.90003741143398,-0.0265498789112945,-0.0378673758886065,momentum_v1,
2026-07-21 00:00:00,SRE,Utilities,40.909090909090914,20.0,90.58999633789062,0.0060359724981977,-0.0229448664419201,-0.0073097735804447,0.1912050874512272,-0.0853392598494937,0.1863535805285461,0.1672098823380663,0.0188595667372711,40.71804361841072,-0.0814839746830186,-0.0110724073515725,momentum_v1,
2026-07-21 00:00:00,T,Communication Services,11.818181818181818,30.0,22.26000022888184,0.0249004422282148,-0.1383476585811467,-0.0296231140026969,-0.1347561735076674,-0.2166957721448794,0.1014677395075005,0.3255534497661412,-0.8436130555934571,77.73352120737925,-0.1968867668222451,-0.0673265513740658,momentum_v1,
2026-07-21 00:00:00,TJX,Consumer Discretionary,40.0,90.0,155.0500030517578,-0.0534765559941025,-0.0258761198771617,-0.008783579922393,0.2846479283140817,-0.0793302079439205,0.2603023242589006,0.2835006169312193,0.0006731152037838,58.817710540259256,-0.0844152281182601,0.0139261677623718,momentum_v1,
2026-07-21 00:00:00,TMO,Health Care,35.45454545454545,40.0,523.4600219726562,0.1266654580756867,-0.0038691328981874,-0.1522776368976633,0.266711030169422,-0.1797595046633868,0.2973979938999502,0.2748637954170944,0.448208418271712,62.53120801583121,-0.0624082411392858,-0.0956935056561809,momentum_v1,
2026-07-21 00:00:00,TMUS,Communication Services,28.18181818181818,50.0,190.7700042724609,0.0500908581231613,-0.0330454995128607,0.0343889161733401,-0.1445586883040223,-0.2495856525118374,0.1373636745472057,0.3668239344085806,-0.183082249076281,75.39682593078244,-0.0915846077539591,0.0379756076942201,momentum_v1,
2026-07-21 00:00:00,TSLA,Consumer Discretionary,21.818181818181817,60.0,378.9299926757813,-0.0538340485013779,-0.0345732670680732,-0.1338743024553571,0.1494918843977641,-0.2264840595679595,0.2521230101506768,0.5945559437534448,-0.0090066361611893,36.35290394941758,-0.0931123753091717,0.0052290205714603,momentum_v1,
2026-07-21 00:00:00,UNH,Health Care,96.36363636363636,100.0,436.3500061035156,0.0882632068102546,0.3566284365521754,0.3360337161162292,0.5851274265420365,0.0,0.8843263056821367,0.2732372267703444,0.8738153104552562,61.86168285429666,0.298089328311077,0.264804063794182,momentum_v1,
2026-07-21 00:00:00,UNP,Industrials,89.0909090909091,90.0,293.1300048828125,0.1411164719361364,0.1684231218564205,0.2906564409746379,0.3331524389410294,-0.0285666781016984,0.3862798148689232,0.2121947264123314,0.493783795677078,73.80040314264265,0.109884013615322,0.1385233238225311,momentum_v1,
2026-07-21 00:00:00,UPS,Industrials,79.0909090909091,80.0,116.33999633789062,0.1094792643593192,0.1044824896298017,0.1219800404324131,0.2531828793352217,-0.011722773262848,0.4777924339983097,0.2849675874960521,0.5511244502692247,67.85136974778004,0.0459433813887033,0.0745826915959124,momentum_v1,
2026-07-21 00:00:00,VLO,Energy,98.1818181818182,90.0,314.79998779296875,0.3322047555116483,0.3978064905515563,0.734601876750778,1.209062165921987,0.0,1.430270555024415,0.3971415163837641,0.6164264802093076,80.94262665286242,0.3392673823104579,0.3278611396303474,momentum_v1,
2026-07-21 00:00:00,VMC,Materials,24.545454545454547,40.0,276.75,-0.0861510918418483,-0.0592658107619427,-0.0919843387708539,0.0456197467764201,-0.1590472023675834,0.0789051364010964,0.3119835998563516,0.0776544340597484,35.725450678056845,-0.1178049190030411,-0.0220712286644566,momentum_v1,
2026-07-21 00:00:00,VZ,Communication Services,37.27272727272727,70.0,43.77999877929688,-0.0185954960962438,-0.0412075607888611,0.1615531159673242,0.1452146100413625,-0.1203575023277445,0.197400176866098,0.3107083014931128,-0.5294039021556415,68.95730196770769,-0.0997466690299595,0.0298135464182197,momentum_v1,
2026-07-21 00:00:00,WBD,Communication Services,60.0,80.0,25.82999992370605,-0.0141221690251541,-0.0579868763006506,-0.0962211339167631,1.0258823469573377,-0.1384256064675278,1.3961039483798552,0.2406944720658919,-0.2341648654374053,39.54658860461195,-0.1165259845417491,0.0130342309064301,momentum_v1,
2026-07-21 00:00:00,WEC,Utilities,39.09090909090909,10.0,111.81999969482422,-0.003120250332838,-0.0205149282133894,0.0473192140813603,0.0720038542917396,-0.0591501798027167,0.0990373608953687,0.1934132075873591,0.1187601832717851,35.668802189772634,-0.0790540364544878,-0.0086424691230417,momentum_v1,
2026-07-21 00:00:00,WELL,Real Estate,93.63636363636364,100.0,246.3699951171875,0.1922090607009636,0.1802868942726043,0.2963121097379821,0.5728300569336264,0.0,0.5803818575758786,0.2265338206257898,0.4561796941343116,72.26813014668895,0.1217477860315059,0.15886928608396,momentum_v1,
2026-07-21 00:00:00,WFC,Financials,60.909090909090914,50.0,87.73999786376953,0.0673966073139351,0.0765111819866073,0.0033414887178515,0.1119198723969934,-0.0800361097756378,0.1950422235352382,0.2554929413749609,0.5638149910292579,64.18243006136193,0.0179720737455089,0.0066545767681969,momentum_v1,
2026-07-21 00:00:00,WMB,Energy,65.45454545454545,40.0,73.36000061035156,0.0032822463724639,0.0421904611711123,0.2093135627934399,0.2752664391893975,-0.0692477825351672,0.3391199037270667,0.267689011344328,0.0277991608873818,46.00979890256267,-0.016348647069986,-0.0277548897500965,momentum_v1,
2026-07-21 00:00:00,WMT,Consumer Staples,16.363636363636363,20.0,110.38999938964844,-0.0579450494781014,-0.1353918748800776,-0.0741214719491025,0.1710988867345819,-0.1774217444116389,0.1635095292297932,0.2628956585475897,-0.7712658728278208,43.96804439482894,-0.193930983121176,-0.1627405667856466,momentum_v1,
2026-07-21 00:00:00,XEL,Utilities,47.27272727272727,50.0,78.72000122070312,0.0169228458418866,-0.0125285939244501,0.0567379205999509,0.152987339138356,-0.0477898741683955,0.1406696749220306,0.2099702979428935,0.0201276472959263,42.933816845777365,-0.0710677021655485,-0.0006561348341025,momentum_v1,
2026-07-21 00:00:00,XOM,Energy,66.36363636363637,50.0,151.7100067138672,0.1008635759489327,0.0342615556031988,0.1837539955178526,0.4525929363060172,-0.1092334696745961,0.4792207660819392,0.2493655073193681,-0.3311741152808024,77.9768742997843,-0.0242775526378995,-0.03568379531801,momentum_v1,
2026-07-22 00:00:00,AAPL,Technology,91.81818181818184,80.0,325.8900146484375,0.0972357965497598,0.2254958812031127,0.3234514925222842,0.5398290880272796,-0.0235212315444268,0.6166760971071699,0.3671338951176748,0.4991943342863615,76.16677479523153,0.1612198792371828,0.0587432944658137,momentum_v1,
2026-07-22 00:00:00,ABBV,Health Care,92.72727272727272,80.0,253.3000030517578,0.1090951073062194,0.2436766621937487,0.2017349441339853,0.4128108548413989,-0.0228561428565878,0.3957462547521868,0.3100044047506624,0.9054677143581792,54.54279224755176,0.1794006602278188,0.1462731583895882,momentum_v1,
2026-07-22 00:00:00,ABT,Health Care,30.909090909090907,30.0,100.56999969482422,0.1532197812734459,0.0923996333450485,-0.1586368343902463,-0.1730063354968191,-0.2468558791688596,0.2268325597714959,0.4655612031506721,0.3700574811211594,66.94337199488578,0.0281236313791186,-0.0050038704591119,momentum_v1,
2026-07-22 00:00:00,ADBE,Technology,3.636363636363636,30.0,218.3600006103516,0.1203694584327554,-0.1165951651403761,-0.2479939240201941,-0.406113998694238,-0.4143803377321249,0.1290005505187326,0.4125568953971114,-0.361278369057849,55.32314436817982,-0.180871167106306,-0.2833477518776751,momentum_v1,
2026-07-22 00:00:00,AEP,Utilities,58.18181818181818,80.0,133.07000732421875,0.0212586662132359,0.016274372111571,0.1331673817009901,0.2648248103533495,-0.0405219916234541,0.2792321388285113,0.2228095827343315,0.0543264061724365,45.50001283124554,-0.0480016298543588,-0.0120523085664394,momentum_v1,
2026-07-22 00:00:00,AMD,Technology,100.0,100.0,552.3300170898438,0.0012689886351993,0.9414743437363498,1.381554076623834,2.5180255865595145,-0.0491985976759548,2.6544264874972123,0.7431824272002748,0.7017691496857034,52.0359920529922,0.8771983417704199,0.7747217569990508,momentum_v1,
2026-07-22 00:00:00,AMT,Real Estate,15.454545454545451,10.0,166.05999755859375,-0.0587768267736883,-0.0407121232341435,-0.0474251157161129,-0.2385216293381911,-0.2576938098520545,0.024366152201408,0.3346663678473202,-0.2058926290076904,49.95743769053208,-0.1049881252000733,-0.0778162060526869,momentum_v1,
2026-07-22 00:00:00,AMZN,Consumer Discretionary,33.63636363636363,80.0,244.8500061035156,0.0518064056239706,-0.0202472789582089,0.0599567363788555,0.0678151018089949,-0.1096039317837386,0.2317018681674048,0.2518585647215717,-0.5062986056016635,54.25561608401439,-0.0845232809241388,0.0194501371268023,momentum_v1,
2026-07-22 00:00:00,APD,Materials,44.54545454545455,70.0,297.0,0.0555790740996835,0.013789885681005,0.1647638010492464,0.0381146010893056,-0.0547121242172944,0.3126786756967061,0.3959750564055361,-0.0134691933680261,40.13434400957807,-0.0504861162849248,0.0284698120750218,momentum_v1,
2026-07-22 00:00:00,AVB,Real Estate,70.9090909090909,70.0,190.2700042724609,0.0675662810442643,0.1156297141474727,0.0893298650525928,-0.0147570716729724,-0.0326784573105162,0.2075363731846817,0.22756906253976,0.5334007099767806,49.744590855743645,0.0513537121815428,0.0785256313289293,momentum_v1,
2026-07-22 00:00:00,AVGO,Technology,37.27272727272727,50.0,396.80999755859375,0.0119347987083515,-0.0117661561865594,0.1974495509887659,0.3868967304757038,-0.1747035620286977,0.4347876702012208,0.4349641403523483,-0.4058655731098012,60.36525753629534,-0.0760421581524892,-0.1785187429238584,momentum_v1,
2026-07-22 00:00:00,AXP,Financials,53.63636363636364,40.0,348.739990234375,0.034385181193046,0.0603554328092137,-0.0039463816467278,0.1633834565875431,-0.0865456610384936,0.2002604806708636,0.2496167232684668,0.6456393132240229,51.268199247755255,-0.0039205691567161,-0.0151004650092456,momentum_v1,
2026-07-22 00:00:00,BA,Industrials,13.636363636363637,10.0,208.6499938964844,-0.0551555849910674,-0.0479558751140962,-0.1620482172831953,-0.090136110097496,-0.1725163634858469,0.1648615430118629,0.3001515157117885,-0.3382043665529194,40.93480674373608,-0.1122318770800261,-0.0937446688747924,momentum_v1,
2026-07-22 00:00:00,BAC,Financials,81.81818181818183,80.0,61.619998931884766,0.0740805312729047,0.1581929900890486,0.1955915184147354,0.3260804086806548,0.0,0.4016540464134344,0.2020532440798292,0.779034607307276,67.83368259643063,0.0939169881231187,0.0827370922705892,momentum_v1,
2026-07-22 00:00:00,BKNG,Consumer Discretionary,18.181818181818183,50.0,177.86000061035156,0.0601418375212312,-0.0657700450474819,-0.111229914719884,-0.210149123385373,-0.2236033582346788,0.1568619219205271,0.4039114267584137,0.2786950121211048,43.74017850148912,-0.1300460470134118,-0.0260726289624706,momentum_v1,
2026-07-22 00:00:00,BLK,Financials,30.0,20.0,1056.6300048828125,0.0046494520450324,0.0189234922729484,-0.037430924465925,-0.0130374772455305,-0.1071764201437299,0.1513536488906703,0.3660981625637622,-0.133901082348383,65.27137097129088,-0.0453525096929814,-0.0565324055455109,momentum_v1,
2026-07-22 00:00:00,BMY,Health Care,65.45454545454545,50.0,60.7599983215332,0.1233249252532826,0.0346165485835645,0.1449546176454139,0.3638121191218513,-0.0046586084677953,0.4744855342688789,0.3524142322995,0.0478972628485888,65.79450391402105,-0.0296594533823653,-0.0627869552205959,momentum_v1,
2026-07-22 00:00:00,C,Financials,57.27272727272727,50.0,132.25,-0.092126026893891,0.0090795946048212,0.1841151269187688,0.4597762334742981,-0.092126026893891,0.4728113219298029,0.3107169879200728,0.4426010618696895,38.39126193077341,-0.0551964073611086,-0.0663763032136381,momentum_v1,
2026-07-22 00:00:00,CAT,Industrials,90.9090909090909,100.0,889.3099975585938,-0.1284581991816974,0.1130735921873076,0.4191669409297269,1.1882000529086345,-0.1633395570810845,1.2004344400880962,0.5111888921708225,0.3136022268513467,27.022654672276133,0.0487975902213777,0.0672847984266113,momentum_v1,
2026-07-22 00:00:00,CL,Consumer Staples,73.63636363636363,70.0,91.62999725341795,0.0393063944964591,0.1264552198454362,0.0919457713278801,0.0840413826842241,-0.0646759245378235,0.244276311788518,0.2696759180251992,0.6723392121227558,48.585661789250544,0.0621792178795064,0.0882650924495769,momentum_v1,
2026-07-22 00:00:00,CMCSA,Communication Services,6.363636363636363,20.0,23.520000457763672,0.0681211848650926,-0.1793299767593645,-0.143548306776886,-0.2484552389075076,-0.2648343049590022,0.0681211848650926,0.2843851853409292,-0.5834064888115502,47.25849617185469,-0.2436059787252944,-0.1138133950226157,momentum_v1,
2026-07-22 00:00:00,CMG,Consumer Discretionary,7.272727272727272,30.0,32.20000076293945,0.0543549377095178,-0.1067960764382811,-0.1743589547964242,-0.3861989835133231,-0.3899203958380914,0.142654379497126,0.4334167243475074,0.0332078791721057,37.91018324068355,-0.171072078404211,-0.0670986603532698,momentum_v1,
2026-07-22 00:00:00,COP,Energy,50.90909090909091,20.0,118.79000091552734,0.0828623903387519,-0.0048827081431942,0.2626059953589423,0.3486518802164835,-0.1055843551108676,0.4210034684435884,0.2896497085515118,-0.4891549970883243,79.884824012931,-0.0691587101091241,-0.0721269874345115,momentum_v1,
2026-07-22 00:00:00,COST,Consumer Staples,19.090909090909093,30.0,927.3099975585938,-0.0252693316279716,-0.0767087762652235,-0.0356083671839483,-0.0158617870801247,-0.1526152833975241,0.0940285581399167,0.2465728118084703,-0.6257742322946608,50.89431331359479,-0.1409847782311534,-0.1148989036610829,momentum_v1,
2026-07-22 00:00:00,CRM,Technology,2.727272727272727,20.0,163.0,0.0857980635608071,-0.12660625288154,-0.2555577058447578,-0.3732667891771913,-0.3917498336508477,0.0857980635608071,0.413625494712636,-0.2988289251947909,49.76323268981676,-0.1908822548474699,-0.293358839618839,momentum_v1,
2026-07-22 00:00:00,CSCO,Technology,96.36363636363636,90.0,112.20999908447266,-0.0732348310112306,0.2556273663726458,0.5438320203361571,0.6759362310550272,-0.1336171364339019,0.7301130545430206,0.377987792911553,0.4170489003279688,43.65783117354283,0.1913513644067159,0.0888747796353468,momentum_v1,
2026-07-22 00:00:00,CVX,Energy,64.54545454545455,30.0,192.97999572753903,0.1023648944296791,0.0471423391897987,0.1896710355820383,0.3432827086114991,-0.0776815351320256,0.3400596244313523,0.2469463359354166,-0.1930729470591859,89.51640664529343,-0.0171336627761311,-0.0201019401015185,momentum_v1,
2026-07-22 00:00:00,D,Utilities,83.63636363636363,100.0,71.08999633789062,0.0448265047225659,0.1753451080916965,0.1878707232550682,0.2866992537954411,-0.0083694529653004,0.2798220153536206,0.16707693857234,0.8543362370085992,67.47877066662572,0.1110691061257667,0.1470184274136861,momentum_v1,
2026-07-22 00:00:00,DE,Industrials,62.727272727272734,50.0,607.3300170898438,0.0172307245644909,0.0367856160080903,0.2005290510561415,0.2391940956521832,-0.0781972250392163,0.3955446473181807,0.3493199981113445,0.2580558818195515,41.54448010990815,-0.0274903859578394,-0.0090031777526058,momentum_v1,
2026-07-22 00:00:00,DHR,Health Care,9.090909090909092,10.0,179.13999938964844,0.0074170543338101,-0.0772507034123615,-0.2323036170491998,-0.0404553491783553,-0.2567887293343148,0.1087125031849189,0.4989418456836973,0.5382447814395637,36.76950612193242,-0.1415267053782913,-0.174654207216522,momentum_v1,
2026-07-22 00:00:00,DIS,Communication Services,12.727272727272728,30.0,95.87000274658205,-0.05705611083117,-0.0736926040764719,-0.1244824859541979,-0.1951487977773943,-0.2088968961134385,0.0452781540231179,0.2613638535359497,-0.5884733382012561,50.50001192094033,-0.1379686060424018,-0.0081760223397231,momentum_v1,
2026-07-22 00:00:00,DLR,Real Estate,21.818181818181817,20.0,178.41000366210938,-0.0876035093187161,-0.1076686772899293,0.1328304119947727,0.0364212936432064,-0.1192215827464944,0.2223510545977109,0.2804633149086271,-0.6607935322367765,53.545972601491385,-0.1719446792558592,-0.1447727601084727,momentum_v1,
2026-07-22 00:00:00,DOW,Materials,16.363636363636363,10.0,31.25,0.0149398853782001,-0.1759914983888481,0.2017181107002128,0.1583171540803603,-0.2460528445905258,0.5756885414629014,0.3787061152810977,-0.8376373536323674,75.82416533144539,-0.2402675003547779,-0.1613115719948312,momentum_v1,
2026-07-22 00:00:00,DUK,Utilities,48.18181818181818,60.0,127.9499969482422,0.0358646407510605,0.026940855379185,0.0887060457154096,0.1050745365426542,-0.0330013185720305,0.1417088657920764,0.2206313191579842,0.0628914262726944,54.82300659402092,-0.0373351465867448,-0.0013858252988254,momentum_v1,
2026-07-22 00:00:00,EA,Communication Services,69.0909090909091,90.0,208.9499969482422,0.029462460913308,0.0274997446960367,0.0262032894267483,0.3675779760550588,-0.0016245226661448,0.4193975337019855,0.0404997058211695,0.7208802006782942,78.31732549813586,-0.036776257269893,0.0930163264327855,momentum_v1,
2026-07-22 00:00:00,ECL,Materials,32.72727272727273,50.0,266.8800048828125,-0.0091334056899297,-0.0119355811470717,-0.0171261513341269,0.0060225904950217,-0.1298052453143239,0.0890300920463327,0.2289585232945015,0.3787207298194817,36.33119330137565,-0.0762115831130015,0.0027443452469451,momentum_v1,
2026-07-22 00:00:00,ED,Utilities,60.909090909090914,90.0,112.08999633789062,0.0483538931676388,0.0447259609053163,0.084406241698681,0.1346627003036247,-0.0210556987434784,0.2019004147463101,0.2168368433187465,0.3320674219844434,52.97805492685906,-0.0195500410606135,0.0163992802273058,momentum_v1,
2026-07-22 00:00:00,EOG,Energy,79.0909090909091,70.0,144.0,0.0921379865196438,0.0954368405974883,0.3764715611817792,0.2791294986627142,-0.0246511338041554,0.4500754755945855,0.2814869097527798,3.565874882038856e-07,76.04197842775241,0.0311608386315584,0.028192561306171,momentum_v1,
2026-07-22 00:00:00,EQIX,Real Estate,43.63636363636363,30.0,1028.739990234375,-0.0781403621614171,-0.055295362074238,0.3255072648634654,0.3331862111383841,-0.0781403621614171,0.431589357866083,0.2404828437007534,-0.3651203137113018,55.10397248058757,-0.1195713640401678,-0.0923994448927814,momentum_v1,
2026-07-22 00:00:00,EQR,Real Estate,75.45454545454545,80.0,68.29000091552734,0.0659564900406879,0.1155921103100365,0.1444609610861329,0.065546238294613,-0.0265146196706124,0.2044671919899072,0.2050449769444978,0.6706030137449999,48.32017791850428,0.0513161083441067,0.0784880274914932,momentum_v1,
2026-07-22 00:00:00,ETN,Industrials,39.09090909090909,40.0,406.9100036621094,-0.0662490137180639,-0.0040651918591293,0.2124376816968345,0.1016223400124325,-0.0662490137180639,0.2960130300872194,0.4851803652064709,-0.0134825161766642,47.429065262312434,-0.0683411938250592,-0.0498539856198255,momentum_v1,
2026-07-22 00:00:00,EXC,Utilities,42.72727272727273,30.0,46.70000076293945,0.016543364365462,0.018785083314498,0.0576823221980906,0.1064488353077395,-0.0626529193561268,0.1223484879391858,0.237630709759587,0.274009875040605,52.4499013191711,-0.0454909186514318,-0.0095415973635124,momentum_v1,
2026-07-22 00:00:00,FCX,Materials,38.18181818181819,60.0,65.0,-0.0585497939782052,-0.0356996929289911,0.0870857969394196,0.4538342094065752,-0.0914979138856962,0.8590482973576521,0.5328713407820928,0.0019263204922294,60.72018651751879,-0.0999756948949209,-0.0210197665349742,momentum_v1,
2026-07-22 00:00:00,GE,Industrials,80.0,80.0,341.19000244140625,-0.0380285465129536,0.1914179988814852,0.0953222379693599,0.3045830890182179,-0.0990017718376614,0.3240258502160698,0.2723092027992627,0.8135995544765218,25.95723630258385,0.1271419969155554,0.145629205120789,momentum_v1,
2026-07-22 00:00:00,GOOGL,Communication Services,71.81818181818181,100.0,342.0899963378906,-0.0217055493504542,0.0301072075217201,0.0637741303031624,0.8046601476589224,-0.1498328008793511,0.8139156342544713,0.3229086337962256,-0.196853681354189,38.1419025829789,-0.0341687944442097,0.0956237892584689,momentum_v1,
2026-07-22 00:00:00,GS,Financials,86.36363636363636,100.0,1098.199951171875,-0.0073845494557606,0.1904807368804455,0.175408292011246,0.5868373930050037,-0.0467593094418514,0.599502252053437,0.4637070300747577,0.7383015338508243,61.41998160198924,0.1262047349145156,0.1150248390619861,momentum_v1,
2026-07-22 00:00:00,HD,Consumer Discretionary,25.454545454545453,70.0,331.45001220703125,0.0147878793767992,-0.0290297291955037,-0.1038130642346212,-0.0653157793368249,-0.2009284013806391,0.1224365274492236,0.3032592042019384,0.3512148155236545,36.052373816955054,-0.0933057311614335,0.0106676868895075,momentum_v1,
2026-07-22 00:00:00,HON,Industrials,31.818181818181817,30.0,232.9900054931641,-0.0261015969291893,0.0052060703540031,0.0437806279896555,0.023949689691447,-0.0994320061781949,0.193185404773122,0.3543697569393376,0.0195263741684058,62.81935486341046,-0.0590699316119267,-0.0405827234066931,momentum_v1,
2026-07-22 00:00:00,JNJ,Health Care,84.54545454545455,60.0,255.6300048828125,0.1052359042899371,0.1368064681853384,0.184487057370206,0.5941664795240615,-0.0434440419690941,0.5904890604181932,0.3175556165427579,0.7363370300953405,51.38586465471611,0.0725304662194086,0.0394029643811779,momentum_v1,
2026-07-22 00:00:00,JPM,Financials,78.18181818181819,70.0,348.2099914550781,0.0552028701153328,0.11750367542386,0.1612893343596517,0.2196155512795325,0.0,0.2429950330941859,0.2023316813653226,0.6761972434696761,64.8093858592491,0.0532276734579302,0.0420477776054006,momentum_v1,
2026-07-22 00:00:00,KMB,Consumer Staples,68.18181818181817,60.0,108.87999725341795,0.0833830572479399,0.1426036028823059,0.1010919939220167,-0.0986438337640492,-0.1649422252035667,0.1861955780899342,0.2988779987388522,0.7471648337884631,44.74978368254455,0.078327600916376,0.1044134754864465,momentum_v1,
2026-07-22 00:00:00,KO,Consumer Staples,77.27272727272727,80.0,82.19999694824219,0.0335722143835912,0.1075061760730506,0.1609694408906112,0.206336072546873,-0.0320301610851636,0.2773663919501428,0.2701748566462786,0.6456352084131802,52.71965038897101,0.0432301741071208,0.0693160486771913,momentum_v1,
2026-07-22 00:00:00,LIN,Materials,59.09090909090909,90.0,508.6700134277344,-0.0155600011670518,0.0311990296343607,0.1820213409324156,0.0958424505069128,-0.0694607057720114,0.3148916431748592,0.2191607761290807,0.425590958662513,34.44611782051395,-0.0330769723315691,0.0458789560283775,momentum_v1,
2026-07-22 00:00:00,LLY,Health Care,93.63636363636364,90.0,1163.010009765625,0.0552864185363279,0.2901287132299299,0.1206834168489896,0.5366935753450388,-0.0587183506973328,0.8720324884075936,0.3649632799185598,0.8309955967926917,44.39895821136772,0.225852711264,0.1927252094257694,momentum_v1,
2026-07-22 00:00:00,LMT,Industrials,20.0,20.0,514.3599853515625,0.0420583042774378,-0.0948033498168935,-0.0965251172217062,0.147011168057533,-0.2349235034625235,0.2860521443844559,0.2754594538665658,0.000306528299208,45.43114172674994,-0.1590793517828234,-0.1405921435775897,momentum_v1,
2026-07-22 00:00:00,LOW,Consumer Discretionary,4.545454545454546,10.0,204.3500061035156,-0.0468749443986507,-0.1825672962389548,-0.2315458696976662,-0.0567674978728062,-0.2855321819575493,0.0041276183939529,0.2961177376428124,-0.4922227217064857,31.57123820821529,-0.2468432982048847,-0.1428698801539435,momentum_v1,
2026-07-22 00:00:00,MCD,Consumer Discretionary,10.909090909090908,40.0,263.57000732421875,-0.0241762259597811,-0.1208667695093629,-0.1188748335009206,-0.0871535589985375,-0.2176159170888628,0.0,0.2775861280327585,-0.4420574231969739,44.2209161783047,-0.1851427714752928,-0.0811693534243516,momentum_v1,
2026-07-22 00:00:00,MDLZ,Consumer Staples,46.36363636363636,50.0,60.86000061035156,0.0312576597335627,0.0933572352914449,0.0674509854299127,-0.0928534697120185,-0.1099064977153048,0.2017371993704961,0.3229881411360603,0.005660918858053,55.30569845401589,0.029081233325515,0.0551671078955855,momentum_v1,
2026-07-22 00:00:00,META,Communication Services,26.36363636363636,50.0,627.1699829101562,0.1122993882520226,-0.0614328769265394,0.0400064654051233,-0.1174585307278389,-0.2035119396242608,0.1940791965993524,0.5275654133699319,-0.0261429972325724,53.06745953179084,-0.1257088788924693,0.0040837048102093,momentum_v1,
2026-07-22 00:00:00,MO,Consumer Staples,80.9090909090909,90.0,72.16999816894531,0.03826781687478,0.1330129935539779,0.2179341267733707,0.3079654824186586,-0.0333512640105556,0.3610502548696084,0.2689174999688078,0.3414650013976764,52.34548221637347,0.068736991588048,0.0948228661581185,momentum_v1,
2026-07-22 00:00:00,MPC,Energy,99.0909090909091,100.0,315.82000732421875,0.277124088716326,0.4387353108455651,0.8219012679890874,0.8412677231619419,-0.0123217485647881,1.0303987207973435,0.3030789894691558,0.6483662612811313,85.09436103975818,0.3744593088796353,0.3714910315542479,momentum_v1,
2026-07-22 00:00:00,MRK,Health Care,87.27272727272727,70.0,127.47000122070312,0.1038274810809454,0.1406065185403238,0.1817048563440959,0.6609705889048711,-0.0161314941129527,0.686271806529184,0.3466173110843416,0.7660268088953229,53.35892411336319,0.0763305165743939,0.0432030147361632,momentum_v1,
2026-07-22 00:00:00,MS,Financials,85.45454545454545,90.0,218.5,-0.0378263969193493,0.1603941977761809,0.2129884389445124,0.5930365526031549,-0.0439728852223286,0.5979279942285578,0.3416845248846479,0.7988278779154285,56.34799139789464,0.096118195810251,0.0849382999577215,momentum_v1,
2026-07-22 00:00:00,MSFT,Technology,8.181818181818182,40.0,390.3399963378906,0.06261229441197,-0.0777409093495006,-0.1373794821576942,-0.2286047175590768,-0.2753480245954226,0.1063118532810485,0.3474176099180103,-0.4168629742335107,54.03247030689777,-0.1420169113154304,-0.2444934960867996,momentum_v1,
2026-07-22 00:00:00,NEE,Utilities,40.909090909090914,20.0,89.41000366210938,0.0386849646865752,-0.0059062959547284,0.0858460792084088,0.2078115635752377,-0.0798438007663605,0.3084856326318059,0.1675413455810395,-0.3511909507988624,63.45133693377886,-0.0701822979206583,-0.0342329766327389,momentum_v1,
2026-07-22 00:00:00,NEM,Materials,17.272727272727273,20.0,95.75,-0.0594302835991255,-0.1219252606750099,-0.1914595398755338,0.6165728893403506,-0.271179879452793,0.5755138579918404,0.4017979080373539,-0.7732897084692998,54.2460943326172,-0.1862012626409398,-0.1072453342809931,momentum_v1,
2026-07-22 00:00:00,NFLX,Communication Services,1.818181818181818,10.0,68.52999877929688,-0.0596871382828857,-0.259775357270414,-0.2146459190740367,-0.4443228421505926,-0.4575103864251432,0.0137574012746732,0.4196538723937361,-0.9021966706104034,33.9204497179726,-0.3240513592363438,-0.1942587755336652,momentum_v1,
2026-07-22 00:00:00,NKE,Consumer Discretionary,5.454545454545454,20.0,42.209999084472656,-0.0226904277239381,-0.0819638481975745,-0.3262553733169777,-0.4141004777275963,-0.4526970199084951,0.035828198391967,0.3432568377972962,-0.0334730803625479,45.614022655919385,-0.1462398501635043,-0.0422664321125632,momentum_v1,
2026-07-22 00:00:00,NUE,Materials,88.18181818181819,100.0,235.8999938964844,-0.0345022478195968,0.1365921252543924,0.3598825746667176,0.6817530415803577,-0.112148167291209,0.8067611452805026,0.3383557961748094,0.0754046420942491,70.43583637985913,0.0723161232884626,0.1512720516484093,momentum_v1,
2026-07-22 00:00:00,NVDA,Technology,52.72727272727272,60.0,212.0599975585937,0.0163431764287573,0.0621730045053965,0.1923324901750454,0.2390152078776666,-0.0994012755231645,0.2853856555413532,0.3790759788260094,-0.1083207870533295,62.72407152697011,-0.0021029974605333,-0.1045795822319024,momentum_v1,
2026-07-22 00:00:00,O,Real Estate,54.54545454545454,50.0,65.02999877929688,0.078091107525321,0.0293910314511149,0.0830922292981652,0.2171521740806756,-0.0205106860437563,0.2227900334919703,0.2216519129730042,0.1322852139314115,66.84152337889614,-0.0348849705148148,-0.0077130513674283,momentum_v1,
2026-07-22 00:00:00,ORCL,Technology,0.9090909090909092,10.0,125.83999633789062,-0.2787011907261844,-0.3029873071267616,-0.2956935169181983,-0.477398857457743,-0.6123587023839114,0.0367441026972594,0.4993179251429031,-0.4026251292711549,35.40869181982825,-0.3672633090926914,-0.4697398938640605,momentum_v1,
2026-07-22 00:00:00,OXY,Energy,66.36363636363637,40.0,57.5,0.1057692307692308,0.0254853514387245,0.3740497122735191,0.3648626782412985,-0.1279349422508453,0.4912607097351011,0.3560830053153241,-0.3519571896569903,82.60573490039502,-0.0387906505272053,-0.0417589278525927,momentum_v1,
2026-07-22 00:00:00,PEP,Consumer Staples,11.818181818181818,20.0,135.64999389648438,-0.0359605754811191,-0.1151743831322974,-0.0633764227869265,-0.0047938043923616,-0.1887979123629333,0.0224819422970112,0.3019821820521756,-0.8157012008782862,39.63894222547661,-0.1794503850982273,-0.1533645105281568,momentum_v1,
2026-07-22 00:00:00,PFE,Health Care,22.727272727272727,20.0,24.81999969482422,-0.010366835313906,-0.0761736257111243,0.0051849628892362,0.0945774339444951,-0.1162977813640337,0.1208252304341361,0.2397112257662047,-0.5916870050406904,62.30366675138221,-0.1404496276770541,-0.1735771295152848,momentum_v1,
2026-07-22 00:00:00,PG,Consumer Staples,41.81818181818181,40.0,149.1300048828125,0.0098186096894967,0.0557402011109844,0.0293861179575583,-0.0171067789612997,-0.1013578498314227,0.0962022397404303,0.248777380865384,0.2623166687661739,52.92299345257022,-0.0085358008549454,0.017550073715125,momentum_v1,
2026-07-22 00:00:00,PLD,Real Estate,61.81818181818181,60.0,144.6999969482422,0.0060487735946037,0.0269883005501603,0.1231767737537143,0.3850149702785201,-0.035719050363563,0.4353162334043066,0.2999989613508465,0.1107131890857767,63.28175585749306,-0.0372877014157695,-0.010115782268383,momentum_v1,
2026-07-22 00:00:00,PM,Consumer Staples,90.0,100.0,194.3000030517578,0.131321034930844,0.2783743211270648,0.1823169880772439,0.1155630820150956,0.0,0.3819895712988774,0.3358697489244787,0.3793295884376607,66.2619964666053,0.2140983191611349,0.2401841937312054,momentum_v1,
2026-07-22 00:00:00,PPG,Materials,56.36363636363636,80.0,117.38999938964844,-0.0128657820623513,0.0652304308707387,0.0901239145108263,0.052371668493399,-0.096728376899322,0.2612465523098048,0.3154661695908538,0.587549264084814,40.89958682126908,0.0009544289048089,0.0799103572647556,momentum_v1,
2026-07-22 00:00:00,PSA,Real Estate,49.09090909090909,40.0,311.70001220703125,-0.0266066734782118,0.0203211391713626,0.1143765552255853,0.1407515156821996,-0.0544230119044841,0.2296777024747269,0.2380661403551271,0.5663725985247641,40.92510055706293,-0.0439548627945671,-0.0167829436471806,momentum_v1,
2026-07-22 00:00:00,PSX,Energy,97.27272727272728,80.0,211.4100036621093,0.2553292504302378,0.3360825231394535,0.5504837286097348,0.7346858198319961,-0.004051446709577,0.8472342216078537,0.3275331038749764,0.4520007535769968,85.40188011211828,0.2718065211735236,0.2688382438481362,momentum_v1,
2026-07-22 00:00:00,QCOM,Technology,74.54545454545455,70.0,175.6300048828125,-0.2085173063828774,0.3003739083043435,0.1514926572145616,0.1280855378285548,-0.2977504391314136,0.4208002204136818,0.5373136819968924,0.0067884068588728,44.3829290074915,0.2360979063384136,0.1336213215670445,momentum_v1,
2026-07-22 00:00:00,RTX,Industrials,63.63636363636363,60.0,194.8800048828125,0.0717703509890688,0.0455295694237398,-9.293154233558364e-05,0.3063200508958945,-0.077621751322235,0.3272500440367487,0.223001839591193,0.7836963125778194,55.47317320229743,-0.0187464325421899,-0.0002592243369563,momentum_v1,
2026-07-22 00:00:00,SBUX,Consumer Discretionary,67.27272727272727,100.0,103.9800033569336,0.0382426537463906,0.0694217564676362,0.1238942884188774,0.1517804346519851,-0.0405093594019208,0.3513180660366601,0.2447895623475281,0.0423121805099647,51.556739577415854,0.0051457545017064,0.1091191725526475,momentum_v1,
2026-07-22 00:00:00,SCHW,Financials,60.0,60.0,100.8000030517578,0.095295060184591,0.0999423806554851,0.0050829037609196,0.060557469327692,-0.0532289787766427,0.1810193890316389,0.2716097348668633,0.5085691610359544,64.62702294149031,0.0356663786895552,0.0244864828370257,momentum_v1,
2026-07-22 00:00:00,SHW,Materials,24.545454545454547,40.0,319.9100036621094,0.0094982954357778,-0.0414527277621801,-0.0735280912620006,-0.0539182461604164,-0.1413268888957877,0.0918430159116361,0.2715805221929031,0.1581631753965549,30.78508902000601,-0.1057287297281099,-0.0267728013681632,momentum_v1,
2026-07-22 00:00:00,SLB,Energy,28.18181818181818,10.0,47.66999816894531,-0.005839470063378,-0.0919095066501526,0.0377291539733171,0.4601105119300235,-0.1782451379377079,0.5316308749201408,0.224744422711442,-0.6484912992600818,71.21712249652253,-0.1561855086160825,-0.1591537859414699,momentum_v1,
2026-07-22 00:00:00,SO,Utilities,55.45454545454545,70.0,95.8000030517578,0.0253666139231591,0.050839968295788,0.0960586678267925,0.0436866121967234,-0.0253939227887273,0.1578487193739481,0.2123760781584541,0.272089047854652,51.99063033090888,-0.0134360336701417,0.0225132876177776,momentum_v1,
2026-07-22 00:00:00,SPG,Real Estate,82.72727272727273,90.0,226.22000122070312,0.054294605484545,0.1169262434333595,0.2551061864814072,0.4471050878215992,-0.0108438817692696,0.4748440305021166,0.2174170631156817,0.8435311787378531,55.67301033597289,0.0526502414674296,0.0798221606148161,momentum_v1,
2026-07-22 00:00:00,SPGI,Financials,27.27272727272727,10.0,429.05999755859375,0.1132242630829865,0.0222683820618319,-0.1221702517080746,-0.1241087247553651,-0.1893639608406782,0.1660065804876507,0.4334364724819441,0.2116755333403936,56.492488725705954,-0.0420076199040979,-0.0531875157566275,momentum_v1,
2026-07-22 00:00:00,SRE,Utilities,45.45454545454545,40.0,93.0500030517578,0.0228660730430161,0.0060653874654048,0.0671530530880262,0.2185693533691763,-0.0605012903976741,0.2061349832795103,0.1887051925412011,0.02858060490181,56.6985490193454,-0.058210614500525,-0.0222612932126056,momentum_v1,
2026-07-22 00:00:00,T,Communication Services,14.545454545454543,40.0,23.040000915527344,0.0564933219167598,-0.0978167405851825,0.0060924768168302,-0.1188292642503495,-0.1892484303076321,0.1400636777060546,0.3458296973860528,-0.8075212065757951,86.58540253160314,-0.1620927425511124,-0.0323001588484337,momentum_v1,
2026-07-22 00:00:00,TJX,Consumer Discretionary,35.45454545454545,90.0,155.41000366210938,-0.0533592897882665,-0.0209166303293735,0.001793006811144,0.259083043084525,-0.0771925640835602,0.263228460670736,0.2835266368222545,0.0012618933110296,59.98034508627156,-0.0851926322953033,0.0187807857556377,momentum_v1,
2026-07-22 00:00:00,TMO,Health Care,36.36363636363637,40.0,526.4600219726562,0.134587640121331,0.0046090425891234,-0.1478186908776265,0.3048335072502004,-0.1750586270744228,0.2356281489603371,0.2736430823182774,0.5578402377744456,58.28810210698919,-0.0596669593768064,-0.0927944612150371,momentum_v1,
2026-07-22 00:00:00,TMUS,Communication Services,29.09090909090909,60.0,190.94000244140625,0.0604243309470888,-0.0174727088053557,0.0503626531053009,-0.1637088866528584,-0.2489169464146194,0.1383771973116219,0.364537445413736,-0.1412817844581665,72.23880529031925,-0.0817487107712856,0.048043872931393,momentum_v1,
2026-07-22 00:00:00,TSLA,Consumer Discretionary,20.909090909090907,60.0,374.010009765625,-0.0766324625670871,-0.0321153233033314,-0.1079069534511031,0.1385735361335418,-0.2365273004863824,0.2358655907581042,0.593652378228171,-0.0246022204826344,33.22649811493092,-0.0963913252692613,0.0075820927816798,momentum_v1,
2026-07-22 00:00:00,UNH,Health Care,95.45454545454544,100.0,431.30999755859375,0.060563601176339,0.2536440893632923,0.2916871998619583,0.5696506671464523,-0.0115503803699414,0.8625616201104214,0.2758481415029427,0.8735534317908987,52.92744898039452,0.1893680873973624,0.1562405855591317,momentum_v1,
2026-07-22 00:00:00,UNP,Industrials,89.0909090909091,90.0,292.5599975585937,0.1256203818108145,0.1704675255779397,0.3334691848436451,0.324786563373197,-0.0304556833186619,0.3835841179606254,0.2131207267343849,0.4934878890001789,68.90132859946681,0.1061915236120099,0.1246787318172435,momentum_v1,
2026-07-22 00:00:00,UPS,Industrials,76.36363636363637,70.0,115.83999633789062,0.0801939448473876,0.1080113645858715,0.1210378233553521,0.2518343576769708,-0.0159701398514925,0.4714412543502275,0.2792654438807044,0.5864577926658325,63.56588535993699,0.0437353626199417,0.0622225708251753,momentum_v1,
2026-07-22 00:00:00,VLO,Energy,98.1818181818182,90.0,310.9200134277344,0.2754123184208474,0.338520224500628,0.7014445506849423,1.1798960421582674,-0.0123252049418314,1.4003169723696405,0.4017661086294145,0.623795386298722,75.07255861965412,0.2742442225346981,0.2712759452093107,momentum_v1,
2026-07-22 00:00:00,VMC,Materials,23.63636363636364,30.0,277.8299865722656,-0.0872565682118318,-0.0424383628268134,-0.0582146394701383,0.0559981227592933,-0.1557655544432754,0.0831154455612106,0.3115592704496431,0.0705078454909158,36.773295108928295,-0.1067143647927433,-0.0277584364327966,momentum_v1,
2026-07-22 00:00:00,VZ,Communication Services,34.54545454545455,70.0,44.290000915527344,-0.0069440779640329,-0.0264747111754406,0.1699725180821185,0.1135656115454297,-0.110110367438739,0.2113489357777414,0.3136498917636559,-0.5408222281733137,75.73670723894939,-0.0907507131413705,0.0390418705613081,momentum_v1,
2026-07-22 00:00:00,WBD,Communication Services,51.81818181818182,80.0,25.850000381469727,-0.0408163395298453,-0.0534602384849324,-0.0846317071182399,1.0195312497089617,-0.1377584797807681,1.397959278459549,0.2162240302696407,-0.2533790971756329,37.5,-0.1177362404508622,0.0120563432518163,momentum_v1,
2026-07-22 00:00:00,WEC,Utilities,40.0,10.0,113.45999908447266,0.0037154827100467,0.00750092644595,0.058099973084011,0.0831053046448953,-0.045351278576769,0.1151563074701169,0.1983581575604671,0.1113468977164408,42.48365768634143,-0.0567750755199798,-0.0208257542320604,momentum_v1,
2026-07-22 00:00:00,WELL,Real Estate,94.54545454545456,100.0,245.0399932861328,0.1588555063735122,0.191319986504407,0.3124943810747733,0.5519471746513784,-0.0053983920826968,0.5718504905211459,0.2247866704225895,0.4718434013464627,67.81856431156933,0.1270439845384772,0.1542159036858637,momentum_v1,
2026-07-22 00:00:00,WFC,Financials,50.0,30.0,86.41999816894531,0.0307729239473819,0.065776490547422,0.0078610952040467,0.1001027433414225,-0.0938764572102358,0.1770634748598869,0.2554006719562127,0.5996355367361657,51.49998807905968,0.0015004885814922,-0.0096794072710373,momentum_v1,
2026-07-22 00:00:00,WMB,Energy,72.72727272727273,60.0,74.48999786376953,-0.0061374129846905,0.0654559736142437,0.2287397309045022,0.3324013102455079,-0.0549109853623557,0.3597469729830529,0.2583988033737529,0.0171152503102993,57.26350219344595,0.0011799716483138,-0.0017883056770735,momentum_v1,
2026-07-22 00:00:00,WMT,Consumer Staples,10.0,10.0,109.33000183105467,-0.0669909408915948,-0.1547944342577484,-0.0753647234343949,0.152337165182296,-0.1853203851172908,0.1522166222588012,0.2637526509064949,-0.7784928225208961,51.24939396533389,-0.2190704362236782,-0.1929845616536077,momentum_v1,
2026-07-22 00:00:00,XEL,Utilities,47.27272727272727,50.0,80.19000244140625,0.0175105307139045,0.0216842922804525,0.0679961684628562,0.1549890837899885,-0.0300085863272889,0.1619703073985636,0.2105866577144581,0.0207285928095259,52.03321472439251,-0.0425917096854773,-0.0066423883975579,momentum_v1,
2026-07-22 00:00:00,XOM,Energy,70.0,50.0,154.4499969482422,0.1154040267687224,0.0481148494642227,0.1998678751127021,0.4749956174333329,-0.0931455948727514,0.5059367654548048,0.2536250252403823,-0.2856190338691123,81.2306806242627,-0.0161611525017071,-0.0191294298270945,momentum_v1,
2026-07-23 00:00:00,AAPL,Technology,89.0909090909091,80.0,321.6600036621094,0.0929664186339944,0.1785932812672621,0.3012622984608601,0.5062318712690852,-0.0361958018989041,0.5956917259756171,0.3691982589206685,0.4939519869294176,62.980679486205055,0.1379981368222909,0.0484599359769921,momentum_v1,
2026-07-23 00:00:00,ABBV,Health Care,94.54545454545456,100.0,256.9200134277344,0.1021841070219313,0.2905174329927724,0.2070107299337049,0.415693415682149,-0.0088913941038681,0.4051049236182495,0.3067559081645344,0.9080391435037686,46.95645480944294,0.2499222885478011,0.1827704941001684,momentum_v1,
2026-07-23 00:00:00,ABT,Health Care,32.72727272727273,30.0,100.75,0.120828225222451,0.1065276017195646,-0.1542685871284655,-0.1801582144235615,-0.2455079009248274,0.2290283461474387,0.4578583073837176,0.4274940981346877,62.72934278974442,0.0659324572745934,-0.0012193371730393,momentum_v1,
2026-07-23 00:00:00,ADBE,Technology,3.636363636363636,30.0,212.1699981689453,0.0746594035353587,-0.1710166595879495,-0.27889749431847,-0.4309813046172743,-0.4303549292903454,0.0969959885819038,0.4279796132701056,-0.3587624832934839,44.34625878431943,-0.2116118040329208,-0.3011500048782195,momentum_v1,
2026-07-23 00:00:00,AEP,Utilities,60.909090909090914,80.0,134.9199981689453,0.0088230344497897,0.0325167232916319,0.1512386197558108,0.2635498278182491,-0.0271829562772824,0.2970165200929286,0.2086830862196221,0.0618355647213477,41.19668033645644,-0.0080784211533393,-0.0034749189114267,momentum_v1,
2026-07-23 00:00:00,AMD,Technology,100.0,100.0,539.6900024414062,0.038164908699104,0.7784552087199863,1.160488374091749,2.488172170264889,-0.0709575882817034,2.5707953197091884,0.7179223189756423,0.6889659473359551,54.03848165226125,0.737860064275015,0.6483218634297163,momentum_v1,
2026-07-23 00:00:00,AMT,Real Estate,16.363636363636363,10.0,164.64999389648438,-0.0821162369571297,-0.0572191548078974,-0.0577397879550342,-0.263996679067416,-0.2604636779823481,0.0156683318522585,0.3275833771168095,-0.2423171483740457,47.22444550288972,-0.0978142992528686,-0.1005668747805691,momentum_v1,
2026-07-23 00:00:00,AMZN,Consumer Discretionary,28.18181818181818,80.0,233.6600036621093,-0.0019221602967365,-0.0849780580215213,0.0101595526709576,0.0272123902412977,-0.1502963309211361,0.1754112961097877,0.3017167887230101,-0.5421530636792342,40.4615821510713,-0.1255732024664926,-0.0012878739598225,momentum_v1,
2026-07-23 00:00:00,APD,Materials,39.09090909090909,80.0,294.2900085449219,0.0483912964114761,-0.0021629316783451,0.132510343837849,0.0134264652486697,-0.0633374510387088,0.3007011607421472,0.397793777413383,-0.0090214817445117,26.62122966718175,-0.0427580761233163,0.023921577320045,momentum_v1,
2026-07-23 00:00:00,AVB,Real Estate,70.9090909090909,70.0,190.8000030517578,0.056735253540439,0.1241576865145515,0.0880913900529667,-0.0299839746001523,-0.0246423824172951,0.2108999764294055,0.2247328066853784,0.5200717562149008,44.42089893210056,0.0835625420695802,0.0808099665418797,momentum_v1,
2026-07-23 00:00:00,AVGO,Technology,33.63636363636363,50.0,392.4700012207031,0.032408279684396,-0.0699368866845874,0.1980406303929125,0.4190950886820153,-0.1837300067768312,0.3935833726054867,0.4222003264039165,-0.3972516048045913,62.51171895588664,-0.1105320311295586,-0.2000702319748574,momentum_v1,
2026-07-23 00:00:00,AXP,Financials,40.0,30.0,340.8399963378906,0.0118212636888757,0.0266536736782965,-0.0465963629000576,0.1326551857409705,-0.1072381792227761,0.1730710250964724,0.2634952143092893,0.6889592601106105,42.01379208769706,-0.0139414707666747,-0.0464275927885573,momentum_v1,
2026-07-23 00:00:00,BA,Industrials,11.818181818181818,10.0,209.22999572753903,-0.0345162233149868,-0.0953389967491283,-0.1633143135943133,-0.0842524525558705,-0.1702161380442679,0.1680996060247344,0.2947755732501161,-0.3483622661795159,31.80857927852645,-0.1359341411940996,-0.1616839730256843,momentum_v1,
2026-07-23 00:00:00,BAC,Financials,83.63636363636363,100.0,61.27999877929688,0.058193730629674,0.1596084085372593,0.1896796766395252,0.3107575127192366,-0.0055176916339081,0.3939201516079054,0.2031518004523533,0.8024564087592957,63.99559823510667,0.119013264092288,0.0865271420704054,momentum_v1,
2026-07-23 00:00:00,BKNG,Consumer Discretionary,20.909090909090907,60.0,172.8300018310547,0.0230259224188043,-0.0342001291816153,-0.1592135171506431,-0.2455603701931195,-0.2404034143458402,0.1241450995034207,0.4178599206445677,0.3213751645874363,35.79559501711209,-0.0747952736265865,0.0494900548800835,momentum_v1,
2026-07-23 00:00:00,BLK,Financials,29.09090909090909,20.0,1037.1600341796875,0.0215004153550126,-0.0183208930994888,-0.0700791795031645,-0.0377122272645984,-0.1236279247850383,0.1301382549408045,0.3505082618076456,-0.122202475808872,58.16290944424536,-0.05891603754446,-0.0914021595663426,momentum_v1,
2026-07-23 00:00:00,BMY,Health Care,69.0909090909091,50.0,61.5099983215332,0.1201934673338906,0.057896953361338,0.1531326104751174,0.3424073020001561,0.0,0.4926859257322775,0.3515999015179544,0.0867954509599258,61.98580716026871,0.0173018089163667,-0.0498499855312659,momentum_v1,
2026-07-23 00:00:00,C,Financials,58.18181818181818,50.0,131.8800048828125,-0.0902945176772285,0.0213816969289728,0.1698094565086603,0.4347861886883664,-0.0946659810494363,0.4686908455770431,0.310762448518446,0.4229530704654496,38.15519031729379,-0.0192134475159984,-0.051699569537881,momentum_v1,
2026-07-23 00:00:00,CAT,Industrials,90.9090909090909,90.0,894.5399780273438,-0.0894502634455124,0.1079647266057941,0.3912819984143185,1.1635038500500978,-0.1584192055867189,1.2133750672889811,0.4997359972646388,0.262374928921143,32.81901248899956,0.0673695821608229,0.0416197503292381,momentum_v1,
2026-07-23 00:00:00,CL,Consumer Staples,64.54545454545455,70.0,90.08000183105467,-0.0091172053986693,0.1001386195424203,0.0758817275719656,0.0409536704192066,-0.0804976868301766,0.2232283728467177,0.2552030417986734,0.6425811020898682,38.97826013960968,0.059543475097449,0.0797104093012011,momentum_v1,
2026-07-23 00:00:00,CMCSA,Communication Services,4.545454545454546,20.0,21.920000076293945,-0.0254972321065465,-0.2434912488056529,-0.221979228801436,-0.304744016069471,-0.3148455468331649,0.0,0.3687567064713293,-0.5822499017964179,32.58843691449782,-0.2840863932506242,-0.1397768497747473,momentum_v1,
2026-07-23 00:00:00,CMG,Consumer Discretionary,9.090909090909092,40.0,32.0099983215332,0.0342487086418112,-0.0882939970073477,-0.2138998683217505,-0.3888889333944986,-0.393520290605061,0.1359119224584952,0.432662470120579,0.0453769713304337,35.14937163050244,-0.128889141452319,-0.0046038129456489,momentum_v1,
2026-07-23 00:00:00,COP,Energy,50.0,20.0,120.1999969482422,0.0930253306718447,-0.012289662924659,0.2561568801797018,0.335599677520263,-0.0949679522051334,0.4378702858317309,0.2908693088871286,-0.4248731836218731,79.80730416641309,-0.0528848073696303,-0.0700936229268255,momentum_v1,
2026-07-23 00:00:00,COST,Consumer Staples,20.0,30.0,926.0599975585938,-0.0330172869424163,-0.0760150209545287,-0.0551342678012602,-0.0109780463192021,-0.1537575453148354,0.0925537453419502,0.2449539433240739,-0.6439494548394087,39.49119211056747,-0.1166101653994999,-0.0964432311957479,momentum_v1,
2026-07-23 00:00:00,CRM,Technology,2.727272727272727,20.0,156.92999267578125,0.0228783375617744,-0.1710483809086566,-0.2881644800819494,-0.3996046154352698,-0.4144006493851828,0.0453636942452448,0.432094044736285,-0.2982030080833799,41.13213977123016,-0.2116435253536278,-0.3011817261989266,momentum_v1,
2026-07-23 00:00:00,CSCO,Technology,96.36363636363636,90.0,112.76000213623048,-0.0657710811311368,0.2603767158508521,0.544241010477976,0.6885980481530529,-0.1293705164994939,0.7385930876836944,0.3790675177850018,0.3788242292656026,50.79934394677895,0.2197815714058808,0.1302433705605821,momentum_v1,
2026-07-23 00:00:00,CVX,Energy,67.27272727272727,40.0,194.4199981689453,0.1047846510347458,0.0530309360212359,0.1882686635174126,0.3500590501414427,-0.0707992630283456,0.3500513255425312,0.2471196430688897,-0.1489852503768876,88.8478613225428,0.0124357915762647,-0.0047730239809304,momentum_v1,
2026-07-23 00:00:00,D,Utilities,85.45454545454545,100.0,71.45999908447266,0.0439737366023034,0.1841761911227795,0.1973853486946397,0.2752695943045322,-0.0032083044929671,0.2864831165663182,0.1668605582550799,0.8521456886050727,60.89169485974087,0.1435810466778082,0.1481845489197208,momentum_v1,
2026-07-23 00:00:00,DE,Industrials,63.63636363636363,50.0,610.02001953125,0.033214714399149,0.0545029062069066,0.1584105340984389,0.2214229367356228,-0.0741143514031965,0.4017257328979264,0.3466450944347882,0.2832526969082946,45.16627469574175,0.0139077617619354,-0.0118420700696493,momentum_v1,
2026-07-23 00:00:00,DHR,Health Care,30.0,20.0,192.5,0.0778307337354795,0.0481382321357728,-0.2013611137066266,0.0211159276837975,-0.2013611137066266,0.191398669142955,0.5606558843650357,0.5778582953675183,45.774324765929,0.0075430876908015,-0.0596087067568311,momentum_v1,
2026-07-23 00:00:00,DIS,Communication Services,10.0,30.0,92.83000183105467,-0.0964811264767542,-0.1076005539773279,-0.1735903766729352,-0.2220865681355966,-0.233982471279727,0.0121327857726272,0.2750843136610072,-0.598562881778088,28.131131662969537,-0.1481956984222991,-0.0038861549464223,momentum_v1,
2026-07-23 00:00:00,DLR,Real Estate,23.63636363636364,20.0,179.33999633789062,-0.0803077110877403,-0.1011862919818151,0.1431758103086349,0.0288693273540481,-0.1146303745170316,0.2287227686533999,0.2823344443481984,-0.6499782339778541,61.02994078718217,-0.1417814364267864,-0.1445340119544869,momentum_v1,
2026-07-23 00:00:00,DOW,Materials,15.454545454545451,10.0,30.89999961853028,0.0187932639715802,-0.1957174664331605,0.1117183513999156,0.0963019490700871,-0.2544970619345684,0.5580409604045704,0.3769432162493039,-0.8256273239301453,70.31846387811635,-0.2363126108781318,-0.1696329574347703,momentum_v1,
2026-07-23 00:00:00,DUK,Utilities,54.54545454545454,60.0,129.25999450683594,0.0336664642329966,0.04093389327838,0.1015110699406061,0.1080663815658153,-0.0231008422762285,0.153398087069803,0.2194512696739066,0.082117604902865,49.15335765519243,0.0003387488334087,0.0049422510753214,momentum_v1,
2026-07-23 00:00:00,EA,Communication Services,70.0,100.0,209.0,0.0269260790708454,0.0316482029302764,0.0256946659777292,0.3362815963898118,-0.0013856051193825,0.4197373516414899,0.0403868646193795,0.7544269742060479,81.636136224109,-0.0089469415146947,0.1353626019611821,momentum_v1,
2026-07-23 00:00:00,ECL,Materials,30.909090909090907,50.0,263.1400146484375,-0.0205463743706871,-0.0188629350733345,-0.0546546999577461,-0.0170213207406711,-0.1419999389031442,0.0737686942845099,0.2337502288561811,0.393233430913215,25.20845213346325,-0.0594580795183058,0.0072215739250556,momentum_v1,
2026-07-23 00:00:00,ED,Utilities,62.727272727272734,90.0,112.79000091552734,0.0371494337059985,0.0518336994641939,0.103893492382606,0.1249955958581356,-0.0149421693071384,0.2094065080609588,0.2106859466113121,0.3567906490979114,46.42858115994023,0.0112385550192226,0.0158420572611353,momentum_v1,
2026-07-23 00:00:00,EOG,Energy,79.0909090909091,70.0,145.49000549316406,0.0865067063764191,0.1019454329253655,0.367031623429024,0.2765844668881192,-0.0145589451348279,0.4650797840955467,0.2794316924594738,0.0017331900813822,75.50867147913311,0.0613502884803942,0.044141472923199,momentum_v1,
2026-07-23 00:00:00,EQIX,Real Estate,42.72727272727273,30.0,1033.550048828125,-0.0738218355253219,-0.0577149511720966,0.3128211855181042,0.3204129958386019,-0.0738300418518056,0.4382830110329594,0.2419458439067766,-0.3613040426323699,61.15475804884368,-0.0983100956170679,-0.1010626711447684,momentum_v1,
2026-07-23 00:00:00,EQR,Real Estate,76.36363636363637,80.0,68.27999877929688,0.0500648957666747,0.1181403599362593,0.138138261300236,0.0444940714991384,-0.0266572017948163,0.2042908600020669,0.2006708201919176,0.6593665962214758,41.32137920193016,0.0775452154912881,0.0747926399635876,momentum_v1,
2026-07-23 00:00:00,ETN,Industrials,45.45454545454545,20.0,415.1300048828125,0.024304199894354,0.0058163376519244,0.2355759938031272,0.1269222137546679,-0.0473862819641308,0.3221938282821204,0.4246444117974056,-0.0068306193393173,58.35093450645165,-0.0347788067930467,-0.0605286386246315,momentum_v1,
2026-07-23 00:00:00,EXC,Utilities,48.18181818181818,30.0,47.27999877929688,0.0141570112083533,0.0406593025527712,0.0696286538533899,0.1020457012886664,-0.0510113896231485,0.1362877759682335,0.2360109181877963,0.2982686719172167,46.22164740180156,6.415810780002751e-05,0.0046676603497126,momentum_v1,
2026-07-23 00:00:00,FCX,Materials,31.818181818181817,60.0,63.5,-0.0115819551554468,-0.0953080339169051,0.0530586134717459,0.4013676307082232,-0.1124633466421802,0.81614698465584,0.4808725893912257,0.0105781167625718,55.92574757769395,-0.1359031783618763,-0.0692235249185149,momentum_v1,
2026-07-23 00:00:00,GE,Industrials,87.27272727272727,80.0,349.0,-0.0197351046397274,0.2647399969034085,0.0987254301864071,0.3543335770163744,-0.0783775040927305,0.3328230175420277,0.2849084207868484,0.796219284720834,31.161833992328155,0.2241448524584373,0.1983950206268525,momentum_v1,
2026-07-23 00:00:00,GOOGL,Communication Services,34.54545454545455,70.0,317.69000244140625,-0.0821656661953794,-0.0631859520899594,-0.0312944801443613,0.6650794662534438,-0.2104720323435931,0.6845361211770902,0.4043761479184217,-0.2947644478225717,29.64712653113825,-0.1037810965349307,0.0405284469409461,momentum_v1,
2026-07-23 00:00:00,GS,Financials,80.9090909090909,80.0,1074.719970703125,-0.0180183214784602,0.1546964423672225,0.1386421777911965,0.5653042158963051,-0.0671399994723322,0.5450972009577943,0.4682558513260569,0.7309101687254858,57.33519260310213,0.1141012979222513,0.0816151759003687,momentum_v1,
2026-07-23 00:00:00,HD,Consumer Discretionary,26.36363636363636,70.0,324.7099914550781,0.0008012921506102,-0.036390245713719,-0.1437898493188484,-0.1015249785600819,-0.2171774279877854,0.099611832294189,0.3111402753208652,0.3787563727059785,26.015319215002705,-0.0769853901586903,0.0472999383479797,momentum_v1,
2026-07-23 00:00:00,HON,Industrials,47.27272727272727,40.0,246.2700042724609,0.0559807730256012,0.073368935945226,0.0826353472699792,0.0760911627921863,-0.0481012985226758,0.2611947628798019,0.3957155874131549,0.0352921139205513,66.74149215515465,0.0327737915002548,0.00702395966867,momentum_v1,
2026-07-23 00:00:00,JNJ,Health Care,86.36363636363636,60.0,259.2699890136719,0.0844486658356493,0.1532996763718899,0.2024553657519079,0.5824935411346368,-0.0298233853912106,0.61313661343918,0.3021734871314911,0.7480496153824362,46.51633265165469,0.1127045319269186,0.0455527374792859,momentum_v1,
2026-07-23 00:00:00,JPM,Financials,77.27272727272727,70.0,349.8999938964844,0.0518832300488918,0.1228556663038893,0.169629797686228,0.2236003328382594,0.0,0.2490277854336777,0.2015649393318417,0.709331511323022,65.64982831402455,0.082260521858918,0.0497743998370354,momentum_v1,
2026-07-23 00:00:00,KMB,Consumer Staples,61.81818181818181,60.0,107.30999755859376,0.032323239143764,0.1243817946431462,0.1010557984369999,-0.1266663106770797,-0.1769834721866263,0.1690911811154518,0.2838576013985514,0.7449741887118235,33.65680577720552,0.083786650198175,0.103953584401927,momentum_v1,
2026-07-23 00:00:00,KO,Consumer Staples,75.45454545454545,80.0,81.16999816894531,0.0107085124703696,0.0946544415958881,0.14228273293718,0.1982313353451932,-0.0441592096191465,0.2613604810831151,0.2728092177419453,0.617409780968537,40.04024999411551,0.0540592971509168,0.0742262313546688,momentum_v1,
2026-07-23 00:00:00,LIN,Materials,50.90909090909091,90.0,506.3200073242188,-0.011595678616654,0.0268915825633546,0.1599571983742094,0.0871055505299076,-0.0737597070169659,0.3088169713731929,0.2177665649859832,0.3686069712358117,20.88384708756051,-0.0137035618816165,0.0529760915617448,momentum_v1,
2026-07-23 00:00:00,LLY,Health Care,92.72727272727272,90.0,1185.8699951171875,0.0711692399736736,0.289134260150377,0.1032655461896661,0.5381212626669047,-0.0402166314222856,0.9088289346146824,0.3695917078404755,0.8207914759539041,44.54813177674169,0.2485391157054057,0.181387321257773,momentum_v1,
2026-07-23 00:00:00,LMT,Industrials,46.36363636363636,30.0,568.5900268554688,0.128893941860704,0.030395052393668,-0.0185960238500729,0.4216432929036937,-0.1542598994838193,0.394682713383957,0.4492709403259445,0.0343249360751024,60.1449544420316,-0.0102000920513032,-0.0359499238828879,momentum_v1,
2026-07-23 00:00:00,LOW,Consumer Discretionary,7.272727272727272,30.0,201.9199981689453,-0.0485721783644651,-0.171385868343503,-0.2633136572318914,-0.0866986959827943,-0.2896651851998176,0.0,0.300506897089786,-0.4856133061409443,23.435390113242462,-0.2119810127884742,-0.0876956842818041,momentum_v1,
2026-07-23 00:00:00,MCD,Consumer Discretionary,14.545454545454543,50.0,262.79998779296875,-0.0326143552591595,-0.1182645987449285,-0.1296399743645229,-0.1002558150809279,-0.2199015807912779,0.0,0.2765363361858398,-0.4389009992847866,27.86188792375674,-0.1588597431898998,-0.0345744146832297,momentum_v1,
2026-07-23 00:00:00,MDLZ,Consumer Staples,41.81818181818181,50.0,60.04999923706055,-0.0082975618797114,0.0801524863325098,0.0649977734951066,-0.1217528826629157,-0.1196375434372067,0.1857429704506326,0.3142055988321707,-0.0007613887227193,46.81008755124229,0.0395573418875385,0.0597242760912906,momentum_v1,
2026-07-23 00:00:00,META,Communication Services,21.818181818181817,60.0,606.0999755859375,0.0780860235249158,-0.1008688947207158,-0.0094278670364807,-0.1372334540672568,-0.2302702503264069,0.1539636647601163,0.5442420805485958,-0.0145957856321415,55.19014284130376,-0.141464039165687,0.0028455043101898,momentum_v1,
2026-07-23 00:00:00,MO,Consumer Staples,78.18181818181819,90.0,72.08000183105469,0.0065633461345786,0.1223987192232463,0.2178093566808225,0.2949061180831704,-0.0345566796745827,0.3593530185978737,0.2485338512074404,0.3107545641693472,47.44940666851584,0.081803574778275,0.101970508982027,momentum_v1,
2026-07-23 00:00:00,MPC,Energy,99.0909090909091,100.0,312.2699890136719,0.2565185242445098,0.4115448578024641,0.7750319879875045,0.8167272851231735,-0.0234238820465483,1.007575744198708,0.3127882075471203,0.6488592365132883,80.75272025702444,0.3709497133574928,0.3537408978002976,momentum_v1,
2026-07-23 00:00:00,MRK,Health Care,90.0,70.0,130.47999572753906,0.0909698778614296,0.1641271082278481,0.1915370316697693,0.6522751702245115,0.0,0.726090342859917,0.3354786915650214,0.777841653012163,51.52925295816716,0.1235319637828769,0.0563801693352441,momentum_v1,
2026-07-23 00:00:00,MS,Financials,81.81818181818183,90.0,215.17999267578125,-0.0480025048095935,0.1323546758331863,0.1866078743878387,0.5736485621662686,-0.0584992789212467,0.5734650776889425,0.3448020849655703,0.7811742936372412,51.16713312099261,0.0917595313882151,0.0592734093663325,momentum_v1,
2026-07-23 00:00:00,MSFT,Technology,8.181818181818182,40.0,381.5799865722656,0.0204310426297771,-0.1166810452987665,-0.136972155585048,-0.238767593313976,-0.2916105831578263,0.0814840038946391,0.3538035297633714,-0.4111609542014712,44.2656713334043,-0.1572761897437378,-0.2468143905890365,momentum_v1,
2026-07-23 00:00:00,NEE,Utilities,43.63636363636363,20.0,89.79000091552734,0.0388753974139504,0.0049740814067129,0.0860393987698335,0.191514066935829,-0.0759330881603562,0.3140469126255392,0.1675730694099629,-0.3417532048085487,57.4665536269485,-0.0356210630382582,-0.0310175607963456,momentum_v1,
2026-07-23 00:00:00,NEM,Materials,17.272727272727273,20.0,94.72000122070312,-0.031888749325098,-0.1511741457192277,-0.1999553552412708,0.5514927966682583,-0.2790200032381306,0.558565791668113,0.3810605783721283,-0.7761161445099456,45.562358317015565,-0.1917692901641989,-0.1250896367208375,momentum_v1,
2026-07-23 00:00:00,NFLX,Communication Services,1.818181818181818,10.0,68.88999938964844,-0.0539686943373485,-0.2611540007722676,-0.1929475293221333,-0.4211313733775244,-0.4546605893220483,0.0190828542107317,0.4205033236549725,-0.9039404712185134,19.79311197577537,-0.3017491452172388,-0.1574396017413619,momentum_v1,
2026-07-23 00:00:00,NKE,Consumer Discretionary,6.363636363636363,20.0,40.9900016784668,-0.0327984746251979,-0.0946413955956496,-0.3635332834598237,-0.4413740495160904,-0.4685157413132187,0.0058896117415165,0.3516166992526519,-0.0389935872964861,34.31174425150445,-0.1352365400406209,-0.0109512115339508,momentum_v1,
2026-07-23 00:00:00,NUE,Materials,88.18181818181819,100.0,241.1499938964844,0.0088146132779842,0.1282658765667319,0.345873295496061,0.6998087662086234,-0.0923888529956497,0.8469709640941689,0.3395235975529344,0.0599133957332411,72.75770242418093,0.0876707321217606,0.1543503855651221,momentum_v1,
2026-07-23 00:00:00,NVDA,Technology,44.54545454545455,60.0,208.759994506836,0.0435912893089844,0.0321150524333468,0.1401625494554947,0.2515000799951188,-0.1134160759258741,0.2653829363354354,0.3524517674325407,-0.1221702339480194,62.123576776260784,-0.0084800920116243,-0.0980182928569231,momentum_v1,
2026-07-23 00:00:00,O,Real Estate,55.45454545454545,50.0,64.72000122070312,0.0563859634703538,0.0351590027745449,0.0749634491923973,0.1809825580869235,-0.0251799048919008,0.2169610890729965,0.2190024501271778,0.1659359329005358,55.62659728025155,-0.0054361416704262,-0.0081887171981267,momentum_v1,
2026-07-23 00:00:00,ORCL,Technology,0.9090909090909092,10.0,120.04000091552734,-0.2706610639323592,-0.3575593984320151,-0.3048175784284183,-0.4901172952825485,-0.6302251474151526,0.0,0.4894992962003587,-0.4315405084766394,33.260562931132284,-0.3981545428769864,-0.4876927437222851,momentum_v1,
2026-07-23 00:00:00,OXY,Energy,66.36363636363637,30.0,57.59999847412109,0.1028144548908576,0.0143041153577843,0.3362628855236551,0.3496591549509793,-0.1264183305098151,0.4938540192549396,0.3562625080476208,-0.3149473409257161,81.50834102128236,-0.0262910290871869,-0.0434998446443821,momentum_v1,
2026-07-23 00:00:00,PEP,Consumer Staples,13.636363636363637,20.0,134.9499969482422,-0.0499824424567498,-0.1132724641299318,-0.0623677557616028,-0.0393521922963373,-0.1929839721587558,0.0172056115086234,0.2994586007591606,-0.8205061469791898,30.87080910640661,-0.1538676085749031,-0.133700674371151,momentum_v1,
2026-07-23 00:00:00,PFE,Health Care,27.27272727272727,10.0,25.01000022888184,0.0117314289475192,-0.0513868079795988,-0.0015954744990956,0.0643488855437457,-0.1095329185294967,0.129405302754288,0.2356438715667416,-0.5702286817097161,59.66386868898959,-0.09198195242457,-0.1591337468722028,momentum_v1,
2026-07-23 00:00:00,PG,Consumer Staples,37.27272727272727,40.0,146.97000122070312,-0.0257854923366712,0.0365886233634851,0.0210052949705994,-0.0514725288404042,-0.1143738108837627,0.0803249333337072,0.2417463866709977,0.2323438340346876,41.85618888223408,-0.0040065210814861,0.0161604131222659,momentum_v1,
2026-07-23 00:00:00,PLD,Real Estate,60.0,60.0,145.1199951171875,-0.0008950422224612,0.0336107174176403,0.1236023764562221,0.372115605255183,-0.0329201820723563,0.439482302530783,0.2982088128799467,0.1143141158743225,60.33417433023244,-0.0069844270273309,-0.0097370025550314,momentum_v1,
2026-07-23 00:00:00,PM,Consumer Staples,80.0,100.0,191.1199951171875,0.0784290005655938,0.1753857819051301,0.1517372048126519,0.1982915989840212,-0.0163664842234882,0.3593712607831891,0.330765490042148,0.3721651154315001,58.90878917956127,0.1347906374601588,0.1549575716639109,momentum_v1,
2026-07-23 00:00:00,PPG,Materials,38.18181818181819,70.0,113.75,-0.0335598729877552,0.0252675010314948,0.0231884063938569,0.0119637476671696,-0.1247367947702497,0.2221381384374667,0.3314001681015006,0.5776454526748924,30.439200213210484,-0.0153276434134763,0.0513520100298851,momentum_v1,
2026-07-23 00:00:00,PSA,Real Estate,53.63636363636364,40.0,315.010009765625,-0.0195462000444337,0.043064008254579,0.1124787979913353,0.1272760392652197,-0.0443817626279851,0.2427358674848236,0.2411216137418502,0.5572329942222574,37.641489880579805,0.0024688638096077,-0.0002837117180927,momentum_v1,
2026-07-23 00:00:00,PSX,Energy,97.27272727272728,80.0,206.97999572753903,0.2150992143792724,0.2977446581301861,0.484020402456417,0.6968553117667928,-0.0249211308166359,0.8085263240206317,0.3458067036451112,0.4564194650075064,77.96485117657967,0.2571495136852149,0.2399406981280196,momentum_v1,
2026-07-23 00:00:00,QCOM,Technology,71.81818181818181,70.0,171.11000061035156,-0.1617596800206669,0.2621590067114487,0.1053569451879676,0.1058705827881902,-0.3158234957117956,0.3842345830622033,0.4784166036746029,-0.0002016588339694,45.31363861866175,0.2215638622664775,0.1320256614211787,momentum_v1,
2026-07-23 00:00:00,RTX,Industrials,82.72727272727273,70.0,209.1600036621093,0.1221632295027814,0.1609708766973179,0.0669815625409142,0.4245054244441106,-0.0100336974678186,0.3941465922078171,0.3223917168473665,0.8088099376705427,64.10475702347239,0.1203757322523466,0.0946259004207619,momentum_v1,
2026-07-23 00:00:00,SBUX,Consumer Discretionary,59.09090909090909,100.0,103.20999908447266,0.0213755167489553,0.0431565493483134,0.0835262364992146,0.0927754047559847,-0.0476146860877708,0.3413111353700966,0.2453969396843484,0.0342009043147338,47.18684245054256,0.0025614049033422,0.1268467334100123,momentum_v1,
2026-07-23 00:00:00,SCHW,Financials,65.45454545454545,60.0,101.61000061035156,0.0905871268356361,0.1119246088167329,0.0051966228744089,0.0787182019227716,-0.04562102051751,0.1905096945158195,0.2704297474299035,0.5428554419124589,63.76117077969993,0.0713294643717616,0.038843342349879,momentum_v1,
2026-07-23 00:00:00,SHW,Materials,19.090909090909093,30.0,310.5400085449219,-0.0382780600346647,-0.071027353627428,-0.1242636737211071,-0.0783068804155536,-0.1664769710007683,0.0598635103922249,0.2817270147452284,0.1678416260973041,20.44814722748576,-0.1116224980723993,-0.0449428446290378,momentum_v1,
2026-07-23 00:00:00,SLB,Energy,22.727272727272727,10.0,47.220001220703125,-0.0119271748044478,-0.1266314664668532,-0.0159213464655755,0.4122219138064142,-0.1860023687817424,0.5171725311814876,0.2268083671320342,-0.6684365359730022,66.10172978367859,-0.1672266109118244,-0.1844354264690196,momentum_v1,
2026-07-23 00:00:00,SO,Utilities,57.27272727272727,70.0,96.5999984741211,0.0175918904832685,0.0601918225875517,0.1011203523708965,0.0407637478609834,-0.0172552967392561,0.1675175465741718,0.2072368089731556,0.2696318349572122,45.40611488573193,0.0195966781425804,0.0242001803844931,momentum_v1,
2026-07-23 00:00:00,SPG,Real Estate,84.54545454545455,90.0,225.1999969482422,0.0390329022822921,0.1288706503025232,0.2437116483378689,0.4248316625332309,-0.015303891765211,0.4681939542713016,0.2169591443569603,0.8484156641251133,48.3675014583897,0.0882755058575519,0.0855229303298514,momentum_v1,
2026-07-23 00:00:00,SPGI,Financials,24.545454545454547,10.0,420.0,0.1094062000240381,-0.0091003966821118,-0.1603138060647867,-0.1354674102944165,-0.2064812884346788,0.1413852761651015,0.4358603068142437,0.2539966735103112,39.26604289788317,-0.049695541127083,-0.0821816631489656,momentum_v1,
2026-07-23 00:00:00,SRE,Utilities,51.81818181818182,50.0,93.44000244140624,0.0196963582522695,0.0187029980675417,0.1021616549980408,0.2048156550696847,-0.0565635804427739,0.2111903625095481,0.1877267639998478,0.0374381654669646,51.69040776403798,-0.0218921463774295,-0.0172886441355168,momentum_v1,
2026-07-23 00:00:00,T,Communication Services,18.181818181818183,50.0,22.959999084472656,0.0200539005351751,-0.1044099376617668,0.0004658392707408,-0.1231700526018484,-0.1920636042455002,0.1361050328227571,0.3294544747330401,-0.7714651659974894,84.44224358999766,-0.1450050821067381,-0.0006955386308612,momentum_v1,
2026-07-23 00:00:00,TJX,Consumer Discretionary,36.36363636363637,90.0,153.47999572753906,-0.0661393974584345,-0.0283164365650284,-0.0091880800729726,0.2369127480051891,-0.0886527380197986,0.2475406613346629,0.2852552084645698,0.0010102216162315,47.98553881851486,-0.0689115810099997,0.0553737474966703,momentum_v1,
2026-07-23 00:00:00,TMO,Health Care,68.18181818181817,40.0,572.3200073242188,0.2193885157806794,0.1146226232865761,-0.0987582865078501,0.3432638410285993,-0.1031979012846311,0.3069619986311376,0.3919657655160411,0.6544154753809247,71.25957789311836,0.0740274788416048,0.0068756843939721,momentum_v1,
2026-07-23 00:00:00,TMUS,Communication Services,12.727272727272728,40.0,170.4199981689453,-0.0766647266281855,-0.093030543648389,-0.0622628085084659,-0.2555997917559371,-0.3296346323593229,0.0160376945682148,0.5197653121272279,-0.1760391976311744,43.69000633567811,-0.1336256880933602,0.0106838553825165,momentum_v1,
2026-07-23 00:00:00,TSLA,Consumer Discretionary,5.454545454545454,10.0,319.69000244140625,-0.1622598602945668,-0.175014852816932,-0.2590163159828387,-0.0373971980908939,-0.3474116125276812,0.0563724590534235,0.7513607858087906,-0.0688841107059502,28.968966240958792,-0.2156099972619033,-0.0913246687552332,momentum_v1,
2026-07-23 00:00:00,UNH,Health Care,91.81818181818184,80.0,423.55999755859375,0.0349663959892334,0.2049647358559905,0.2344811901286076,0.5252823827930491,-0.0293113518185391,0.829094033870335,0.2847924134216784,0.8660393336625405,48.977744778321295,0.1643695914110192,0.0972177969633865,momentum_v1,
2026-07-23 00:00:00,UNP,Industrials,93.63636363636364,100.0,304.3299865722656,0.1767913221082702,0.2265882338470621,0.3405544026113447,0.357705021281949,0.0,0.4392471272707958,0.2402773004690252,0.4931278019578092,73.75213140414311,0.1859930894020909,0.1602432575705061,momentum_v1,
2026-07-23 00:00:00,UPS,Industrials,74.54545454545455,60.0,114.0999984741211,0.078144160445811,0.1018362593082204,0.08445221234106,0.2057222833827074,-0.0307509574332673,0.4493393167674415,0.2807709991633937,0.6102097714589525,57.21475763699874,0.0612411148632492,0.0354912830316644,momentum_v1,
2026-07-23 00:00:00,VLO,Energy,98.1818181818182,90.0,305.260009765625,0.2527085478526609,0.308714569542879,0.6397584154796383,1.1574695034163809,-0.0303048869036736,1.3566217583157254,0.4132291929134255,0.6322976302717098,71.62630975746431,0.2681194250979077,0.2509106095407125,momentum_v1,
2026-07-23 00:00:00,VMC,Materials,25.454545454545453,40.0,274.92999267578125,-0.0807783742616892,-0.0504408871413661,-0.0769590951010493,0.0341661811847289,-0.1645776872498239,0.0718098690103565,0.3087439120378742,0.0599843391546401,26.3554173799009,-0.0910360315863374,-0.0243563781429759,momentum_v1,
2026-07-23 00:00:00,VZ,Communication Services,35.45454545454545,80.0,43.81999969482422,-0.0462870606082594,-0.0307306762520725,0.1528369685811619,0.0896951492645625,-0.1195538579278782,0.1984943426735099,0.2952196358919476,-0.5652241310761934,67.17399113322014,-0.0713258206970438,0.072983722778833,momentum_v1,
2026-07-23 00:00:00,WBD,Communication Services,56.36363636363636,90.0,25.950000762939453,-0.0345981557612751,-0.0504939321119276,-0.0904311202808247,1.0194552523407323,-0.1344229099676718,1.4072357519240026,0.217117082244636,-0.2680559692879355,42.65929016980173,-0.0910890765568989,0.0532204669189779,momentum_v1,
2026-07-23 00:00:00,WEC,Utilities,40.909090909090914,10.0,114.72000122070312,0.0050814949549342,0.0204865149429065,0.0653568676768838,0.0770304959206071,-0.0347496618127197,0.1275404017851285,0.1992408493732294,0.1116448407292387,37.91887639401203,-0.0201086295020647,-0.015505127260152,momentum_v1,
2026-07-23 00:00:00,WELL,Real Estate,95.45454545454544,100.0,247.0500030517578,0.1349749856661877,0.2413290918791681,0.3374890708775482,0.5571984704499415,0.0,0.5847438830826428,0.2098116661165397,0.4767604965444706,64.53319461467031,0.2007339474341969,0.1979813719064964,momentum_v1,
2026-07-23 00:00:00,WFC,Financials,52.72727272727272,40.0,86.19000244140625,0.0244859771216097,0.0757354351306669,0.0114815657103768,0.06920621412033,-0.0962880609524005,0.1739308715736567,0.2557091407155885,0.6245339201962847,52.15190240157224,0.0351402906856956,0.002654168663813,momentum_v1,
2026-07-23 00:00:00,WMB,Energy,72.72727272727273,50.0,75.25,-0.0071249625148996,0.066184004031605,0.2084662505127592,0.353504502147518,-0.045268487165938,0.3736202144763567,0.25786441731689,0.011788044539276,58.62631268348249,0.0255888595866338,0.0083800440294385,momentum_v1,
2026-07-23 00:00:00,WMT,Consumer Staples,10.909090909090908,10.0,108.4000015258789,-0.0922793234971939,-0.1644338962541561,-0.0882224463842682,0.1403893047345459,-0.1922503428395288,0.1424154533903954,0.2514206123113396,-0.7846704662469748,40.61135989492082,-0.2050290406991274,-0.1848621064953753,momentum_v1,
2026-07-23 00:00:00,XEL,Utilities,49.09090909090909,40.0,80.7699966430664,0.0054773409931831,0.0418533002893204,0.071502745586081,0.1396174659565885,-0.02299279123124,0.1703745475815574,0.2012666489564236,0.0189302526304434,44.262289051498726,0.0012581558443491,0.0058616580862618,momentum_v1,
2026-07-23 00:00:00,XOM,Energy,73.63636363636363,60.0,156.88999938964844,0.1228083030616407,0.0565544399321014,0.1900883218955589,0.4915336284164697,-0.0788191008213983,0.5297274542297339,0.2559288955396458,-0.2282813671885261,82.22658219360093,0.0159592954871301,-0.001249520070065,momentum_v1,
2026-07-24 00:00:00,AAPL,Technology,92.72727272727272,80.0,333.0199890136719,0.1362767990695199,0.2190571933865437,0.3434213877003509,0.5612475388215932,-0.0021573717318008,0.6520462437949288,0.3826173079049124,0.4960359372469775,67.69819197013604,0.1733466598038859,0.0891180415394687,momentum_v1,
2026-07-24 00:00:00,ABBV,Health Care,94.54545454545456,100.0,259.3599853515625,0.112035724017506,0.2998560840562716,0.2075241040691648,0.4033380745850523,0.0,0.4184494558000704,0.3067535828554887,0.9106909702380576,59.401634115695245,0.2541455504736138,0.1832876175774151,momentum_v1,
2026-07-24 00:00:00,ABT,Health Care,39.09090909090909,30.0,103.05999755859376,0.1470334244453672,0.122351285513419,-0.038336872694758,-0.162027298559924,-0.228208806213236,0.2572075270808689,0.4609732980679527,0.4915528435248727,65.74232232331292,0.0766407519307612,0.0057828190345625,momentum_v1,
2026-07-24 00:00:00,ADBE,Technology,6.363636363636363,30.0,225.1100006103516,0.1451899690834295,-0.0580383101730433,-0.248957420481262,-0.3956129362218982,-0.3943608944772782,0.1639005033246503,0.4701160024394336,-0.3570450821513165,54.509348502728535,-0.1037488437557011,-0.1879774620201183,momentum_v1,
2026-07-24 00:00:00,AEP,Utilities,60.0,90.0,135.5399932861328,0.0042974699423012,0.0106925026525313,0.1742943756148101,0.2841609958073119,-0.0227125899475288,0.3029766736675099,0.206908188075461,0.0863778775713319,48.80951791172697,-0.0350180309301264,-6.001892997598013e-05,momentum_v1,
2026-07-24 00:00:00,AMD,Technology,100.0,100.0,521.9500122070312,0.0042521684191736,0.7094620088469297,1.0571080321441886,2.289946626456173,-0.1014958662498821,2.453420764290274,0.7284591071298605,0.6714068042033775,44.08133315282982,0.6637514752642719,0.5795228569998547,momentum_v1,
2026-07-24 00:00:00,AMT,Real Estate,16.363636363636363,10.0,166.6699981689453,-0.0446521165031152,-0.0600470437509982,-0.039603432844994,-0.2479433032925186,-0.2513906953799018,0.0281290330110737,0.3203950693385506,-0.2654096969680095,59.93031196791932,-0.1057575773336559,-0.1144749870893743,momentum_v1,
2026-07-24 00:00:00,AMZN,Consumer Discretionary,21.818181818181817,60.0,232.1100006103516,-0.0092201460823693,-0.0900501844747385,-0.0095160696525899,0.0167331352076867,-0.1559329108215054,0.1676141075987605,0.3025962135875266,-0.57922062814615,37.25946607494388,-0.1357607180573963,-0.0211528414107209,momentum_v1,
2026-07-24 00:00:00,APD,Materials,37.27272727272727,60.0,297.8699951171875,0.0753071651787731,-0.0129412984176182,0.1422496079903841,0.0265810183663541,-0.0519431146675721,0.3165237856915535,0.3948544272557306,-0.0022212455210313,36.53515397155378,-0.058651832000276,-0.0060249287275851,momentum_v1,
2026-07-24 00:00:00,AVB,Real Estate,64.54545454545455,60.0,189.6100006103516,0.0423656787093278,0.1039996382275174,0.1009919778963093,-0.0307256000672064,-0.0301278741158488,0.2033477022931265,0.2261018630662356,0.4999612537508568,41.8612572042995,0.0582891046448597,0.0495716948891413,momentum_v1,
2026-07-24 00:00:00,AVGO,Technology,27.27272727272727,50.0,381.9200134277344,-0.0003925822325987,-0.089097340752683,0.1776918124867137,0.3561223050131019,-0.2056721639798946,0.3328657472783818,0.4334968376717482,-0.4018700563646489,53.20646877011669,-0.1348078743353408,-0.219036492599758,momentum_v1,
2026-07-24 00:00:00,AXP,Financials,30.0,30.0,326.1700134277344,-0.0452391976211599,0.0267237900310968,-0.108480923901973,0.0680323929038595,-0.1456631807425882,0.1225812584157313,0.2988006210510616,0.6640964003020163,31.38868346009052,-0.0189867435515609,-0.0641498486612202,momentum_v1,
2026-07-24 00:00:00,BA,Industrials,10.0,10.0,209.5200042724609,-0.0487173472305972,-0.1051889398507186,-0.1666202568691255,-0.1041559778594897,-0.1690659950661129,0.1697186801249326,0.2878413900502452,-0.3502165324320693,18.47279028236456,-0.1508994734333764,-0.1571186043262031,momentum_v1,
2026-07-24 00:00:00,BAC,Financials,85.45454545454545,100.0,62.04999923706055,0.0748311056483488,0.1887249107489923,0.1959007879429697,0.3170268551124595,0.0,0.411435151219601,0.2046822029143645,0.8197548844021065,62.34211822929783,0.1430143771663345,0.0978512720566753,momentum_v1,
2026-07-24 00:00:00,BKNG,Consumer Discretionary,24.545454545454547,70.0,177.4600067138672,-0.0209103077855603,0.0065410347415335,-0.1345590972759194,-0.2200544136901083,-0.2179480429198558,0.154260225607385,0.3422176203643564,0.3693688015139548,45.789110501495465,-0.0391694988411241,0.0754383778055511,momentum_v1,
2026-07-24 00:00:00,BLK,Financials,28.18181818181818,20.0,1055.6700439453125,0.0743640038417488,0.0077353269475499,-0.0633408885885608,-0.0380054655841397,-0.1079875609941508,0.1503076303950044,0.33272189634587,-0.1049804619107732,58.65654263082802,-0.0379752066351077,-0.083138311744767,momentum_v1,
2026-07-24 00:00:00,BMY,Health Care,68.18181818181817,40.0,62.09000015258789,0.1416525501924215,0.0638917254868098,0.1546837185868474,0.3285061305950898,0.0,0.5067611846081626,0.3473851302333983,0.1373275221968746,70.33962033829599,0.0181811919041521,-0.0526767409920465,momentum_v1,
2026-07-24 00:00:00,C,Financials,53.63636363636364,50.0,132.19000244140625,-0.0793926748884256,0.0335018256750261,0.1543108591338875,0.408343740276512,-0.0925379000273289,0.4721430298651243,0.3109766456935853,0.3998770539345141,30.91263845609012,-0.0122087079076316,-0.0573718130172908,momentum_v1,
2026-07-24 00:00:00,CAT,Industrials,83.63636363636363,70.0,888.72998046875,-0.1046521287502307,0.0660153465425181,0.3757866793250923,1.0971725308524176,-0.163885235592089,1.1989994602534182,0.4970416530233872,0.2161640495745335,29.644031257746207,0.0203048129598604,0.0140856820670336,momentum_v1,
2026-07-24 00:00:00,CL,Consumer Staples,60.909090909090914,60.0,90.75,-0.0066362413739885,0.0901846042791736,0.070242183243725,0.0476330725139071,-0.0736586731186985,0.2323263885291588,0.2560009336889935,0.6176182885988575,44.56486881355546,0.0444740706965158,0.075405779132919,momentum_v1,
2026-07-24 00:00:00,CMCSA,Communication Services,2.727272727272727,20.0,22.295000076293945,-0.0018209571467914,-0.2857530694161923,-0.2178737609951155,-0.3031241545410439,-0.2961345693760816,0.0171076641740324,0.3732133184156506,-0.6200378979665612,39.8313022823136,-0.33146360299885,-0.1936374585294411,momentum_v1,
2026-07-24 00:00:00,CMG,Consumer Discretionary,10.909090909090908,40.0,31.790000915527344,0.0031555815646722,-0.0622419031084943,-0.2158362062751863,-0.3976884871017262,-0.3201453794559291,0.128105059306494,0.4260767388350183,0.0489220090305309,39.25416800031446,-0.107952436691152,0.0066554399555233,momentum_v1,
2026-07-24 00:00:00,COP,Energy,47.27272727272727,20.0,120.26000213623048,0.124766219563589,-0.0258604877322854,0.2602866545632856,0.3073027300331512,-0.0945161500458809,0.4385880868217031,0.2670293335450098,-0.3586629214924927,83.54785755562996,-0.0715710213149432,-0.0797384544017707,momentum_v1,
2026-07-24 00:00:00,COST,Consumer Staples,19.090909090909093,30.0,935.030029296875,-0.0271150431597525,-0.0768875529728774,-0.0394438837197506,-0.0009525152310485,-0.1455606447934664,0.1031364741039442,0.2474497645573435,-0.6486523404766182,44.11902879686353,-0.1225980865555351,-0.091666378119132,momentum_v1,
2026-07-24 00:00:00,CRM,Technology,4.545454545454546,20.0,163.66000366210938,0.0713538200263921,-0.0531886448194414,-0.2788251334062512,-0.3823621615944025,-0.3892869665510374,0.0901945709121039,0.4545460484111988,-0.3146973623594977,48.28537801461668,-0.0988991784020991,-0.1831277966665163,momentum_v1,
2026-07-24 00:00:00,CSCO,Technology,96.36363636363636,90.0,114.16999816894533,-0.0428706238061059,0.2935671002129856,0.5500882539393162,0.6982519381613224,-0.1184838182515,0.7603331489616092,0.3812968621731564,0.3417858137058035,50.313006295821936,0.2478565666303278,0.1636279483659106,momentum_v1,
2026-07-24 00:00:00,CVX,Energy,65.45454545454545,50.0,194.7899932861328,0.1361329644405684,0.0478363728772823,0.191030083365296,0.3254202184316657,-0.0690309277809201,0.3526205694634636,0.2211617746561547,-0.1087587468423322,92.05801520109836,0.0021258392946246,-0.0060415937922029,momentum_v1,
2026-07-24 00:00:00,D,Utilities,82.72727272727273,100.0,71.0999984741211,0.0265665070912279,0.1486234375424646,0.2110334392145088,0.2736338500114426,-0.0082299337033413,0.2800021701426147,0.1646857524357746,0.8496480579882358,61.9170492885506,0.1029129039598069,0.1378709159599573,momentum_v1,
2026-07-24 00:00:00,DE,Industrials,71.81818181818181,60.0,628.1599731445312,0.0483364879871557,0.0639211341244208,0.2091391648602216,0.2345993914317607,-0.0465816111995966,0.4434084657661528,0.3573701388626797,0.3340863506179403,47.06320493183286,0.018210600541763,0.0119914696489362,momentum_v1,
2026-07-24 00:00:00,DHR,Health Care,29.09090909090909,20.0,191.5,0.0160284542992406,0.0746333273280144,-0.1989905993211219,-0.0251515774808404,-0.2055098871419169,0.1852095851474071,0.5294386177378019,0.5943308941515995,48.260588257092806,0.0289227937453566,-0.041935139150842,momentum_v1,
2026-07-24 00:00:00,DIS,Communication Services,14.545454545454543,30.0,94.8499984741211,-0.0548182326526252,-0.0778892720577622,-0.1557567063305451,-0.2173137994492441,-0.2109598460378372,0.034156967494815,0.2808935703120813,-0.6142277686332329,41.567827042762346,-0.1235998056404199,0.0142263388289889,momentum_v1,
2026-07-24 00:00:00,DLR,Real Estate,40.0,20.0,199.0800018310547,0.0313956969456887,0.0020367288593856,0.271324285594849,0.1427543018695425,-0.0171774826502001,0.3639686407292282,0.4837196731312312,-0.5210768596436919,77.1618195844201,-0.043673804723272,-0.0523912144789904,momentum_v1,
2026-07-24 00:00:00,DOW,Materials,8.181818181818182,10.0,29.84000015258789,0.0156569436678393,-0.2176634126553596,0.0766133402645061,0.0339436241057189,-0.2800709365612187,0.5045936268662616,0.3803069456504777,-0.8217568420695094,64.7127720066661,-0.2633739462380173,-0.2107470429653265,momentum_v1,
2026-07-24 00:00:00,DUK,Utilities,52.72727272727272,60.0,130.52000427246094,0.0315340672698789,0.0281777194077559,0.1279339851245393,0.1302894119263824,-0.0135781552031009,0.1646412629565565,0.2183492252270583,0.1331934374186562,62.845853548421005,-0.0175328141749018,0.0174251978252486,momentum_v1,
2026-07-24 00:00:00,EA,Communication Services,72.72727272727273,100.0,209.0599975585937,0.0221982847217461,0.0333202153560581,0.0248344185098809,0.365271549506972,-0.0010989332262274,0.4201447679557262,0.0382499405743482,0.782740011165465,81.81825060341849,-0.0123903182265996,0.1254358262428092,momentum_v1,
2026-07-24 00:00:00,ECL,Materials,30.909090909090907,50.0,268.75,-0.0272901962131429,-0.0072483585846344,-0.0400573105319329,0.0116001349045238,-0.1237078985199137,0.0966607909272438,0.223640988518304,0.435637078519277,33.738842637682325,-0.0529588921672922,-0.0003319888946013,momentum_v1,
2026-07-24 00:00:00,ED,Utilities,57.27272727272727,80.0,113.01000213623048,0.0206828115090296,0.0336201102964701,0.1131215044571987,0.138621089375061,-0.0130207762451958,0.2117654026875477,0.2022059458537055,0.4076772864534959,53.57381116316855,-0.0120904232861875,0.0228675887139628,momentum_v1,
2026-07-24 00:00:00,EOG,Energy,80.9090909090909,70.0,146.38999938964844,0.0968867891307101,0.1016391360658506,0.3978694537560234,0.2742167612807016,-0.0084629535847535,0.4741426943558022,0.2781809793641663,0.0076226334373838,79.68253327547757,0.0559286024831928,0.0477611693963653,momentum_v1,
2026-07-24 00:00:00,EQIX,Real Estate,59.09090909090909,40.0,1084.239990234375,-0.0098264929366438,-0.0230320882495608,0.3819330272119057,0.3927222798945449,-0.0284065028911219,0.5088228766519776,0.2961293325158621,-0.2947117577201091,72.61173650666316,-0.0687426218322185,-0.0774600315879369,momentum_v1,
2026-07-24 00:00:00,EQR,Real Estate,67.27272727272727,70.0,67.86000061035156,0.0354107600908228,0.0944118349670677,0.1383740258294188,0.0377656296414525,-0.0326443459118463,0.1968830471197009,0.2017176247621823,0.6406289639384357,38.81082168923729,0.0487013013844099,0.0399838916286916,momentum_v1,
2026-07-24 00:00:00,ETN,Industrials,32.72727272727273,20.0,404.0700073242188,-0.0012852245937331,-0.0454967177015736,0.2167707586094338,0.0750032800812681,-0.0727660552203035,0.2869674840764022,0.4356499688987479,-0.0025968935087258,45.11034172595851,-0.0912072512842313,-0.0974263821770581,momentum_v1,
2026-07-24 00:00:00,EXC,Utilities,49.09090909090909,40.0,47.52999877929688,0.0134327768213471,0.0262457465592151,0.0849283072617823,0.1323280335911365,-0.0459934717145275,0.1422960659709069,0.235823309839548,0.3507160822667771,53.260867875103855,-0.0194647870234425,0.0154932249767079,momentum_v1,
2026-07-24 00:00:00,FCX,Materials,50.0,90.0,62.59999847412109,0.0147467806944376,0.0206886728670154,0.0686511844290762,0.4110829012861925,-0.1250426276232117,0.7904062750903182,0.4621091855209724,0.008647908186307,53.72433624728834,-0.0250218607156422,0.0276050425570485,momentum_v1,
2026-07-24 00:00:00,GE,Industrials,90.9090909090909,100.0,353.7300109863281,-0.0320024753157405,0.2544129190291249,0.2023283690587254,0.350886821312242,-0.0658867174712735,0.3369173159196508,0.2726739453790133,0.7833900114042806,33.91359440884165,0.2087023854464671,0.2024832545536403,momentum_v1,
2026-07-24 00:00:00,GOOGL,Communication Services,34.54545454545455,70.0,319.739990234375,-0.0739958228684826,-0.0559445253740746,-0.0314147427372791,0.6856023782907366,-0.2053773718775258,0.695405946730326,0.4059123573980897,-0.4032287294917119,26.45635927942591,-0.1016550589567324,0.0361710855126764,momentum_v1,
2026-07-24 00:00:00,GS,Financials,79.0909090909091,80.0,1061.22998046875,-0.0145602262150723,0.1445367323642936,0.1224182873081503,0.5087985229956682,-0.0788493494799664,0.5257031235809393,0.4669572899887846,0.715628097331837,50.85991482142542,0.0988261987816359,0.0536630936719766,momentum_v1,
2026-07-24 00:00:00,HD,Consumer Discretionary,26.36363636363636,80.0,332.9800109863281,-0.0288163529934927,-0.0137654122189229,-0.1136644756353948,-0.0917148269206836,-0.1972397662883916,0.1276177808919383,0.2529812884642272,0.4271915249467236,37.41633856984268,-0.0594759458015806,0.0551319308450947,momentum_v1,
2026-07-24 00:00:00,HON,Industrials,48.18181818181818,30.0,243.1499938964844,0.0194508478354065,0.0876070530101928,0.0527323506337999,0.0505133942933571,-0.0601609638248377,0.2452166060679845,0.3923580834616751,0.0425348715003751,61.77917909452702,0.0418965194275351,0.0356773885347083,momentum_v1,
2026-07-24 00:00:00,JNJ,Health Care,87.27272727272727,60.0,263.3999938964844,0.0929460327654954,0.1485576677725182,0.2189259597493171,0.5965779836233633,-0.0143690932428296,0.6388328466032742,0.3047161185671876,0.7705956419337686,53.73190376732951,0.1028471341898604,0.0319892012936617,momentum_v1,
2026-07-24 00:00:00,JPM,Financials,78.18181818181819,70.0,353.2099914550781,0.064031052022305,0.1383142069940617,0.1745116038730723,0.2129908406182048,0.0,0.2608433870127515,0.2022372180075241,0.7383178590936421,64.7103352816658,0.0926036734114039,0.0474405683017447,momentum_v1,
2026-07-24 00:00:00,KMB,Consumer Staples,66.36363636363637,70.0,109.6999969482422,0.0278271666625564,0.1355740704996475,0.1016768344190659,-0.0991075784219361,-0.158653217692849,0.1951290832017289,0.2792658470811264,0.7542750002643058,42.91219399509432,0.0898635369169897,0.1207952453533929,momentum_v1,
2026-07-24 00:00:00,KO,Consumer Staples,75.45454545454545,80.0,82.25,0.020471483338907,0.0852258926005393,0.1597360441782405,0.2229524565462051,-0.0314413356867182,0.2781432747238024,0.2761821062890986,0.5993734199189223,47.602977365817374,0.0395153590178816,0.0704470674542847,momentum_v1,
2026-07-24 00:00:00,LIN,Materials,46.36363636363636,80.0,512.280029296875,-0.0066894524315598,0.011494651815288,0.1570462304512623,0.1046529242611151,-0.0628566962366642,0.3242233898333162,0.2205305285695163,0.3561869477081736,29.55992458071437,-0.0342158817673696,0.0184110215053211,momentum_v1,
2026-07-24 00:00:00,LLY,Health Care,93.63636363636364,90.0,1196.030029296875,0.0705028541635299,0.3056055054117408,0.1036514895988731,0.5077053118036654,-0.0319936121453019,0.925182976203318,0.3694768892462137,0.8112970725255119,49.20502825528095,0.259894971829083,0.1890370389328843,momentum_v1,
2026-07-24 00:00:00,LMT,Industrials,70.9090909090909,50.0,582.5999755859375,0.1850133394909765,0.1068801237159691,-0.0074178614950544,0.4266279569410349,-0.1334210263275987,0.4290473198021258,0.4397354319668556,0.0802216372459635,68.91754192026801,0.0611695901333113,0.0549504592404845,momentum_v1,
2026-07-24 00:00:00,LOW,Consumer Discretionary,7.272727272727272,30.0,207.63999938964844,-0.0565669699107156,-0.1525786766524656,-0.2364935234423769,-0.0730691192106477,-0.2695427800660508,0.0283280570155177,0.2873997883758817,-0.4700717044044593,34.47028614530339,-0.1982892102351233,-0.0836813335884479,momentum_v1,
2026-07-24 00:00:00,MCD,Consumer Discretionary,12.727272727272728,50.0,264.760009765625,-0.0332992367262799,-0.1189116319447618,-0.1241227629591004,-0.0903526585487173,-0.2140835008696063,0.0074582270308183,0.276234819030061,-0.4330338916044506,32.06812774918248,-0.1646221655274196,-0.0500142888807442,momentum_v1,
2026-07-24 00:00:00,MDLZ,Consumer Staples,38.18181818181819,50.0,60.52000045776367,-0.0115437562129152,0.0574821322339664,0.0690458693069018,-0.1075628594790875,-0.1127470949026071,0.1950236708007398,0.3129059179215476,-0.009921231088718,55.52826358833271,0.0117715986513087,0.0427033070877118,momentum_v1,
2026-07-24 00:00:00,META,Communication Services,17.272727272727273,40.0,595.1900024414062,0.0672799696613664,-0.0961971966485237,-0.079332782974423,-0.1631762083606579,-0.2441256648572828,0.1331919883050449,0.5481249276079405,-0.0092685409617072,48.82499947970249,-0.1419077302311815,-0.0040815857617726,momentum_v1,
2026-07-24 00:00:00,MO,Consumer Staples,77.27272727272727,90.0,72.98999786376953,0.0127653416517412,0.1032249479029667,0.2341943329939182,0.3040143550083973,-0.0223681451436545,0.3765145866134014,0.2513312924607977,0.2923296663221738,54.465003627489374,0.057514414320309,0.0884461227567121,momentum_v1,
2026-07-24 00:00:00,MPC,Energy,99.0909090909091,100.0,309.239990234375,0.2544724235341278,0.4039809991313425,0.7750107421931451,0.7758937433561777,-0.0328997348322601,0.9880961548478892,0.3140849915396366,0.648750079749026,76.8154389160879,0.3582704655486848,0.3501030324618572,momentum_v1,
2026-07-24 00:00:00,MRK,Health Care,88.18181818181819,70.0,131.07000732421875,0.0868159948803346,0.1517410558863925,0.2180833779371422,0.6129070054336867,0.0,0.7338956477822485,0.3351661412199367,0.7965478486943288,57.69094413554227,0.1060305223037347,0.035172589407536,momentum_v1,
2026-07-24 00:00:00,MS,Financials,81.81818181818183,90.0,214.47999572753903,-0.0244701394882066,0.1430300847016576,0.1844922449342807,0.544594546927236,-0.0615620526639522,0.5683464756346732,0.3325163533782055,0.7577939240341962,41.73175990322855,0.0973195511189999,0.0521564460093406,momentum_v1,
2026-07-24 00:00:00,MSFT,Technology,9.090909090909092,40.0,381.7000122070313,0.0444372055263655,-0.0799116335890935,-0.1501533387486865,-0.2394313113682269,-0.2913877599165407,0.0818241836960549,0.3430557026979445,-0.4215496094279686,46.59737102357013,-0.1256221671717513,-0.2098507854361685,momentum_v1,
2026-07-24 00:00:00,NEE,Utilities,33.63636363636363,10.0,89.77999877929688,0.0246518599064882,-0.0603886250565716,0.0703450248052324,0.268603422443705,-0.0760360243786885,0.3139003879740982,0.1619600193076261,-0.2955680338373506,63.265274346571445,-0.1060991586392293,-0.0711411466390788,momentum_v1,
2026-07-24 00:00:00,NEM,Materials,13.636363636363637,20.0,93.19000244140624,-0.0090386906193739,-0.158944690625765,-0.2308600997326592,0.5333904989318954,-0.2906658911258729,0.5311468533870416,0.3604216430121586,-0.7837142849013972,40.550749412902334,-0.2046552242084227,-0.1520283209357319,momentum_v1,
2026-07-24 00:00:00,NFLX,Communication Services,1.818181818181818,10.0,70.08999633789062,-0.0243596894377484,-0.2448826053831699,-0.161000771250133,-0.4043916832222628,-0.4451613059083796,0.0368342887570147,0.4237717941283414,-0.9044182604243152,28.926793056871247,-0.2905931389658277,-0.1527669944964188,momentum_v1,
2026-07-24 00:00:00,NKE,Consumer Discretionary,5.454545454545454,20.0,41.70000076293945,-0.002869414939274,-0.0604480562455413,-0.3530034655143678,-0.4417681755406799,-0.4593097563991591,0.0233129021580233,0.3545404377500798,-0.0453428180635144,41.66666666666667,-0.1061585898281991,0.0084492868184762,momentum_v1,
2026-07-24 00:00:00,NUE,Materials,91.81818181818184,100.0,247.5599975585937,0.0317977479284825,0.1653815266813678,0.3813413715865548,0.7301892639720202,-0.0682636573774964,0.8960652661605224,0.3511749029988789,0.0491336270924134,74.59426560145083,0.1196709930987101,0.1722978963714009,momentum_v1,
2026-07-24 00:00:00,NVDA,Technology,40.909090909090914,60.0,206.83999633789065,0.0393969665220634,0.037272420077292,0.1203867255226232,0.2127619504836164,-0.1215701262977375,0.2537450124769007,0.3537885222169254,-0.1499961465601714,59.62488620951706,-0.0084381135053657,-0.0926667317697829,momentum_v1,
2026-07-24 00:00:00,O,Real Estate,55.45454545454545,30.0,65.5999984741211,0.0628040050062888,0.0371174092096497,0.106411334332386,0.1962131079747675,-0.0119253986882934,0.2335080091802372,0.2216926003049523,0.2209347269887901,64.96893038349285,-0.0085931243730079,-0.0173105341287262,momentum_v1,
2026-07-24 00:00:00,ORCL,Technology,0.9090909090909092,10.0,114.98999786376952,-0.2675043112942008,-0.3454161315299349,-0.3501343412020763,-0.5192202560782622,-0.6457813296858512,0.0,0.4863253538567095,-0.4716048287139135,26.65269295000624,-0.3911266651125926,-0.4753552833770098,momentum_v1,
2026-07-24 00:00:00,OXY,Energy,58.18181818181818,30.0,57.29999923706055,0.1215501872367501,-0.004588177655967,0.3403935590153359,0.3160431819946054,-0.1309682235879351,0.4860736961752985,0.3450235050923497,-0.2777557308545233,80.3430992143195,-0.0502987112386248,-0.0584661443254523,momentum_v1,
2026-07-24 00:00:00,PEP,Consumer Staples,15.454545454545451,20.0,136.63999938964844,-0.0395726766974048,-0.113181733374161,-0.0352410012385336,-0.0247843188162073,-0.1828775691343174,0.0299443739527847,0.3036063712727636,-0.8169932396487308,36.69468488359597,-0.1588922669568188,-0.1279605585204156,momentum_v1,
2026-07-24 00:00:00,PFE,Health Care,20.0,10.0,24.540000915527344,0.0207986680931053,-0.0646765387931213,-0.0282401146532174,0.0352872372680708,-0.1262669814253701,0.1081810039963679,0.2241714532990575,-0.5676959458248882,61.91862608820045,-0.110387072375779,-0.1812450052719777,momentum_v1,
2026-07-24 00:00:00,PG,Consumer Staples,31.818181818181817,40.0,147.41000366210938,-0.030452445596403,0.019284899305562,-0.0023710136558408,-0.0483922427808604,-0.1117224011937044,0.0835591154277028,0.2400657489464075,0.2220689990783002,46.289070881911165,-0.0264256342770956,0.0045060741593074,momentum_v1,
2026-07-24 00:00:00,PLD,Real Estate,70.0,80.0,147.6300048828125,0.0479875771984052,0.0446920419095668,0.1833723312957684,0.3855694174204949,-0.0161934740458222,0.4643796197578671,0.2823827022917727,0.1335441615342223,62.692174758020506,-0.0010184916730908,-0.0097359014288092,momentum_v1,
2026-07-24 00:00:00,PM,Consumer Staples,80.0,100.0,193.0,0.0884891018974907,0.150186607711688,0.1545854671062967,0.2144881149436566,-0.0066907001098271,0.3727430935224081,0.3311707714888711,0.3759768259281005,58.39788355114787,0.1044760741290302,0.1354077825654334,momentum_v1,
2026-07-24 00:00:00,PPG,Materials,41.81818181818181,70.0,116.0,-0.0411638553376529,0.0586299178431966,0.0308779583068201,0.0212722511492404,-0.1074238962052657,0.2463122994175486,0.3234860474676062,0.5727292269643425,36.84555704154448,0.0129193842605388,0.0655462875332296,momentum_v1,
2026-07-24 00:00:00,PSA,Real Estate,62.727272727272734,50.0,322.4800109863281,0.0143432227163964,0.0471518468654788,0.1472846376377306,0.1596658695240158,-0.0217206751120477,0.2722055292712224,0.2526897833103781,0.5835873157212972,48.75451549710103,0.001441313282821,-0.0072760964728972,momentum_v1,
2026-07-24 00:00:00,PSX,Energy,97.27272727272728,80.0,206.7700042724609,0.2261029709488544,0.3055297303307005,0.4794857226333093,0.6727265433064573,-0.0259103966142122,0.8066914845087587,0.3407869421204948,0.4586058513136547,77.28958204385162,0.2598191967480427,0.2516517636612152,momentum_v1,
2026-07-24 00:00:00,QCOM,Technology,63.63636363636363,70.0,166.97000122070312,-0.1541968587038168,0.2511138782675028,0.0688382673064138,0.0663575144292645,-0.3323771179434678,0.3507430845608523,0.4736049342817641,-0.0172173742401504,29.98974296053153,0.2054033446848451,0.1211747264204279,momentum_v1,
2026-07-24 00:00:00,RTX,Industrials,84.54545454545455,80.0,212.7899932861328,0.1498432729567025,0.1917254016262883,0.0919123939771719,0.3814382489280419,0.0,0.4183421246971808,0.3212717998510023,0.8222885063140644,65.58405889626147,0.1460148680436306,0.1397957371508038,momentum_v1,
2026-07-24 00:00:00,SBUX,Consumer Discretionary,54.54545454545454,100.0,103.25,-0.0027045183289702,0.0433510997941388,0.0907328620939256,0.1048238502208067,-0.0472455718078637,0.3418309849379461,0.2301404397355811,0.0266620791221239,53.40908883498424,-0.0023594337885188,0.1122484428581565,momentum_v1,
2026-07-24 00:00:00,SCHW,Financials,73.63636363636363,60.0,101.97000122070312,0.1157676102605715,0.1508761113383419,-0.0131525396897591,0.0852705675168923,-0.0422396898113137,0.1947276279286796,0.2567950816847465,0.5588702427477452,55.00369026646269,0.1051655777556841,0.0600024726460248,momentum_v1,
2026-07-24 00:00:00,SHW,Materials,20.909090909090907,30.0,317.510009765625,-0.0468885867026065,-0.0572372949961439,-0.0901030893754634,-0.0655062868477522,-0.1477687325459851,0.0836519104628839,0.2694851349958313,0.1966877433825589,28.801295339543785,-0.1029478285788016,-0.0503209253061108,momentum_v1,
2026-07-24 00:00:00,SLB,Energy,36.36363636363637,10.0,52.41999816894531,0.1246513083568467,-0.0373614028913228,0.0747279782088496,0.5324944397735158,-0.0963627015054212,0.6842477604943076,0.4327418414389239,-0.6426593718958435,80.18021206999533,-0.0830719364739805,-0.0912393695608081,momentum_v1,
2026-07-24 00:00:00,SO,Utilities,56.36363636363636,70.0,97.25,0.0153476846882238,0.0441402132210693,0.1293041660590494,0.0556970319983383,-0.0106426097127648,0.1753735320684875,0.2062899453498159,0.2930916101276474,54.60526572626679,-0.0015703203615884,0.033387691638562,momentum_v1,
2026-07-24 00:00:00,SPG,Real Estate,86.36363636363636,90.0,229.77999877929688,0.0343461854262658,0.1406307861941129,0.269485418276475,0.452317890311237,0.0,0.4980533285609534,0.211288219961962,0.8606778626456708,58.004012456398,0.0949202526114552,0.0862028428557368,momentum_v1,
2026-07-24 00:00:00,SPGI,Financials,25.454545454545453,10.0,426.3999938964844,0.1201808897790797,0.0289819296153979,-0.161163385610501,-0.1354009047667048,-0.1943895862661926,0.1587777971198485,0.4372175989303016,0.2906681658877386,38.65023224243715,-0.0167286039672598,-0.0618917090769191,momentum_v1,
2026-07-24 00:00:00,SRE,Utilities,43.63636363636363,30.0,92.9800033569336,0.0098618154265366,-0.0028272826805657,0.0996775249566701,0.2052276315548744,-0.0612080568759442,0.2047722606922508,0.1882739182565005,0.0553104707004306,50.12944917778543,-0.0485378162632235,-0.013579804263073,momentum_v1,
2026-07-24 00:00:00,T,Communication Services,22.727272727272727,60.0,24.1299991607666,0.0931199916221376,-0.0810561977812541,0.047880618961011,-0.0894468392728051,-0.1508926250483497,0.1939988929309442,0.3627236059711808,-0.6951160186260281,88.06839360519791,-0.1267667313639119,0.0110594131054969,momentum_v1,
2026-07-24 00:00:00,TJX,Consumer Discretionary,35.45454545454545,90.0,154.22000122070312,-0.0662953143405735,-0.022891607847717,0.0113582351006968,0.2354011539377107,-0.0842586671387791,0.2535557701394004,0.2851958681195469,0.0010215257172332,58.48397871064522,-0.0686021414303748,0.0460057352163005,momentum_v1,
2026-07-24 00:00:00,TMO,Health Care,76.36363636363637,50.0,568.260009765625,0.1545306697932407,0.2188336175964789,-0.1095597517961116,0.2220258804502177,-0.1095597517961116,0.2976905028670358,0.3691535187607316,0.6766155399231435,72.38030781841518,0.1731230840138211,0.1022651511176224,momentum_v1,
2026-07-24 00:00:00,TMUS,Communication Services,18.181818181818183,50.0,180.08999633789062,-0.0038718788331072,-0.0670009713883137,-0.018621399305274,-0.2156474974094999,-0.2915966133856582,0.0736898642174246,0.5551618779584327,-0.1735477459793905,48.621475489309326,-0.1127115049709714,0.0251146394984373,momentum_v1,
2026-07-24 00:00:00,TSLA,Consumer Discretionary,3.636363636363636,10.0,313.0299987792969,-0.1664314441007732,-0.1623943118997405,-0.3033870193528828,-0.0587262416486392,-0.3610067860308386,0.0343653759663109,0.7522623739640404,-0.1346786551089788,15.722535739094027,-0.2081048454823982,-0.0934969688357229,momentum_v1,
2026-07-24 00:00:00,UNH,Health Care,90.0,80.0,420.739990234375,0.0368161727225786,0.1934313702915848,0.2030147776459692,0.4769004391127076,-0.0357740704727695,0.8169162836289701,0.2840562910912091,0.8554795553933511,51.64690280948695,0.1477208367089271,0.0768629038127284,momentum_v1,
2026-07-24 00:00:00,UNP,Industrials,89.0909090909091,90.0,307.32000732421875,0.1821819411673759,0.1388211777230661,0.3421404063580882,0.3605983666759083,0.0,0.4533876292508949,0.2401621579334646,0.5318526103871525,75.16791488626885,0.0931106441404083,0.0868915132475816,momentum_v1,
2026-07-24 00:00:00,UPS,Industrials,69.0909090909091,40.0,114.79000091552734,0.0814961520220483,0.0835962845999707,0.0828251675236113,0.1850112615708041,-0.0248895708018433,0.4581038352360416,0.2808655620918407,0.6503127919204197,59.98327216613632,0.0378857510173129,0.0316666201244861,momentum_v1,
2026-07-24 00:00:00,VLO,Energy,98.1818181818182,90.0,302.5,0.2477829028545763,0.2998213524563857,0.6362355713590766,1.102749916498364,-0.0390723896757516,1.3353140768809957,0.4153820727149035,0.6390212100750432,68.51553868640207,0.254110818873728,0.2459433857869004,momentum_v1,
2026-07-24 00:00:00,VMC,Materials,23.63636363636364,40.0,279.70001220703125,-0.0897848793344587,-0.0425469235277341,-0.0741351721574126,0.0469090162673253,-0.1500831582612759,0.0904057084791882,0.2976816271497601,0.0589980847829975,30.009565857605097,-0.0882574571103919,-0.035630553837701,momentum_v1,
2026-07-24 00:00:00,VZ,Communication Services,44.54545454545455,80.0,46.380001068115234,0.0326323411068008,-0.0010451928196296,0.2127691769969799,0.1565865443247038,-0.068117451070038,0.2685113938942587,0.3523131909552807,-0.5133857369497065,82.05218098536128,-0.0467557264022874,0.0910704180671214,momentum_v1,
2026-07-24 00:00:00,WBD,Communication Services,50.90909090909091,90.0,25.770000457763672,-0.0525735391568145,-0.0420074043416786,-0.0913258144163271,0.9361382152763144,-0.1404269229071048,1.3905381350747883,0.2121190651844096,-0.3083334720188183,44.897951239693775,-0.0877179379243363,0.0501082065450725,momentum_v1,
2026-07-24 00:00:00,WEC,Utilities,42.72727272727273,20.0,115.7699966430664,0.0013839290015582,0.0103119134432587,0.0767791949825349,0.0975546864026137,-0.0259150346705754,0.1378604178922271,0.1966822002483723,0.1367296929927874,47.288774977126245,-0.0353986201393989,-0.0004406081392485,momentum_v1,
2026-07-24 00:00:00,WELL,Real Estate,95.45454545454544,100.0,252.07000732421875,0.1383733715481838,0.2146107743045713,0.3949657419930739,0.5835320777288693,0.0,0.6169455465740799,0.2121029514012687,0.495384768521155,74.55650543763235,0.1689002407219135,0.1601828309661952,momentum_v1,
2026-07-24 00:00:00,WFC,Financials,45.45454545454545,40.0,86.30999755859375,0.0238433503448611,0.0781697114895718,-0.0091995323468148,0.053809389715357,-0.095029898555857,0.175565237144075,0.2556953230649382,0.648218553295121,45.92274326778666,0.0324591779069141,-0.0127039272027451,momentum_v1,
2026-07-24 00:00:00,WMB,Energy,61.81818181818181,40.0,74.0,-0.0246474585328293,0.040425029125874,0.1783209160682781,0.3229486941318933,-0.0611278146216532,0.3508026029402047,0.2639584487634155,0.0056954022029565,54.48327478925,-0.0052855044567836,-0.0134529375436112,momentum_v1,
2026-07-24 00:00:00,WMT,Consumer Staples,11.818181818181818,10.0,109.47000122070312,-0.0800840233554359,-0.1692878703175782,-0.0672663241940489,0.1536921528811041,-0.184277170565636,0.1465698958490571,0.2562967140910221,-0.7845198797458055,46.75823901733341,-0.2149984039002359,-0.1840666954638328,momentum_v1,
2026-07-24 00:00:00,XEL,Utilities,51.81818181818182,50.0,81.66999816894531,0.002454853875605,0.03530380511009,0.0927255681848342,0.1612165087103849,-0.0121063154172195,0.1834157624193899,0.1988853167803637,0.0284356512074269,56.7148415917981,-0.0104067284725677,0.0245512835275827,momentum_v1,
2026-07-24 00:00:00,XOM,Energy,74.54545454545455,60.0,156.94000244140625,0.1463842910035111,0.0496594114317661,0.1902003648172494,0.473143422447891,-0.0785255074989486,0.5302151137385978,0.2390553512635791,-0.1765630961892901,84.03055000547128,0.0039488778491083,-0.0042185552377191,momentum_v1,
2026-07-27 00:00:00,AAPL,Technology,95.45454545454544,80.0,336.9100036621094,0.2244594262606454,0.244080348725332,0.3608125874708574,0.5823662364843298,0.0,0.6713439629465847,0.2933554870833419,0.4970452701372256,72.09225035007135,0.2061863017201373,0.1549040366873804,momentum_v1,
2026-07-27 00:00:00,ABBV,Health Care,93.63636363636364,90.0,256.9100036621094,0.064155069538526,0.3020916783501737,0.1898439854161755,0.3880422548227611,-0.0094462593608346,0.4050501798449784,0.2904776370132119,0.9104212160147352,55.57963990633387,0.264197631344979,0.1637879584741728,momentum_v1,
2026-07-27 00:00:00,ABT,Health Care,48.18181818181818,30.0,104.48999786376952,0.1286492638202891,0.154781677102584,-0.0141923005912738,-0.1491152159789769,-0.2174999720040122,0.2746518041038022,0.4538830089086131,0.5414849153130636,67.29380116429715,0.1168876300973893,0.0164779572265831,momentum_v1,
2026-07-27 00:00:00,ADBE,Technology,10.909090909090908,40.0,237.75,0.2292538932751036,-0.0313314959457029,-0.2103165568931287,-0.3603540626910478,-0.3587149855355532,0.2292538932751036,0.4917378055524076,-0.3271238355449266,59.29153244745007,-0.0692255429508976,-0.1205078079836545,momentum_v1,
2026-07-27 00:00:00,AEP,Utilities,53.63636363636364,70.0,133.58999633789062,-0.0248905376796304,-0.0012603236914616,0.1628579492815944,0.2647567222967524,-0.0367727018079062,0.2842308168755709,0.2054987146283244,0.1045919096247122,39.56567419907542,-0.0391543706966563,0.003250525465646,momentum_v1,
2026-07-27 00:00:00,AMD,Technology,100.0,100.0,494.9500122070313,-0.070638591358535,0.423047111012528,0.9059997926948192,2.052985610129457,-0.1479746689012567,2.274778445188549,0.7453161023677067,0.6335464641981672,45.68762312947069,0.3851530640073333,0.3338707989745764,momentum_v1,
2026-07-27 00:00:00,AMT,Real Estate,14.545454545454543,10.0,166.74000549316406,-0.011735394222461,-0.0554310149592781,-0.0488752677452112,-0.2510762528594874,-0.2466126961259354,0.0285608837541195,0.3000175314933521,-0.290698122883637,53.74561472822248,-0.0933250619644728,-0.108613360399527,momentum_v1,
2026-07-27 00:00:00,AMZN,Consumer Discretionary,16.363636363636363,50.0,231.38999938964844,0.019294326191795,-0.1234894960062072,-0.0324887278536697,-0.0036170880305924,-0.158551192381825,0.1639921887647135,0.2816132636916181,-0.594330651495486,34.20655344536539,-0.161383543011402,-0.0592116312274021,momentum_v1,
2026-07-27 00:00:00,APD,Materials,35.45454545454545,60.0,292.5799865722656,0.0516826464252977,-0.0243985311527618,0.1335119410405396,0.0106225801112951,-0.0687800875305404,0.2931431289866726,0.4018000632851316,-0.0002891190070082,35.256542092156124,-0.0622925781579565,-0.017891509743766,momentum_v1,
2026-07-27 00:00:00,AVB,Real Estate,57.27272727272727,40.0,187.5599975585937,0.0170806281641211,0.09820874479907,0.0707511536858713,-0.0326440372429384,-0.0406138232296995,0.1903374894663458,0.2261085660748839,0.4695891965688618,37.00631165486091,0.0603146977938753,0.0450263993588211,momentum_v1,
2026-07-27 00:00:00,AVGO,Technology,25.454545454545453,60.0,383.2200012207031,0.0113747262329795,-0.092093620830143,0.2017862729565878,0.3370784746212987,-0.2029684133144772,0.3374024427650022,0.4324610685720694,-0.4011966908427098,55.04706403244115,-0.1299876678353377,-0.1812699328680946,momentum_v1,
2026-07-27 00:00:00,AXP,Financials,42.72727272727273,30.0,335.3900146484375,-0.0179638364253006,0.0707720955392403,-0.0672363594883695,0.0996837350859334,-0.1215133101597429,0.1543137909810668,0.3167362902420977,0.6521115263005864,41.45078996769526,0.0328780485340456,-0.0392872379033313,momentum_v1,
2026-07-27 00:00:00,BA,Industrials,9.090909090909092,10.0,211.5,-0.0303502442021916,-0.0900877741415651,-0.1612135430515715,-0.0854845155326314,-0.1612135430515715,0.180772698556787,0.2892223642633791,-0.3497185765594598,23.994846617660244,-0.1279818211467598,-0.1549148782429099,momentum_v1,
2026-07-27 00:00:00,BAC,Financials,86.36363636363636,100.0,62.130001068115234,0.0677092719434746,0.1998619868312128,0.2143439555639923,0.3119116809224667,0.0,0.4132550546385498,0.2041609214670716,0.8326575958496818,62.97142553212824,0.1619679398260181,0.0898026533886411,momentum_v1,
2026-07-27 00:00:00,BKNG,Consumer Discretionary,30.909090909090907,80.0,186.7899932861328,0.0550126521688207,0.0388880241957179,-0.0796962580234051,-0.1665062179413199,-0.1768315435266343,0.2149456307600021,0.3784584573256291,0.4566308623433961,54.76377706783675,0.0009939771905231,0.103165888974523,momentum_v1,
2026-07-27 00:00:00,BLK,Financials,27.27272727272727,10.0,1062.1400146484375,0.0928266043755385,0.0221589030152982,-0.0494183744024213,-0.0303789055548231,-0.1025206119409959,0.1573576141573762,0.3285754267831363,-0.0898434136458383,60.07878152854185,-0.0157351439898965,-0.0879004304272734,momentum_v1,
2026-07-27 00:00:00,BMY,Health Care,71.81818181818181,50.0,62.560001373291016,0.1421952854692667,0.0776051485670801,0.1695980082272594,0.339656589695861,0.0,0.5181667389350662,0.3473983813907404,0.1906863364809017,68.43373442293745,0.0397111015618854,-0.0606985713089207,momentum_v1,
2026-07-27 00:00:00,C,Financials,62.727272727272734,50.0,133.10000610351562,-0.0819422677205033,0.0449259200827427,0.1834376508493147,0.4269583038601041,-0.0862908781728084,0.482277348070617,0.3096031912613853,0.3790526909381743,36.49171085127367,0.007031873077548,-0.0651334133598289,momentum_v1,
2026-07-27 00:00:00,CAT,Industrials,80.0,70.0,873.280029296875,-0.1722877910797556,0.0530941137790206,0.3988791618351868,1.0514549160657194,-0.1784205079111038,1.1607713875715722,0.4329577135007126,0.162989600645012,31.988868268316608,0.0152000667738259,-0.0117329903223242,momentum_v1,
2026-07-27 00:00:00,CL,Consumer Staples,65.45454545454545,60.0,91.9800033569336,0.0158940699810623,0.092821156635243,0.0741082858755954,0.0659140728119214,-0.0611031956827579,0.2490291691129751,0.2581741022444688,0.6045402576831024,43.39521284567408,0.0549271096300483,0.0632059900861088,momentum_v1,
2026-07-27 00:00:00,CMCSA,Communication Services,3.636363636363636,20.0,22.799999237060547,0.0185390690742173,-0.1614422269455058,-0.2020688941622527,-0.2788768742917348,-0.2801914244154888,0.040145946975534,0.3812038505625947,-0.6071258640807224,44.750419387349766,-0.1993362739507005,-0.0956648337998731,momentum_v1,
2026-07-27 00:00:00,CMG,Consumer Discretionary,15.454545454545451,40.0,33.20000076293945,0.0285006821076037,-0.0295234828577246,-0.1876681763982518,-0.2741582959195834,-0.2899914038779875,0.1781405395102731,0.4486009551642638,0.0668734233699532,44.87979279011507,-0.0674175298629193,0.0347543819210804,momentum_v1,
2026-07-27 00:00:00,COP,Energy,40.909090909090914,30.0,115.58000183105467,0.0861760910944369,-0.0437010864498067,0.1931377321636,0.2488071487487695,-0.1297536739012074,0.3826044466607696,0.3071580294850967,-0.3311683963404823,64.46514808377987,-0.0815951334550014,-0.0773019285331658,momentum_v1,
2026-07-27 00:00:00,COST,Consumer Staples,20.909090909090907,30.0,951.5800170898438,0.0115182784782401,-0.0560491384996432,-0.0279380975360968,0.0264061127657897,-0.1290546195555324,0.124446915858799,0.247015389678348,-0.6406521732506787,51.93241847487449,-0.0939431855048379,-0.0856643050487774,momentum_v1,
2026-07-27 00:00:00,CRM,Technology,10.0,30.0,173.60000610351562,0.155869254155198,-0.0230800090264022,-0.2348899156217145,-0.3460242507420641,-0.352194965853303,0.1564082850389052,0.4886041460870421,-0.2957637415910779,53.18252918392604,-0.060974056031597,-0.1122563210643539,momentum_v1,
2026-07-27 00:00:00,CSCO,Technology,96.36363636363636,90.0,114.56999969482422,-0.0333815068155435,0.2919739139793846,0.5500970919084434,0.712437274248588,-0.1153953727453123,0.7665007909124413,0.381346206154042,0.3048275118059985,54.866945057669255,0.2540798669741899,0.202797601941433,momentum_v1,
2026-07-27 00:00:00,CVX,Energy,60.0,50.0,190.0,0.1031119016513315,0.0352586076307821,0.1613238739994038,0.2703440532147554,-0.0919239703356074,0.3193588842140686,0.245571911410424,-0.0918745637774731,76.1189498792406,-0.0026354393744125,0.001657765547423,momentum_v1,
2026-07-27 00:00:00,D,Utilities,81.81818181818183,100.0,70.2699966430664,0.0109335992444143,0.1341262899777826,0.2035232973486611,0.2489100004962863,-0.0198075847395938,0.2650596899058708,0.1703963669324015,0.8416109666165394,52.75685329320421,0.0962322429725879,0.1386371391348904,momentum_v1,
2026-07-27 00:00:00,DE,Industrials,75.45454545454545,60.0,625.02001953125,-0.0065317475216234,0.1137494381129164,0.2216878437005458,0.2296454417728999,-0.0513474187054401,0.4361932672742989,0.3134072435588649,0.3494613184347496,61.62959239966476,0.0758553911077217,0.0489223340115716,momentum_v1,
2026-07-27 00:00:00,DHR,Health Care,31.818181818181817,20.0,196.5,0.0191380244184946,0.1109035578816008,-0.1603446715519217,-0.0239650993404587,-0.1847660199654657,0.2161550051251464,0.5311619076440038,0.6147980229640855,51.76686379924968,0.0730095108764061,-0.0274001619943999,momentum_v1,
2026-07-27 00:00:00,DIS,Communication Services,19.090909090909093,50.0,96.6500015258789,-0.0067254022382514,-0.0507740830285291,-0.1224493372637585,-0.1959859429493847,-0.192808834780388,0.0537825418483575,0.2711333154466848,-0.6282894787920054,47.545823772144885,-0.0886681300337238,0.0150033101171035,momentum_v1,
2026-07-27 00:00:00,DLR,Real Estate,38.18181818181819,20.0,195.759994506836,0.017252089083924,-0.0146739866738225,0.2465881725127561,0.1188280380979622,-0.033567767590912,0.3412220773598513,0.4877680056262524,-0.4280083581192861,71.35544190961014,-0.0525680336790173,-0.0678563321140715,momentum_v1,
2026-07-27 00:00:00,DOW,Materials,5.454545454545454,10.0,28.75,-0.0191060892578005,-0.2487753765971139,0.0402241039870767,0.2067752047648841,-0.3063686170232838,0.4496334581458692,0.401926668193407,-0.8225612112428823,50.66185644811969,-0.2866694236023086,-0.2422683551881181,momentum_v1,
2026-07-27 00:00:00,DUK,Utilities,51.81818181818182,60.0,128.8300018310547,0.0135315963531121,0.0210046571001276,0.1159838290127803,0.1134182878789897,-0.0263505676409923,0.1495612253122862,0.2236808638035525,0.1726562759355525,51.77842648604066,-0.016889389905067,0.0255155062572354,momentum_v1,
2026-07-27 00:00:00,EA,Communication Services,68.18181818181817,100.0,209.07000732421875,0.0211987089691316,0.0325538745077671,0.0267926890170389,0.3750868987801203,-0.0010511059724356,0.4202127643034101,0.0384070328835972,0.8123392996922761,81.13218905238253,-0.0053401724974275,0.0983312676533998,momentum_v1,
2026-07-27 00:00:00,ECL,Materials,33.63636363636363,50.0,271.3800048828125,-0.0349217883994572,0.0097577432137339,-0.0321074051253383,0.0164648100590989,-0.1151324473360526,0.107392784359533,0.2166991633245771,0.4788474328328678,37.81757680406376,-0.0281363037914608,0.0162647646227296,momentum_v1,
2026-07-27 00:00:00,ED,Utilities,55.45454545454545,90.0,111.5,0.0066810928990355,0.0309367916930405,0.0909527127827731,0.1289114879317665,-0.0262084650171,0.1955740978012015,0.2082932237076135,0.4333843819096756,45.17175514958889,-0.0069572553121541,0.0354476408501482,momentum_v1,
2026-07-27 00:00:00,EOG,Energy,74.54545454545455,70.0,140.30999755859375,0.0580979736626079,0.0617539287993096,0.3149523600264525,0.2195508380489905,-0.0496444650366935,0.4129173754988715,0.3192166246154622,0.0084366754655305,60.83168123204791,0.0238598817941149,0.0281530867159505,momentum_v1,
2026-07-27 00:00:00,EQIX,Real Estate,49.09090909090909,30.0,1046.7900390625,-0.0375317869814038,-0.0512217009935209,0.3367130059669065,0.3559767359009904,-0.0619656128237607,0.4567077143571334,0.318549368190532,-0.2744967373709377,55.900113588238256,-0.0891157479987156,-0.1044040464337698,momentum_v1,
2026-07-27 00:00:00,EQR,Real Estate,64.54545454545455,60.0,67.23999786376953,0.0114405159846231,0.0912056249094999,0.1074447936644065,0.0387720839581129,-0.041482588721482,0.1859478075803506,0.1996111145907147,0.6123864586479859,34.92227512282129,0.0533115779043051,0.0380232794692509,momentum_v1,
2026-07-27 00:00:00,ETN,Industrials,28.18181818181818,20.0,398.6400146484375,-0.0505632236540851,-0.0570351877958487,0.2106398775665414,0.0477169232694203,-0.0852264542542007,0.2696728967874815,0.41582086184445,-0.0009076905856464,51.77672413350948,-0.0949292348010434,-0.1218622918971935,momentum_v1,
2026-07-27 00:00:00,EXC,Utilities,50.0,40.0,47.150001525878906,0.0085561823717412,0.014352490832733,0.0894448895622948,0.1168550818795197,-0.0536206518071388,0.1331634272883386,0.2374126884729548,0.4053369985107344,47.09142284107492,-0.0235415561724616,0.0188633399898408,momentum_v1,
2026-07-27 00:00:00,FCX,Materials,52.72727272727272,80.0,62.720001220703125,0.016692026760521,0.0226453094027152,0.0706997639881099,0.4137879145120202,-0.123365354613839,0.7938384424344975,0.4613681410976481,0.0088092289575357,54.00052195606386,-0.0152487376024794,0.0291523308117109,momentum_v1,
2026-07-27 00:00:00,GE,Industrials,91.81818181818184,100.0,361.6099853515625,-0.0250410290832968,0.2721739999611345,0.2338386393204015,0.3560925901298934,-0.0450776583246471,0.366699404207514,0.279291927594925,0.7759125715113792,46.35831159268223,0.2342799529559398,0.2073468958597897,momentum_v1,
2026-07-27 00:00:00,GOOGL,Communication Services,37.27272727272727,70.0,326.5599975585937,-0.0498966987368647,-0.0512338363702749,-0.0028814791698679,0.7041764172461273,-0.1884281871983971,0.7315688482215068,0.4147412213435734,-0.5014978453014911,30.81444924987869,-0.0891278833754696,0.0145435567753577,momentum_v1,
2026-07-27 00:00:00,GS,Financials,79.0909090909091,70.0,1048.22998046875,-0.0158296349534916,0.1358705310506573,0.1518267582590999,0.4868760089367359,-0.0901333865663207,0.5070132247776975,0.4673451797825588,0.6915380167552307,50.75851798340882,0.0979764840454626,0.0258111976080857,momentum_v1,
2026-07-27 00:00:00,HD,Consumer Discretionary,26.36363636363636,70.0,336.0899963378906,-0.0258260975713314,0.0081005058079073,-0.1117734211048435,-0.0752209272027453,-0.1897421609206497,0.1381495685819787,0.2543643014874174,0.4717860853386242,43.28226689661249,-0.0297935411972873,0.0723783705867124,momentum_v1,
2026-07-27 00:00:00,HON,Industrials,56.36363636363636,30.0,245.75,0.0133308400861051,0.1052700242054247,0.0691779341418972,0.1317002614744753,-0.0501112525695787,0.2585317237206468,0.3898645558492734,0.0505982471115231,71.89085321714109,0.06737597720023,0.0404429201040799,momentum_v1,
2026-07-27 00:00:00,JNJ,Health Care,88.18181818181819,80.0,265.95001220703125,0.0860421712842656,0.175734112870286,0.2215020467113293,0.6076613721475086,-0.0048270396440758,0.6546986547414717,0.3024176638070135,0.7851865418049436,48.688244786494536,0.1378400658650913,0.0374303929942851,momentum_v1,
2026-07-27 00:00:00,JPM,Financials,80.9090909090909,80.0,356.20001220703125,0.0676912218152201,0.1606482866261698,0.207966519596195,0.2241255030577542,0.0,0.2715167767336945,0.2030148498997978,0.7590734572846651,65.68156337352548,0.122754239620975,0.0505889531835981,momentum_v1,
2026-07-27 00:00:00,KMB,Consumer Staples,72.72727272727273,70.0,111.44000244140624,0.0308973544350672,0.1545291433033873,0.1187130681972665,-0.0849613538097385,-0.1453083034620286,0.2140856121685646,0.2810105022738073,0.765674174300943,42.93665612508545,0.1166350962981925,0.124913976754253,momentum_v1,
2026-07-27 00:00:00,KO,Consumer Staples,76.36363636363637,80.0,84.06999969482422,0.0453867397287304,0.1041730463376546,0.1689705957704255,0.2510988192518402,-0.0100094028785782,0.3064257441401725,0.2852120759475302,0.5961899418090391,50.06433919644002,0.0662789993324599,0.0745578797885204,momentum_v1,
2026-07-27 00:00:00,LIN,Materials,44.54545454545455,70.0,507.0199890136719,-0.0292181194516418,-0.0032857194279132,0.130127619698821,0.0898322072170318,-0.0724791902770721,0.310626499439431,0.2179017859481629,0.3335261858428437,28.34142264943563,-0.0411797664331079,0.0032213019810825,momentum_v1,
2026-07-27 00:00:00,LLY,Health Care,94.54545454545456,100.0,1197.530029296875,0.0619319950690817,0.3570652970452928,0.1290095416379384,0.4973386438859324,-0.0307795877928902,0.927597632101326,0.3689296852771391,0.8023602478351599,41.33593785631888,0.319171250040098,0.2187615771692919,momentum_v1,
2026-07-27 00:00:00,LMT,Industrials,73.63636363636363,50.0,580.0,0.1484693925338829,0.137008404813242,-0.006679371259585,0.4163440003439986,-0.1372883182418647,0.4226698939553461,0.4363961045201743,0.1114047407848695,68.92924816301462,0.0991143578080473,0.0721813007118972,momentum_v1,
2026-07-27 00:00:00,LOW,Consumer Discretionary,7.272727272727272,30.0,211.5500030517578,-0.0408803306300371,-0.1292394268891069,-0.2271196518550612,-0.0428444930841661,-0.2557877694064893,0.0476921799234324,0.2965431050633389,-0.4426716205463611,41.77439874430432,-0.1671334738943016,-0.0649615621103018,momentum_v1,
2026-07-27 00:00:00,MCD,Consumer Discretionary,17.272727272727273,60.0,270.6700134277344,0.0231723167944615,-0.0897055190582866,-0.1138947931054291,-0.0585525746648288,-0.1965401815742017,0.0299468264852642,0.2609746668755072,-0.4104134340471624,36.97519051102835,-0.1275995660634813,-0.0254276542794814,momentum_v1,
2026-07-27 00:00:00,MDLZ,Consumer Staples,43.63636363636363,50.0,60.66999816894531,-0.0003505374939667,0.0619431847553435,0.0566477329539283,-0.1054785786535256,-0.1105481543355606,0.1979855150517668,0.3115323105099569,-0.0335231823517619,51.989376858442654,0.0240491377501488,0.0323280182062093,momentum_v1,
2026-07-27 00:00:00,META,Communication Services,11.818181818181818,30.0,593.8699951171875,0.0939451442494825,-0.1194163402326504,-0.0968952207305317,-0.1664571951143769,-0.2458019780675658,0.1306788047532834,0.5376139062928393,-0.0034711299381456,44.65402358381531,-0.1573103872378451,-0.0536389470870177,momentum_v1,
2026-07-27 00:00:00,MO,Consumer Staples,78.18181818181819,90.0,72.88999938964844,-0.0043709834561668,0.1061612047149618,0.2149844175669835,0.3057231661412616,-0.023707529944299,0.3746287205729108,0.2453051084517027,0.2703889893879052,49.69432459895721,0.0682671577097671,0.0765460381658276,momentum_v1,
2026-07-27 00:00:00,MPC,Energy,99.0909090909091,100.0,312.3500061035156,0.2318583732094272,0.3988672481222737,0.7967465552476545,0.8589868052083165,-0.023173640967614,1.0080901720154798,0.3075211908008921,0.6491145666068785,80.47680948881683,0.360973201117079,0.3652664060389146,momentum_v1,
2026-07-27 00:00:00,MRK,Health Care,87.27272727272727,70.0,130.75999450683594,0.0423276021344547,0.1769465089738615,0.2264354303915439,0.6066049477208137,-0.00236524605218,0.72979438336254,0.3089178951303687,0.803188186983598,53.63704659595361,0.1390524619686668,0.0386427890978606,momentum_v1,
2026-07-27 00:00:00,MS,Financials,82.72727272727273,90.0,214.5599975585937,-0.0293159424735903,0.1469827455062708,0.2117440572947766,0.5420262175307584,-0.0612120118414344,0.5689314746661835,0.3317664998882684,0.7327439796600841,41.88720475809519,0.1090886985010761,0.0369234120636992,momentum_v1,
2026-07-27 00:00:00,MSFT,Technology,8.181818181818182,20.0,389.1000061035156,0.1027974404432352,-0.0816665258558542,-0.1612130397590035,-0.2322894701665355,-0.2776500212682011,0.1027974404432352,0.3201740413968358,-0.4115415571157649,50.16381654085608,-0.1195605728610489,-0.1708428378938058,momentum_v1,
2026-07-27 00:00:00,NEE,Utilities,34.54545454545455,10.0,88.83000183105469,0.0128848907883016,-0.0608665310020791,0.0622660152454461,0.2700041209513397,-0.0858128451523636,0.2999974989582714,0.167040279943013,-0.2614305374748232,52.05949876480703,-0.0987605780072738,-0.0563556818449714,momentum_v1,
2026-07-27 00:00:00,NEM,Materials,6.363636363636363,20.0,93.47000122070312,-0.0197168042318135,-0.2237924378922441,-0.2448085170149394,0.5357473388322715,-0.2885345424833375,0.5211565771400635,0.3570005415033368,-0.77553985380418,46.63848684486431,-0.2616864848974388,-0.2172854164832484,momentum_v1,
2026-07-27 00:00:00,NFLX,Communication Services,1.818181818181818,10.0,70.4000015258789,-0.007052186025941,-0.2384249278822504,-0.1825360046371692,-0.4037738094707335,-0.4427072770504545,0.0414201644224847,0.4217279038101674,-0.9039097527701664,29.676517991849096,-0.2763189748874451,-0.1726475347366177,momentum_v1,
2026-07-27 00:00:00,NKE,Consumer Discretionary,4.545454545454546,20.0,42.13999938964844,0.0303177950491013,-0.0486222233552166,-0.3419545782825641,-0.425929913937931,-0.4536046494373686,0.0341104144699002,0.3468257238994767,-0.0486343989515171,44.72906237315655,-0.0865162703604113,0.0156556414235885,momentum_v1,
2026-07-27 00:00:00,NUE,Materials,90.0,100.0,247.8600006103516,-0.0016926127694576,0.1594975852831508,0.3725085831675199,0.776012489568064,-0.0671345422176279,0.8983627716097191,0.3299515113154909,0.0394349943387947,72.78199856868022,0.1216035382779561,0.1660046066921465,momentum_v1,
2026-07-27 00:00:00,NVDA,Technology,22.727272727272727,50.0,196.509994506836,0.003933733483515,-0.055365493868576,0.0483810937632029,0.132564277095931,-0.1654406656733719,0.1911304867378593,0.3928006830304374,-0.1773888002878958,49.68935056492489,-0.0932595408737707,-0.1445418059065276,momentum_v1,
2026-07-27 00:00:00,O,Real Estate,61.81818181818181,50.0,65.5,0.0603286503844135,0.0478000201011439,0.1067253433340458,0.1915074924644424,-0.013431587022855,0.23162786694163,0.2221293159167613,0.2639739034313644,60.16369366687552,0.0099059730959492,-0.0053823253391049,momentum_v1,
2026-07-27 00:00:00,ORCL,Technology,0.9090909090909092,10.0,119.9000015258789,-0.2108282542325338,-0.3056490898236483,-0.318484164173353,-0.5006112260441336,-0.6306563710519997,0.0426993978026362,0.5196015129097724,-0.5116735794348508,33.24802426240596,-0.3435431368288431,-0.3948254018616,momentum_v1,
2026-07-27 00:00:00,OXY,Energy,45.45454545454545,40.0,54.93000030517578,0.072642087233137,-0.033898430172253,0.2572728640369845,0.256238961233838,-0.1669124541166226,0.4246078476668826,0.381652086013739,-0.2684731482518306,62.04596187790591,-0.0717924771774477,-0.0674992722556121,momentum_v1,
2026-07-27 00:00:00,PEP,Consumer Staples,18.181818181818183,20.0,139.7899932861328,0.0019351276190089,-0.0912201486104252,-0.0142289558072435,0.0056371497322205,-0.1640402544284862,0.053687801548774,0.3081461309104714,-0.7995925019614414,40.18902450984351,-0.12911419561562,-0.1208353151595594,momentum_v1,
2026-07-27 00:00:00,PFE,Health Care,20.0,10.0,24.670000076293945,0.0604805529965404,-0.0549659426550663,-0.0052272124225608,0.0593965342977793,-0.1062724555852991,0.1335406407594315,0.2032720058326173,-0.5203360630497046,68.46739237684676,-0.0928599896602611,-0.1932696625310672,momentum_v1,
2026-07-27 00:00:00,PG,Consumer Staples,32.72727272727273,40.0,148.6300048828125,0.0083470117548849,0.0105245597960321,0.0047757872188636,-0.0365800477663867,-0.0976849022217224,0.1006827078201046,0.2310006705406432,0.2639168775799434,43.85355908030623,-0.0273694872091625,-0.019090606753102,momentum_v1,
2026-07-27 00:00:00,PLD,Real Estate,70.0,80.0,147.25999450683594,0.0478901002348157,0.0438335569540639,0.1759501971313795,0.3856237049033575,-0.0186592236259666,0.4607093925970054,0.2824027500102144,0.1495141418914051,56.95765939970169,0.0059395099488692,-0.0093487884861849,momentum_v1,
2026-07-27 00:00:00,PM,Consumer Staples,84.54545454545455,100.0,195.6600036621093,0.0935003167224328,0.201474626916017,0.1504060135454779,0.2586669477932106,0.0,0.3916627912213974,0.3324228903009601,0.373680431072148,58.08174934792125,0.1635805799108223,0.1718594603668828,momentum_v1,
2026-07-27 00:00:00,PPG,Materials,59.09090909090909,90.0,118.47000122070312,-0.0321078452302541,0.0859963256241937,0.0680175910883558,0.0574367361970427,-0.0884181714988567,0.2728502735897318,0.3301495795183466,0.5759244720693282,47.00445278398251,0.048102278618999,0.0925033470331895,momentum_v1,
2026-07-27 00:00:00,PSA,Real Estate,67.27272727272727,70.0,324.0199890136719,0.01022634806748,0.0607869905143996,0.1688741452098505,0.1745722361426855,-0.0170489788406282,0.2782808471036384,0.2514368496960194,0.6032220247534428,45.965080106714026,0.0228929435092049,0.0076046450741507,momentum_v1,
2026-07-27 00:00:00,PSX,Energy,97.27272727272728,80.0,207.82000732421875,0.2099441893959053,0.2854084718450482,0.4910958652903461,0.7289581071720568,-0.0209638519747253,0.8158660820476713,0.339724208416201,0.4638895582711249,77.09424554319624,0.2475144248398535,0.2518076297616891,momentum_v1,
2026-07-27 00:00:00,QCOM,Technology,47.27272727272727,70.0,170.0399932861328,-0.1701317796425258,0.1465772115363741,0.1023217548610511,0.0930743440248964,-0.3201018772677271,0.3755785072219242,0.4544113923648541,-0.0524146547903104,36.61766438421714,0.1086831645311794,0.0574008994984225,momentum_v1,
2026-07-27 00:00:00,RTX,Industrials,90.9090909090909,90.0,218.4199981689453,0.170587933199884,0.2586355722435267,0.1231476471478096,0.4295905549211529,0.0,0.4558686688932991,0.3283764900941084,0.8131438789626557,71.04189897479249,0.220741525238332,0.1938084681421819,momentum_v1,
2026-07-27 00:00:00,SBUX,Consumer Discretionary,63.63636363636363,100.0,103.6500015258789,0.0047498821866511,0.0566283697321559,0.0748808012164712,0.1353817029522519,-0.0435544994101423,0.3470293814652758,0.2301412374768558,0.0186956863798121,50.12804388122178,0.0187343227269611,0.120906234510961,momentum_v1,
2026-07-27 00:00:00,SCHW,Financials,77.27272727272727,60.0,104.18000030517578,0.1648031916527055,0.1813992026749038,0.0266872438983147,0.0932801420270967,-0.0214821201013754,0.2206209978640376,0.2433375658477148,0.5744849316095133,57.81791286920838,0.1435051556697091,0.0713398692323321,momentum_v1,
2026-07-27 00:00:00,SHW,Materials,24.545454545454547,40.0,327.2699890136719,-0.0348295329310943,-0.0283727564494307,-0.0564556126506591,-0.0290513652017577,-0.1215718907801844,0.1169624198418834,0.284790052871292,0.2463847549856317,40.32527396685571,-0.0662668034546254,-0.0218657350404349,momentum_v1,
2026-07-27 00:00:00,SLB,Energy,29.09090909090909,10.0,51.52999877929688,0.0866723063908327,-0.0774679985417904,0.0601350474810267,0.5022003754533448,-0.1117048738101922,0.6556521952288226,0.4376437122231336,-0.6164113327394174,72.63067804387211,-0.1153620455469851,-0.1110688406251495,momentum_v1,
2026-07-27 00:00:00,SO,Utilities,54.54545454545454,80.0,96.4800033569336,0.007308463004366,0.0358730208398778,0.1203627700289733,0.0473382494138561,-0.01847604795764,0.1660673807321095,0.205251534155699,0.2868791340650856,51.86313746012701,-0.0020210261653168,0.0403838699969856,momentum_v1,
2026-07-27 00:00:00,SPG,Real Estate,89.0909090909091,90.0,231.6699981689453,0.0274069472048887,0.1643050266020489,0.2824909071834138,0.4711872976572107,0.0,0.5103752011855611,0.2071468662730179,0.8671413065159375,57.57779733590744,0.1264109795968542,0.1111226811618,momentum_v1,
2026-07-27 00:00:00,SPGI,Financials,30.0,20.0,439.8299865722656,0.1765457544559816,0.0668341493543485,-0.1247059725224334,-0.1168885400864192,-0.1690158946366268,0.1952749302130436,0.4369885814573312,0.3361659310232033,48.20987940449309,0.0289401023491537,-0.0432251840882231,momentum_v1,
2026-07-27 00:00:00,SRE,Utilities,39.09090909090909,20.0,91.25,-0.023332979750135,-0.0139256194974337,0.0768307162965504,0.1669265187688668,-0.0786753955985741,0.1823560423647792,0.1919620347818231,0.0577516401784437,35.70211754193214,-0.0518196665026284,-0.009414770340326,momentum_v1,
2026-07-27 00:00:00,T,Communication Services,21.818181818181817,60.0,24.420000076293945,0.1037903825471098,-0.0554588251038429,0.0600247041614978,-0.0841144366842016,-0.1406878208759,0.2083486974950321,0.3635367399261557,-0.6119647037352782,87.53900274403128,-0.0933528721090376,0.0103185680417897,momentum_v1,
2026-07-27 00:00:00,TJX,Consumer Discretionary,46.36363636363636,90.0,156.3800048828125,0.007668035457732,-0.0008775024686763,0.0267278317486046,0.2536963387881281,-0.0714328039766173,0.2711130586410681,0.2007628479464739,0.0013582044053448,56.87463666787124,-0.038771549473871,0.0634003623101288,momentum_v1,
2026-07-27 00:00:00,TMO,Health Care,70.9090909090909,40.0,559.530029296875,0.1063371810121107,0.1924185440676418,-0.1043728859460635,0.1821776976592408,-0.1232392749753249,0.2777545359683899,0.3691681966999949,0.7026122596351981,67.74169289502532,0.154524497062447,0.0541148241916409,momentum_v1,
2026-07-27 00:00:00,TMUS,Communication Services,12.727272727272728,40.0,177.2100067138672,-0.0240127798340954,-0.0612670609404258,-0.0376378777881017,-0.2705078289394506,-0.3029254044318147,0.0565194731282738,0.5578160024647821,-0.190074853744966,43.896113418369694,-0.0991611079456206,0.0045103322052068,momentum_v1,
2026-07-27 00:00:00,TSLA,Consumer Discretionary,2.727272727272727,10.0,309.2200012207031,-0.1756771026718989,-0.178261995079233,-0.311406041727518,0.0128398741712123,-0.3687841958467488,0.0217757533343148,0.7520483180405825,-0.2034922665563752,17.162078259727267,-0.2161560420844277,-0.1139841303004278,momentum_v1,
2026-07-27 00:00:00,UNH,Health Care,85.45454545454545,60.0,417.6400146484375,0.0050778905863335,0.1834366254086399,0.1881512258199842,0.5393250793439401,-0.0428784031015678,0.8035294027722097,0.2738963481845867,0.8412055449970589,43.09465521015937,0.1455425784034452,0.045132905532639,momentum_v1,
2026-07-27 00:00:00,UNP,Industrials,83.63636363636363,80.0,299.29998779296875,0.1179172132789132,0.1196686384479774,0.3169048674711219,0.3880649867441579,-0.0260966397895109,0.4154590958158031,0.2540910524365515,0.5626495233992513,64.28821673387858,0.0817745914427827,0.0548415343466326,momentum_v1,
2026-07-27 00:00:00,UPS,Industrials,66.36363636363637,40.0,112.9499969482422,0.0332997847493068,0.0732010471490358,0.0784929753194065,0.1773887888904166,-0.0405199135490839,0.434731443737218,0.2722409210017085,0.6791301425218536,52.08070294378072,0.0353070001438411,0.008373943047691,momentum_v1,
2026-07-27 00:00:00,VLO,Energy,98.1818181818182,90.0,304.92999267578125,0.1955226048558676,0.2990407431926101,0.647616438360682,1.2283877888506414,-0.0313532258574247,1.3540737334180857,0.3874470081491394,0.6470989840716757,72.70914829661112,0.2611466961874154,0.265439901109251,momentum_v1,
2026-07-27 00:00:00,VMC,Materials,23.63636363636364,30.0,284.489990234375,-0.0909991720460272,-0.0240162838304649,-0.0482367428107792,0.0557751114959741,-0.1355279819319145,0.109079355803306,0.296405693292013,0.0630468073681068,37.71719993364265,-0.0619103308356596,-0.0175092624214692,momentum_v1,
2026-07-27 00:00:00,VZ,Communication Services,60.909090909090914,90.0,47.31999969482422,0.0446422924596618,0.0376599508969464,0.2360962940390893,0.1734535735046563,-0.0492306102783758,0.2942205935072028,0.3574597361193898,-0.4539685006064566,82.98460601124144,-0.0002340961082483,0.1034373440425791,momentum_v1,
2026-07-27 00:00:00,WBD,Communication Services,40.0,80.0,25.280000686645508,-0.0630095954201009,-0.0661248255765942,-0.1154653340052432,0.8725926434552227,-0.1567711450085042,1.3450836097263812,0.2190215573650626,-0.3386541180072338,39.28570733473205,-0.1040188725817889,-0.0003474324309615,momentum_v1,
2026-07-27 00:00:00,WEC,Utilities,41.81818181818181,30.0,113.81999969482422,-0.027761168604015,0.0017019771417514,0.0610680741206364,0.0740437621313598,-0.0423222452156121,0.1186946201315488,0.1995774029662407,0.1391996949904137,38.48448127838832,-0.0361920698634432,0.0062128262988592,momentum_v1,
2026-07-27 00:00:00,WELL,Real Estate,92.72727272727272,100.0,248.33999633789065,0.1099986639266819,0.1937140817717701,0.3614545282982724,0.5623230709950762,-0.014797520045812,0.593018606510884,0.2235822605431545,0.5126728626373872,64.03759340967635,0.1558200347665754,0.1405317363315212,momentum_v1,
2026-07-27 00:00:00,WFC,Financials,58.18181818181818,40.0,87.2699966430664,0.029856016557425,0.1051238570427384,0.0142629793511108,0.0633706907963724,-0.0849641994081804,0.1886406812793857,0.2576615430798323,0.6657737693122112,50.3067363419637,0.0672298100375436,-0.0049354763998332,momentum_v1,
2026-07-27 00:00:00,WMB,Energy,36.36363636363637,20.0,70.79000091552734,-0.086934063844837,-0.0120151082487366,0.1056904300789782,0.2431581722899112,-0.1018545559122119,0.2922069932274838,0.2882017118143569,3.338257637630626e-05,34.7980376645981,-0.0499091552539313,-0.0456159503320957,momentum_v1,
2026-07-27 00:00:00,WMT,Consumer Staples,13.636363636363637,10.0,111.73999786376952,-0.0348937723106087,-0.138290917191002,-0.0471162648168498,0.1663999537453375,-0.1673621430344365,0.1703454488370488,0.2552209888068967,-0.7813221651954697,50.51071778702208,-0.1761849641961967,-0.1679060837401362,momentum_v1,
2026-07-27 00:00:00,XEL,Utilities,50.90909090909091,50.0,80.70999908447266,-0.0127217237373374,0.0273999649596199,0.0921180345713494,0.1431519780300172,-0.0237185316013142,0.1695051701095555,0.2026876535952663,0.0311114960288232,50.19342766513662,-0.0104940820455747,0.0319108141167276,momentum_v1,
2026-07-27 00:00:00,XOM,Energy,69.0909090909091,60.0,154.77000427246094,0.1251908457917192,0.0464071933507022,0.1621775684186741,0.4414972858783601,-0.091266669282756,0.5090568267441642,0.2493397554855855,-0.1460081326011646,74.18639992370603,0.0085131463455074,0.012806351267343,momentum_v1,
2026-07-28 00:00:00,AAPL,Technology,93.63636363636364,80.0,340.0799865722656,0.1983930792696731,0.2719754155132559,0.3339798689331923,0.5963584589912281,0.0,0.68706949414822,0.2827333902795497,0.4967617342444286,72.29740720174712,0.2333851106712898,0.20518834956268,momentum_v1,
2026-07-28 00:00:00,ABBV,Health Care,92.72727272727272,90.0,263.20001220703125,0.0902091133091325,0.3339711990630611,0.2189753105055436,0.4220258961077354,0.0,0.4394505861047439,0.2956230539973754,0.9111768479432196,63.69370711650502,0.2953808942210951,0.1629295050875279,momentum_v1,
2026-07-28 00:00:00,ABT,Health Care,57.27272727272727,30.0,107.2699966430664,0.1586774353182489,0.1855051120564734,0.0120355131421587,-0.1264771896807444,-0.1966812413398125,0.308564432411605,0.4675814132996224,0.5366313849114562,70.34991127204096,0.1469148072145074,0.0144634180809402,momentum_v1,
2026-07-28 00:00:00,ADBE,Technology,14.545454545454543,40.0,249.17999267578125,0.2291224679483006,0.0412435552959749,-0.1822657138436254,-0.3278847730500984,-0.3278122889928113,0.2883511088242521,0.4916292389711563,-0.2868925975058876,64.39934271745253,0.0026532504540088,-0.0255435106546009,momentum_v1,
2026-07-28 00:00:00,AEP,Utilities,51.81818181818182,60.0,133.02000427246094,-0.0290510637046647,-0.0055216733922716,0.1578963516883444,0.2593603504412984,-0.0408825298805569,0.2787514481594844,0.2016826899610033,0.0947576887378102,37.61671377253938,-0.0441119782342376,0.0026906986416128,momentum_v1,
2026-07-28 00:00:00,AMD,Technology,100.0,100.0,454.6199951171875,-0.1283791935631655,0.3585751082793533,0.8090008337658408,1.7309424628072176,-0.2174002579844203,2.007939638435148,0.7923543536647515,0.5684827042345324,38.95981193010953,0.3199848034373873,0.2917880423287775,momentum_v1,
2026-07-28 00:00:00,AMT,Real Estate,12.727272727272728,10.0,171.5,0.0164769959648136,-0.02846602136447,-0.021723039429019,-0.2296964759480616,-0.2251055503073606,0.0579236281185284,0.3165485832830754,-0.27759850182607,62.67748792605459,-0.067056326206436,-0.0874022041302804,momentum_v1,
2026-07-28 00:00:00,AMZN,Consumer Discretionary,10.909090909090908,40.0,230.8600006103516,-0.007864548591921,-0.1158853977967317,-0.0317087392695838,-0.002506056969134,-0.1604785308236539,0.1613260647283088,0.2678928029596887,-0.6141974175484068,35.61768986361005,-0.1544757026386978,-0.0654526333457766,momentum_v1,
2026-07-28 00:00:00,APD,Materials,30.909090909090907,40.0,292.8500061035156,0.0526532352155237,-0.0234981570212595,0.1345579152368592,0.0115551682914156,-0.0679206727523749,0.294336559561398,0.3949588202830437,-0.000876178399749,32.76838447327427,-0.0620884618632255,-0.0380927245553532,momentum_v1,
2026-07-28 00:00:00,AVB,Real Estate,64.54545454545455,50.0,190.38999938964844,0.0324268644485161,0.1147790838858506,0.0869071984980829,-0.0180480723169476,-0.0261381105388827,0.2082979144962642,0.2349065809086749,0.4737346246870806,42.41505360016444,0.0761887790438846,0.0558429011200403,momentum_v1,
2026-07-28 00:00:00,AVGO,Technology,27.27272727272727,60.0,380.9100036621094,0.0435319027086003,-0.087726331472094,0.1768913586074247,0.3222861195149635,-0.2077728103018498,0.3293407644397488,0.4114561862819441,-0.4061764078277958,46.38610185512541,-0.1263166363140601,-0.1545133974226699,momentum_v1,
2026-07-28 00:00:00,AXP,Financials,39.09090909090909,30.0,336.6300048828125,-0.0082515844052625,0.0586861137888525,-0.0678083368538333,0.0918480591267425,-0.1182654051272328,0.1585814726820895,0.3164313950265282,0.6499760023434864,50.16891209783498,0.0200958089468865,-0.0569627453185201,momentum_v1,
2026-07-28 00:00:00,BA,Industrials,15.454545454545451,10.0,221.5599975585937,0.0198388840441599,-0.0422340560892581,-0.1081592235614431,-0.049343517207876,-0.1213166649944429,0.2369361522907607,0.3347560074382216,-0.3178139162333845,45.97673839953264,-0.0808243609312241,-0.1026884788578169,momentum_v1,
2026-07-28 00:00:00,BAC,Financials,84.54545454545455,100.0,62.619998931884766,0.0818935344902866,0.1959976904007738,0.2168626898936789,0.3206208378271271,0.0,0.4244006620350131,0.2023272626093797,0.8493121668093009,78.12499689559154,0.1574073855588078,0.080348831293401,momentum_v1,
2026-07-28 00:00:00,BKNG,Consumer Discretionary,52.72727272727272,80.0,199.3099975585937,0.1257271625142451,0.1085217463920371,-0.0180108306158559,-0.1106395506864059,-0.1216568930505013,0.2963799957402606,0.480099713906049,0.476646463184175,63.70815128373134,0.0699314415500711,0.1589545108429922,momentum_v1,
2026-07-28 00:00:00,BLK,Financials,36.36363636363637,20.0,1097.550048828125,0.1292596799397034,0.0562360314481478,-0.0177275168989173,0.0019468087714489,-0.0726000973492796,0.1959420494580264,0.346955841056871,-0.0693437810570256,64.8400186579629,0.0176457266061818,-0.0594128276592249,momentum_v1,
2026-07-28 00:00:00,BMY,Health Care,75.45454545454545,40.0,63.59999847412109,0.1181838326644852,0.1131521726865749,0.1901302969101463,0.376268999339699,0.0,0.5434048768954605,0.3299523623034038,0.2368599583818741,73.2006075476107,0.0745618678446089,-0.0578895212889583,momentum_v1,
2026-07-28 00:00:00,C,Financials,55.45454545454545,50.0,132.47000122070312,-0.0655332508896565,0.0306383127244547,0.1652185467440119,0.4101515008034637,-0.0906157555719406,0.4752613808234887,0.3024014574797647,0.3592917492143023,40.40560814739389,-0.0079519921175112,-0.085010546382918,momentum_v1,
2026-07-28 00:00:00,CAT,Industrials,73.63636363636363,60.0,840.8499755859375,-0.1554534321275735,0.016433458162246,0.3272323518814319,0.9560090956325644,-0.2089306148211406,1.0805290059776098,0.4108408461792864,0.0998513448217565,24.3001025560489,-0.0221568466797199,-0.0440209646063127,momentum_v1,
2026-07-28 00:00:00,CL,Consumer Staples,65.45454545454545,60.0,92.7300033569336,0.0241776155853077,0.1017319615663523,0.0828665070650489,0.0746054788287997,-0.053447555356811,0.2592135553184216,0.2643144449612807,0.6218302696214851,45.54600716689607,0.0631416567243863,0.0484571221287362,momentum_v1,
2026-07-28 00:00:00,CMCSA,Communication Services,6.363636363636363,20.0,24.190000534057617,0.058247415841661,-0.1087025653499011,-0.1571626336715951,-0.1965229935211984,-0.2363083613172356,0.1035584146835215,0.4294181338608328,-0.5552970158297978,57.16332816691114,-0.1472928701918672,-0.0603669541480313,momentum_v1,
2026-07-28 00:00:00,CMG,Consumer Discretionary,13.636363636363637,50.0,33.5099983215332,0.0050989252599662,-0.0038644789082616,-0.1563444790614231,-0.2833618579044796,-0.2530094100399838,0.1891411624782157,0.435249386236277,0.0848111114044266,50.37663880354904,-0.0424547837502277,0.0465682855426934,momentum_v1,
2026-07-28 00:00:00,COP,Energy,38.18181818181819,30.0,114.0999984741211,0.0768214369571589,-0.0553258507620622,0.1766631888104559,0.2415153490153634,-0.1408971889001774,0.3649001795734554,0.311501793408429,-0.311362989346964,57.07704246739857,-0.0939161556040282,-0.0767311513033215,momentum_v1,
2026-07-28 00:00:00,COST,Consumer Staples,26.36363636363636,30.0,966.5800170898438,0.0163528978524856,-0.0285452771861929,-0.0069797271817142,0.0407133771858487,-0.1153256840251075,0.1421717787676577,0.260241753657502,,46.6165016513566,-0.0671355820281589,-0.081820116623809,momentum_v1,
2026-07-28 00:00:00,CRM,Technology,10.0,30.0,181.5,0.1460504236657784,0.0099258966683133,-0.2047796718337873,-0.3198462018252812,-0.322715382696957,0.2090328131060521,0.4786082724841631,-0.2524307802255036,60.80220242757542,-0.0286644081736526,-0.0568611692822624,momentum_v1,
2026-07-28 00:00:00,CSCO,Technology,97.27272727272728,90.0,115.58000183105467,0.0197098465363572,0.3144389572886568,0.5146215201341966,0.7174733816205556,-0.1075970610963077,0.7820735375060244,0.3499282309221757,0.2683378996802329,53.19535598714915,0.2758486524466907,0.2476518913380809,momentum_v1,
2026-07-28 00:00:00,CVX,Energy,54.54545454545454,50.0,187.5800018310547,0.0965743277694266,0.0244511736121662,0.1411931484834396,0.2621828318806316,-0.1034899825937702,0.3025544311404908,0.249897996853813,-0.0829212308943164,68.68364174263739,-0.0141391312297998,0.0030458730709068,momentum_v1,
2026-07-28 00:00:00,D,Utilities,82.72727272727273,100.0,70.62000274658203,0.015968933624489,0.1397752318108962,0.2095178970344267,0.2551306656990437,-0.0149253683691634,0.2713608820118871,0.1752622665608084,0.8395419451550832,54.74188818253341,0.1011849269689302,0.1479876038447807,momentum_v1,
2026-07-28 00:00:00,DE,Industrials,77.27272727272727,70.0,639.8400268554688,0.0170246287831712,0.1401578319473362,0.2506555922938303,0.2588018749811251,-0.0288536780833903,0.4702473111681846,0.3181371759131644,0.3541086761109658,68.00878606122939,0.1015675271053702,0.0797034091787773,momentum_v1,
2026-07-28 00:00:00,DHR,Health Care,33.63636363636363,20.0,199.0500030517578,0.0323634955250065,0.1253198808475384,-0.1494483679897471,-0.0112989074822462,-0.1741866350444239,0.2319371882013787,0.5293359237792374,0.627172473104858,53.6862869731094,0.0867295760055724,-0.0457218131279948,momentum_v1,
2026-07-28 00:00:00,DIS,Communication Services,17.272727272727273,40.0,98.88999938964844,0.0086824741740147,-0.0264021283526951,-0.1047727963083933,-0.1741010597446946,-0.1665536046880833,0.0782054141230768,0.2819381888811422,-0.6226070269511716,55.96081884217477,-0.0649924331946611,0.0219334828491746,momentum_v1,
2026-07-28 00:00:00,DLR,Real Estate,37.27272727272727,20.0,193.17999267578125,0.0009326045377267,-0.0095344940958519,0.2118096132554485,0.1171768901677445,-0.0463047771902797,0.3235455575777743,0.4902556088156089,-0.364890588464242,66.8732388866637,-0.0481247989378179,-0.0684706768616623,momentum_v1,
2026-07-28 00:00:00,DOW,Materials,5.454545454545454,20.0,28.850000381469727,-0.0065427179086632,-0.2350823007807712,0.0464352648412156,0.1900855609772831,-0.3039559769225169,0.4546756807130299,0.400909107817692,-0.8238530971787941,48.8778041815148,-0.2736726056227372,-0.2496768683148649,momentum_v1,
2026-07-28 00:00:00,DUK,Utilities,53.63636363636364,70.0,129.24000549316406,0.0167571778190915,0.0242540217084643,0.1195354664438665,0.1169617604319792,-0.0232519118371881,0.1532197233756105,0.21662929573387,0.1670314749890467,53.39097316420148,-0.0143362831335016,0.0324663937423488,momentum_v1,
2026-07-28 00:00:00,EA,Communication Services,66.36363636363637,100.0,208.8699951171875,0.0202217529235826,0.0315660552506571,0.0258103813464058,0.3737711107415651,-0.0020067761594846,0.4188540811853587,0.03886631044279,0.8124470841495386,78.44107272092353,-0.0070242495913088,0.0799016664525269,momentum_v1,
2026-07-28 00:00:00,ECL,Materials,47.27272727272727,80.0,282.8999938964844,0.006045453825235,0.0526216163768118,0.0089793067132339,0.0596133959312281,-0.077570120333939,0.1544012318505341,0.2751646684578779,0.5047252288201904,49.84884705515724,0.0140313115348458,0.0380270488427181,momentum_v1,
2026-07-28 00:00:00,ED,Utilities,59.09090909090909,90.0,111.9800033569336,0.0110148175981665,0.0353749362741975,0.0956493054627634,0.133771322360614,-0.0220163286427026,0.2007210980953064,0.2071625233997703,0.4281241292814669,46.73563855547653,-0.0032153685677684,0.0435873083080819,momentum_v1,
2026-07-28 00:00:00,EOG,Energy,70.0,70.0,139.63999938964844,0.0530454206210995,0.0566839181048188,0.3086732944659236,0.2137272464611352,-0.054182534164708,0.4061705144702414,0.3103103384767378,0.0031242510773139,60.12489093602256,0.0180936132628528,0.0352786175635595,momentum_v1,
2026-07-28 00:00:00,EQIX,Real Estate,45.45454545454545,30.0,1034.8599853515625,-0.0485008419474458,-0.0620347347868655,0.3214787590193753,0.3405228381458518,-0.0726562004336135,0.4401059120616304,0.2433066228984662,-0.3258831782564817,54.28427390630583,-0.1006250396288315,-0.1209709175526758,momentum_v1,
2026-07-28 00:00:00,EQR,Real Estate,67.27272727272727,60.0,68.08999633789062,0.0242264012101551,0.1049998418278974,0.1214442941803828,0.0519033507312953,-0.0293657183632181,0.2009396853146854,0.2072644092431492,0.6159229665052413,40.19045861347119,0.0664095369859314,0.046063659062087,momentum_v1,
2026-07-28 00:00:00,ETN,Industrials,21.818181818181817,20.0,386.260009765625,-0.0800485525101212,-0.0863195259215711,0.1730427296514756,0.0151794454717644,-0.1136352956821947,0.2302424430341973,0.4376079827089771,-0.004630600636072,45.07734969102864,-0.1249098307635371,-0.1467739486901299,momentum_v1,
2026-07-28 00:00:00,EXC,Utilities,50.90909090909091,50.0,47.310001373291016,0.0119786390008773,0.0177946167818965,0.0931418357012721,0.1206450423651854,-0.0504091874083153,0.1370088331104306,0.2353667651346622,0.4026801378801262,48.11047551244796,-0.0207956880600694,0.026006988815781,momentum_v1,
2026-07-28 00:00:00,FCX,Materials,42.72727272727273,50.0,61.63999938964844,-0.010574693161958,0.0201355891455954,0.0123536983720824,0.3878956779505682,-0.1384604917910767,0.7629497832992713,0.4628331197377878,0.0031336086731458,60.10599204798381,-0.0184547156963705,0.0055410216115017,momentum_v1,
2026-07-28 00:00:00,GE,Industrials,91.81818181818184,100.0,363.5899963378906,-0.0134330445675631,0.2793197745094871,0.2355911256099725,0.3455444946323873,-0.0398489400806828,0.3741828254208639,0.2794715254874336,0.7683947644540002,55.83694461775677,0.240729469667521,0.2188653517409282,momentum_v1,
2026-07-28 00:00:00,GOOGL,Communication Services,41.81818181818181,70.0,333.7099914550781,-0.0109073269319899,-0.046899230616901,0.0026536603292772,0.7323843117560438,-0.1706589149315174,0.7694812074696804,0.418274427972535,-0.5835070219813523,36.880281178396814,-0.085489535458867,0.0014363805849687,momentum_v1,
2026-07-28 00:00:00,GS,Financials,74.54545454545455,60.0,1033.3399658203125,-0.029809688400873,0.1197355900918903,0.1354652366492357,0.4657549391469324,-0.103057961759346,0.4856062345079721,0.4738023775907976,0.6773262767221981,48.66466845745712,0.0811452852499243,0.0040867309845176,momentum_v1,
2026-07-28 00:00:00,HD,Consumer Discretionary,32.72727272727273,70.0,344.4700012207031,-0.001536228345788,0.033236294593905,-0.0896265463115157,-0.0521627389789792,-0.1695392829513613,0.1665279762882858,0.281194474163916,0.4888182278641734,49.51482419380141,-0.0053540102480609,0.0836690590448602,momentum_v1,
2026-07-28 00:00:00,HON,Industrials,61.81818181818181,40.0,247.0500030517578,0.0186913006539677,0.1111168376519495,0.074833822553928,0.1376868893222553,-0.0450863969419491,0.2651892825469779,0.3857521196357642,0.054559342094085,75.35730466078921,0.0725265328099835,0.0506624148833907,momentum_v1,
2026-07-28 00:00:00,JNJ,Health Care,86.36363636363636,60.0,266.7300109863281,0.0473965567841332,0.1904854428837064,0.2176175291495055,0.6244476498949245,-0.0019083193634291,0.6595516830233346,0.2729072672182338,0.7949493643767768,53.61095484238184,0.1518951380417403,0.0194437489081731,momentum_v1,
2026-07-28 00:00:00,JPM,Financials,80.0,90.0,357.3099975585937,0.090775496149881,0.1517493735795365,0.1983672047326581,0.2194280974548133,0.0,0.2754790590135167,0.1876708269867414,0.7853706036685376,78.60663287601693,0.1131590687375705,0.0361005144721637,momentum_v1,
2026-07-28 00:00:00,KMB,Consumer Staples,72.72727272727273,70.0,113.08999633789062,0.034012924000085,0.1668532186695166,0.1475119746903666,-0.068715924069497,-0.1326536368094052,0.2320615077715899,0.2825970613663092,0.7799540808578203,54.964687584484295,0.1282629138275506,0.1135783792319005,momentum_v1,
2026-07-28 00:00:00,KO,Consumer Staples,83.63636363636363,90.0,88.2699966430664,0.068256076208633,0.17762318236361,0.23278324534227,0.3122723176096613,0.0,0.3716924324526194,0.3188877296711648,0.5866803201793102,62.75534876582929,0.139032877521644,0.1243483429259939,momentum_v1,
2026-07-28 00:00:00,LIN,Materials,43.63636363636363,60.0,511.1799926757813,-0.0212530366823278,0.0048921338068728,0.1394001042920689,0.0987741476050236,-0.0648690564584112,0.3213798391578686,0.2133289498754813,0.3309775920294585,29.41084103049161,-0.0336981710350932,-0.0097024337272209,momentum_v1,
2026-07-28 00:00:00,LLY,Health Care,94.54545454545456,100.0,1220.6600341796875,0.0103797959748888,0.408273051250978,0.1524838344029722,0.5126247742044201,-0.0120593283268002,0.964828524344004,0.2813856731192858,0.8014054697000961,51.08360947555799,0.369682746409012,0.2372313572754447,momentum_v1,
2026-07-28 00:00:00,LMT,Industrials,70.9090909090909,50.0,581.3099975585938,0.1456641792494539,0.139798562067146,0.01124236977399,0.4174531353888042,-0.1353397834196691,0.425883373095562,0.4366378568814021,0.1420754889528389,73.87024819884746,0.10120825722518,0.0793441392985871,momentum_v1,
2026-07-28 00:00:00,LOW,Consumer Discretionary,9.090909090909092,30.0,218.2400054931641,-0.0105493789064583,-0.1017027203140333,-0.2026782841338822,-0.0125756555247277,-0.2322529948010884,0.080824125753824,0.3398123153579657,-0.4075775095219475,48.82123485948258,-0.1402930251559994,-0.0512699558630782,momentum_v1,
2026-07-28 00:00:00,MCD,Consumer Discretionary,16.363636363636363,60.0,273.0199890136719,0.0120847387679117,-0.0528525632203135,-0.116769022108815,-0.0630735537486089,-0.1895644884278808,0.0388888953402628,0.2538062817095852,-0.3848457197922051,43.87442676741502,-0.0914428680622795,-0.0024197987693583,momentum_v1,
2026-07-28 00:00:00,MDLZ,Consumer Staples,48.18181818181818,50.0,62.47999954223633,0.0364158223476309,0.0972435191229961,0.0857543914077032,-0.0840125465131002,-0.0725808150311745,0.2337255818854851,0.3267233918684558,-0.0580794078072576,62.11631932782432,0.0586532142810301,0.0439686796853799,momentum_v1,
2026-07-28 00:00:00,META,Communication Services,8.181818181818182,30.0,593.4099731445312,0.0784370252513062,-0.1247532569364204,-0.115847832867875,-0.1646251637789136,-0.2463861929035996,0.1298029613894498,0.5369631854562876,-0.0002233053427502,47.45877613480439,-0.1633435617783865,-0.0764176457345506,momentum_v1,
2026-07-28 00:00:00,MO,Consumer Staples,81.81818181818183,80.0,74.81999969482422,0.013958514250135,0.150589790065734,0.2259664989654337,0.3351449202603822,0.0,0.411026496295569,0.2608742792708445,0.2605867704931803,57.596378028041336,0.111999485223768,0.0973149506281179,momentum_v1,
2026-07-28 00:00:00,MPC,Energy,99.0909090909091,100.0,306.04998779296875,0.2070121105055042,0.3706524598879686,0.7605066449666191,0.8214913598705786,-0.0428759743368325,0.9675875160022956,0.3196486789702687,0.6482462538103939,76.22125582881486,0.3320621550460025,0.3492471593467092,momentum_v1,
2026-07-28 00:00:00,MRK,Health Care,87.27272727272727,70.0,131.82000732421875,0.0245608858399248,0.2044629070520485,0.245356881111131,0.6081573213647646,0.0,0.7438170530996915,0.2979512546597954,0.8054746375845645,61.99095959876511,0.1658726022100825,0.0334212130765152,momentum_v1,
2026-07-28 00:00:00,MS,Financials,78.18181818181819,70.0,211.5800018310547,-0.0427976463192898,0.1310524522546767,0.1949143026587887,0.5206092171938714,-0.0742507153537865,0.5471407907339187,0.334560680358469,0.7244103482849948,39.30908104129107,0.0924621474127107,0.0154035931473039,momentum_v1,
2026-07-28 00:00:00,MSFT,Technology,7.272727272727272,20.0,393.3500061035156,0.0546424774542464,-0.0720729982404415,-0.1598585512677022,-0.2281795313361627,-0.2697599684364902,0.1148429018885297,0.2594935075061904,-0.394218932314931,56.407632710948576,-0.1106633030824075,-0.1388600641910173,momentum_v1,
2026-07-28 00:00:00,NEE,Utilities,34.54545454545455,10.0,89.27999877929688,0.0081300953088525,-0.0516300110704276,0.0594027782857569,0.2785697108516483,-0.081181736052692,0.306583054459737,0.1645594777327672,-0.2255916921601323,61.27448230467451,-0.0902203159123936,-0.0434176390365431,momentum_v1,
2026-07-28 00:00:00,NEM,Materials,3.636363636363636,10.0,91.5199966430664,-0.0479559007808839,-0.2097373446043139,-0.2700179432919922,0.4067387893825467,-0.3033774700908465,0.4894216648688918,0.3620311611288327,-0.7735265929781879,46.461669383873705,-0.2483276494462799,-0.2243319121384076,momentum_v1,
2026-07-28 00:00:00,NFLX,Communication Services,2.727272727272727,10.0,72.38999938964844,-0.0192385613861869,-0.2077268554929927,-0.1553091952457386,-0.3867800897813787,-0.4269542755713817,0.0708580033084034,0.4081658981456977,-0.8987894672022729,39.75672871779241,-0.2463171603349587,-0.1593912442911229,momentum_v1,
2026-07-28 00:00:00,NKE,Consumer Discretionary,4.545454545454546,20.0,43.04999923706055,0.0564416990689704,-0.0377666375204793,-0.3272269895668994,-0.4200690266585432,-0.4418054713188603,0.0564416990689704,0.3529341924477529,-0.0406896413333821,50.74487865952742,-0.0763569423624453,0.0126661269304757,momentum_v1,
2026-07-28 00:00:00,NUE,Materials,95.45454545454544,100.0,265.6199951171875,0.1104860681705079,0.2384760083439339,0.5038866976952814,0.8458442855526562,-0.0002916253894416,1.0343870241807722,0.3863932509409524,0.0414789185939692,81.46413911839277,0.1998857035019678,0.2238814408098401,momentum_v1,
2026-07-28 00:00:00,NVDA,Technology,20.0,50.0,197.009994506836,0.0232690788757268,-0.0894251851670052,0.0578124274155549,0.1370166472749638,-0.1633172130306168,0.1941611989663318,0.3879968276723565,-0.184960576488005,44.16352125946221,-0.1280154900089712,-0.156212251117581,momentum_v1,
2026-07-28 00:00:00,O,Real Estate,62.727272727272734,40.0,65.7300033569336,0.0458458120404738,0.0611982585257036,0.1168633886022378,0.1981695966462122,-0.0099672504300398,0.2359525528984054,0.2158078261202415,0.2984772714745872,68.43659924932638,0.0226079536837375,0.0022620757598932,momentum_v1,
2026-07-28 00:00:00,ORCL,Technology,0.9090909090909092,10.0,119.95999908447266,-0.1895419375556361,-0.3040163391572927,-0.3378768107178121,-0.5050291022191878,-0.6304715874772914,0.0432211610838637,0.5179636319899318,-0.5508527763716355,33.903081078914994,-0.3426066439992588,-0.3708034051078686,momentum_v1,
2026-07-28 00:00:00,OXY,Energy,40.909090909090914,40.0,53.93000030517578,0.0788157330349947,-0.0539706306781716,0.2394431765260376,0.2311623339250199,-0.1820788029470426,0.3986728788019245,0.3770303541438958,-0.265691443320075,51.35135217090575,-0.0925609355201376,-0.0753759312194309,momentum_v1,
2026-07-28 00:00:00,PEP,Consumer Staples,18.181818181818183,20.0,142.86000061035156,0.0103967835564666,-0.0631860212242385,-0.0014889455842167,0.0353167608452853,-0.1456812683428121,0.0768284369558693,0.3141103651850078,-0.7626322762673498,50.64696166629437,-0.1017763260662045,-0.1164608606618546,momentum_v1,
2026-07-28 00:00:00,PFE,Health Care,22.727272727272727,10.0,25.25,0.057707724878919,-0.025165859414839,0.0091116226948337,0.0899893802733267,-0.0852606231584062,0.160190559005275,0.1995730584663155,-0.460480134526594,74.40776398734162,-0.063756164256805,-0.1962075533903723,momentum_v1,
2026-07-28 00:00:00,PG,Consumer Staples,28.18181818181818,40.0,148.8800048828125,0.0065184889616685,0.0107236986789944,0.0109092619574961,-0.0318505011267624,-0.0961671819294945,0.102534088213801,0.2355618975342559,,45.89141284292671,-0.0278666061629715,-0.0425511407586216,momentum_v1,
2026-07-28 00:00:00,PLD,Real Estate,69.0909090909091,70.0,147.1199951171875,0.0468938760060779,0.0428411892620947,0.1748322983425037,0.3843062995362651,-0.0195921797230356,0.4593207029932731,0.2805586968191376,0.1474394948180396,56.847428303691935,0.0042508844201287,-0.0160949935037155,momentum_v1,
2026-07-28 00:00:00,PM,Consumer Staples,85.45454545454545,100.0,200.1699981689453,0.1073186559604448,0.2543786650633068,0.1585756302008916,0.2889598321310527,0.0,0.4237408420560244,0.3381274737676434,0.3721203802261,62.48093015763821,0.2157883602213408,0.2011038256256907,momentum_v1,
2026-07-28 00:00:00,PPG,Materials,60.909090909090914,90.0,119.01000213623048,-0.0276960730995717,0.0909464311703556,0.0728857473392585,0.0622566636029255,-0.0842630687986241,0.2786520825370215,0.3470826483864103,0.589332981248459,47.96638965788283,0.0523561263283895,0.0763518636362619,momentum_v1,
2026-07-28 00:00:00,PSA,Real Estate,71.81818181818181,80.0,330.4700012207031,0.0303361329506124,0.081903246516708,0.1921420075662332,0.1979533934085156,0.0,0.3037265830069404,0.2657129577811669,0.6136822163176181,51.38370601768711,0.0433129416747419,0.0229670637508976,momentum_v1,
2026-07-28 00:00:00,PSX,Energy,96.36363636363636,80.0,205.8500061035156,0.198474689607206,0.2732236187539485,0.4769612267989487,0.7125686862229961,-0.0302444906945253,0.7986529487894152,0.3443701987132231,0.4632921202581709,74.54115517539695,0.2346333139119825,0.2518183182126892,momentum_v1,
2026-07-28 00:00:00,QCOM,Technology,30.0,70.0,162.8800048828125,-0.1399756829413924,0.0879914611889551,0.0647891724213671,0.0499561358599156,-0.3487308049695216,0.3176560975039224,0.4038661389214059,-0.1139973770529666,27.178099097472185,0.0494011563469891,0.0212043952383793,momentum_v1,
2026-07-28 00:00:00,RTX,Industrials,90.9090909090909,90.0,218.5800018310547,0.1627213971170555,0.2659503806195715,0.134391877214907,0.4154997613142528,0.0,0.456935166102923,0.3292710393034902,0.8092529100328497,82.90240106289698,0.2273600757776055,0.2054959578510127,momentum_v1,
2026-07-28 00:00:00,SBUX,Consumer Discretionary,60.0,100.0,103.0999984741211,-0.0143403443774534,0.059396169905423,0.0834950000641427,0.1207450987026963,-0.048629732757178,0.3398815738463019,0.2253885961369249,0.0095511042515075,47.58012540784403,0.020805865063457,0.1098289343563782,momentum_v1,
2026-07-28 00:00:00,SCHW,Financials,79.0909090909091,80.0,105.97000122070312,0.1848166181583679,0.2016977786798637,0.0443275885052913,0.1120646731215848,-0.0046694123287934,0.2415934752808952,0.2480299813380589,0.578275329015227,62.4845278719924,0.1631074738378977,0.0860489195724909,momentum_v1,
2026-07-28 00:00:00,SHW,Materials,44.54545454545455,70.0,354.2699890136719,0.0447976968353716,0.0517871618337255,0.0213874506109952,0.0510524722286906,-0.0491009654123707,0.2091125904903477,0.4292362649090477,0.2904840138076148,55.74805164531137,0.0131968569917595,0.0371925942996318,momentum_v1,
2026-07-28 00:00:00,SLB,Energy,23.63636363636364,10.0,49.97999954223633,0.0634042455794963,-0.0903123782563254,0.0168677034632678,0.4475670639957776,-0.1384243925467613,0.6058509202388194,0.4516398464134605,-0.6086605900221809,60.77769633869144,-0.1289026830982914,-0.1117176787975847,momentum_v1,
2026-07-28 00:00:00,SO,Utilities,58.18181818181818,80.0,96.77999877929688,0.0090709528095993,0.0437621273705712,0.1234612369655441,0.0520324972654524,-0.0154240922952497,0.1696931566879065,0.2054413524140323,0.300287903459467,47.90122604040752,0.0051718225286052,0.0519744994044557,momentum_v1,
2026-07-28 00:00:00,SPG,Real Estate,90.0,100.0,236.6999969482422,0.0497139171670204,0.1895843157151204,0.3103362378200014,0.503129587853701,0.0,0.5431684892371744,0.2283491552820506,0.8668811580792424,63.746735065779525,0.1509940108731544,0.1306481329493101,momentum_v1,
2026-07-28 00:00:00,SPGI,Financials,20.909090909090907,10.0,424.3599853515625,0.1351634821841554,0.0293107287221632,-0.1554924129356482,-0.147949940581984,-0.1982437436972828,0.1532339025569324,0.4749642951699163,0.33350928367194,41.82782240047508,-0.0092795761198027,-0.0863381303852095,momentum_v1,
2026-07-28 00:00:00,SRE,Utilities,35.45454545454545,20.0,90.55999755859376,-0.0307182140341172,-0.0213819891407753,0.068688077137911,0.1581024918383193,-0.0856421487642139,0.17341545545143,0.1989773162981442,0.0420248517715798,33.710648921958395,-0.0599722939827414,-0.0131696171068909,momentum_v1,
2026-07-28 00:00:00,T,Communication Services,25.454545454545453,60.0,24.65999984741211,0.0999205150941777,-0.020760441361889,0.0768333046404152,-0.0777556942546325,-0.1322425004146179,0.220224349007059,0.3627076912286647,-0.5301061200394843,88.06158026979956,-0.059350746203855,0.0275751698399807,momentum_v1,
2026-07-28 00:00:00,TJX,Consumer Discretionary,56.36363636363636,90.0,160.8000030517578,0.0361492397841136,0.0273621667457468,0.0557476453733325,0.2891313241978075,-0.0451873430608074,0.3070403162241624,0.2265164451083122,0.004747180139948,65.98185566769801,-0.0112281380962191,0.077794931196702,momentum_v1,
2026-07-28 00:00:00,TMO,Health Care,76.36363636363637,50.0,576.4099731445312,0.1397132439832551,0.2283915160492517,-0.0773536302030928,0.2178417230190876,-0.0967891781125737,0.3163019305476195,0.3821222193642275,0.7011913486203387,71.69292215652138,0.1898012112072857,0.0573498220737185,momentum_v1,
2026-07-28 00:00:00,TMUS,Communication Services,19.090909090909093,50.0,182.38999938964844,-0.0015874386783422,0.003445244743756,-0.0196777785496204,-0.2370071399459405,-0.2825493468576697,0.0874023969208412,0.5669684937774844,-0.2187388386338424,51.80897243260272,-0.0351450600982099,0.0517808559456258,momentum_v1,
2026-07-28 00:00:00,TSLA,Consumer Discretionary,1.818181818181818,10.0,307.44000244140625,-0.1903294373074768,-0.18810576084848,-0.293566190675674,-0.0272732872991605,-0.3724177362271582,0.0158939876449339,0.7485079199320094,-0.2708870796254212,18.05575188332098,-0.2266960656904461,-0.1376729963975249,momentum_v1,
2026-07-28 00:00:00,UNH,Health Care,88.18181818181819,80.0,428.7900085449219,0.0021033299812425,0.2158194737185499,0.2358992248818885,0.5664761666495532,-0.0173255355857615,0.8516792212046176,0.2699548071605176,0.8379641653799913,51.87757621130878,0.1772291688765839,0.0447777797430166,momentum_v1,
2026-07-28 00:00:00,UNP,Industrials,80.9090909090909,80.0,294.45001220703125,0.0998020398320889,0.1015250842137927,0.2955653062176753,0.3655722317425756,-0.0324646758491158,0.3925224358171784,0.2522117617056763,0.5619163234520683,60.20906387078891,0.0629347793718266,0.0410706614452338,momentum_v1,
2026-07-28 00:00:00,UPS,Industrials,29.09090909090909,30.0,105.52999877929688,-0.0241353858431906,-0.0086021792072646,0.0171578863072456,0.0891018463278201,-0.1035508181702467,0.3404799610183944,0.357198000742391,0.6742220867858112,42.44603357562357,-0.0471924840492307,-0.0690566019758235,momentum_v1,
2026-07-28 00:00:00,VLO,Energy,98.1818181818182,90.0,298.8800048828125,0.1718027434472635,0.2732670219200008,0.6149266401142652,1.1841752835400157,-0.0505717392868076,1.3073675461193148,0.3967801499915308,0.6457801267869816,68.89610139666905,0.2346767170780348,0.2518617213787415,momentum_v1,
2026-07-28 00:00:00,VMC,Materials,24.545454545454547,30.0,288.4200134277344,-0.0784419838873194,-0.0105337755786724,-0.0350888226598475,0.0703598800909341,-0.1235858457624845,0.1244004839315475,0.3153421949313553,0.0728399015813594,41.38915797897374,-0.0491240804206384,-0.0251283431127661,momentum_v1,
2026-07-28 00:00:00,VZ,Communication Services,63.63636363636363,90.0,48.18999862670898,0.053104823482434,0.0405838371074864,0.2556453612051124,0.1950279186602372,-0.0317502983835933,0.3180154062974847,0.3608403698905508,-0.3686923236919417,85.90369420866864,0.0019935322655204,0.0889194483093562,momentum_v1,
2026-07-28 00:00:00,WBD,Communication Services,46.36363636363636,80.0,25.61000061035156,-0.0422587573088579,-0.045115551761403,-0.0931302826516441,0.8984433687821176,-0.1457638091597779,1.3756958483052686,0.2247053174885602,-0.3822396082062265,43.60190644498631,-0.083705856603369,0.0032200594404667,momentum_v1,
2026-07-28 00:00:00,WEC,Utilities,40.0,30.0,113.61000061035156,-0.0295549593703947,-0.0001461734352845,0.059110392476585,0.0720622173893761,-0.0440891706440409,0.1166306169101289,0.1896131403163225,0.1236019881829935,36.31473119344334,-0.0387364782772505,0.0080661985985999,momentum_v1,
2026-07-28 00:00:00,WELL,Real Estate,89.0909090909091,90.0,243.57000732421875,0.0886783711417984,0.1707858255928116,0.3353043984828532,0.532314759831565,-0.0192074940968504,0.5624208639600086,0.2220055894581394,0.5089188213105549,58.39889039476538,0.1321955207508456,0.1118496428270012,momentum_v1,
2026-07-28 00:00:00,WFC,Financials,49.09090909090909,40.0,86.87000274658203,0.0358931804712974,0.0844917224133225,-0.0028842749480456,0.0528479269541775,-0.0891581078605557,0.1831926574921341,0.2550529573172409,0.6894874263319171,54.86991715425872,0.0459014175713565,-0.0311571366940501,momentum_v1,
2026-07-28 00:00:00,WMB,Energy,31.818181818181817,20.0,70.16000366210938,-0.0950599153002378,-0.0208077026854068,0.0958503124766136,0.2320946573304847,-0.1098476221027373,0.2807069671496167,0.3165999989007518,-0.0016575143829736,33.31074883902932,-0.0593980075273729,-0.0422130032266662,momentum_v1,
2026-07-28 00:00:00,WMT,Consumer Staples,11.818181818181818,10.0,113.0999984741211,-0.0223874484625145,-0.1118751737773101,-0.0347807261424026,0.1700585627442696,-0.1572280100889933,0.1845898604637708,0.2596289561738213,-0.7777993156135083,50.0,-0.1504654786192761,-0.1651500132149262,momentum_v1,
2026-07-28 00:00:00,XEL,Utilities,50.0,40.0,80.33000183105469,-0.0173700081828173,0.0225627803570311,0.0869761456077404,0.1377698120429247,-0.0283151307624555,0.1639987998523915,0.194895419465826,0.0240901345970315,48.09419380001437,-0.0160275244849348,0.0307751523909156,momentum_v1,
2026-07-28 00:00:00,XOM,Energy,68.18181818181817,60.0,153.0399932861328,0.1208437147453393,0.0397378022219074,0.150294849940608,0.4304196333283845,-0.1014244427684748,0.4921886687213412,0.2522142874354871,-0.127081306539221,71.1095100474856,0.0011474973799414,0.0183325016806481,momentum_v1,
2026-07-29 00:00:00,AAPL,Technology,94.54545454545456,80.0,338.19000244140625,0.2003620861918515,0.2504214405481098,0.3118764499460595,0.5862259634945635,-0.0055574694350847,0.6776937839940544,0.2816250725336314,0.4961523456033445,68.64710797617647,0.2228120772658193,0.1939208982805662,momentum_v1,
2026-07-29 00:00:00,ABBV,Health Care,93.63636363636364,90.0,263.29998779296875,0.042719991559442,0.3413633414659514,0.1940073323428726,0.4399974764451524,0.0,0.4361882462569952,0.2663008234117879,0.9105890620068894,69.90903744693918,0.3137539781836609,0.1805375782995719,momentum_v1,
2026-07-29 00:00:00,ABT,Health Care,56.36363636363636,30.0,108.0,0.1732314991617924,0.1588566628968026,0.010923444903979,-0.1254746302699543,-0.1912143323933155,0.3174695918999839,0.4523400911166299,0.666189180559529,74.55730761513888,0.1312472996145122,-0.0019691002695767,momentum_v1,
2026-07-29 00:00:00,ADBE,Technology,28.18181818181818,70.0,263.42999267578125,0.2761226663875542,0.0831825492655924,-0.1142828969719343,-0.287005733062422,-0.289371502559706,0.3620287869700784,0.5173671005473057,-0.2242630884755893,68.43580313238364,0.0555731859833019,0.0266820069980489,momentum_v1,
2026-07-29 00:00:00,AEP,Utilities,42.72727272727273,40.0,129.39999389648438,-0.0621150050619321,-0.0387214537545353,0.0999775798233195,0.2366637532895799,-0.06698398140736,0.243951467991458,0.2180562049286217,0.1279342176942467,38.52499008454888,-0.0663308170368258,-0.0159489216718571,momentum_v1,
2026-07-29 00:00:00,AMD,Technology,99.0909090909091,100.0,429.55999755859375,-0.2037665103443782,0.3290430646179354,0.7044002683774173,1.4735689767368054,-0.2605394683907095,1.842133116933268,0.7965047956509029,0.4823453518071637,29.087542899674844,0.3014337013356449,0.2725425223503919,momentum_v1,
2026-07-29 00:00:00,AMT,Real Estate,27.27272727272727,10.0,179.25999450683594,0.0627852994181179,0.0144123087731162,0.0150459963903086,-0.1695965737680351,-0.1328548330606586,0.1057923251613957,0.2884060391751383,-0.2965100189423155,72.17039746407944,-0.0131970545091741,-0.0414460605964046,momentum_v1,
2026-07-29 00:00:00,AMZN,Consumer Discretionary,8.181818181818182,30.0,226.6499938964844,-0.0561755872718036,-0.1272622901696269,-0.0736880796101213,-0.0263757015624872,-0.1757882034058413,0.1401479025669598,0.2474310853397017,-0.6386768532697741,27.419732587844408,-0.1548716534519174,-0.0830130675489106,momentum_v1,
2026-07-29 00:00:00,APD,Materials,40.909090909090914,40.0,294.2699890136719,0.0912032462786176,-0.0239064316072205,0.149870746493556,0.022168953479448,-0.0634011689517374,0.3006126785416703,0.3885216707779608,0.0032888571561875,47.728553002184846,-0.0515157948895109,-0.0342850756008773,momentum_v1,
2026-07-29 00:00:00,AVB,Real Estate,57.27272727272727,40.0,192.4499969482422,0.0083306943980192,0.0585548803972761,0.1157687177005142,0.0066584031581182,-0.0156010386279171,0.2213715568193681,0.2182170331987326,0.4630738360237501,55.26221374332797,0.0309455171149857,0.0026965110277552,momentum_v1,
2026-07-29 00:00:00,AVGO,Technology,24.545454545454547,60.0,370.3200073242188,-0.005718901363946,-0.0723404443997313,0.1168729590127419,0.2675276984033803,-0.2297981783862306,0.2923827920521518,0.418661294000348,-0.4425919911471548,35.45034555440124,-0.0999498076820217,-0.1288409866672748,momentum_v1,
2026-07-29 00:00:00,AXP,Financials,38.18181818181819,40.0,331.5,-0.0248549683229792,0.0522552557343671,-0.0723096974222256,0.0782193495977892,-0.1317024211728364,0.1409255046287836,0.3205786749020524,0.6303487399293133,38.44167522231157,0.0246458924520767,-0.0447274133043924,momentum_v1,
2026-07-29 00:00:00,BA,Industrials,10.909090909090908,20.0,214.009994506836,-0.0031673945076036,-0.07242547947927,-0.1249182342031974,-0.0947506823242928,-0.1512591723690706,0.1947856204820797,0.3539617244066452,-0.3124173228879939,40.48912332764105,-0.1000348427615605,-0.108187832219208,momentum_v1,
2026-07-29 00:00:00,BAC,Financials,84.54545454545455,100.0,61.06999969482422,0.0551140042819777,0.1657292875800007,0.1833302399511089,0.2938071773895894,-0.0247524634860911,0.3891433571970586,0.2251204036581983,0.861545994181216,60.99033794168488,0.1381199242977102,0.068746618541241,momentum_v1,
2026-07-29 00:00:00,BKNG,Consumer Discretionary,67.27272727272727,100.0,201.3000030517578,0.1035579135486433,0.1639522860977795,-0.0187738642307127,-0.106307220409833,-0.1128870394625624,0.3093236681317708,0.4339127138554527,0.5885241517852557,72.84651416887985,0.1363429228154891,0.2082015087184958,momentum_v1,
2026-07-29 00:00:00,BLK,Financials,35.45454545454545,20.0,1079.18994140625,0.1357861864894265,0.0338280840255653,-0.0138944721488156,-0.0143291866451203,-0.0881138881362089,0.1759360146336179,0.341537856857307,-0.0390947652476144,61.15127430750224,0.0062187207432748,-0.0631545850131942,momentum_v1,
2026-07-29 00:00:00,BMY,Health Care,74.54545454545455,40.0,63.09999847412109,0.089690713296006,0.0953019371630297,0.1603717418554584,0.3918902191972515,-0.0078616354087406,0.5312710487113699,0.3297659044293307,0.287175692764572,69.60486286945822,0.0676925738807392,-0.0655238260033497,momentum_v1,
2026-07-29 00:00:00,C,Financials,43.63636363636363,50.0,127.12999725341795,-0.1077970920597864,-0.0062135571903711,0.1185395952156862,0.3606717037287694,-0.1272739833086632,0.4157921755804319,0.3268877430653956,0.309420370995039,28.402733975669094,-0.0338229204726616,-0.1031962262291308,momentum_v1,
2026-07-29 00:00:00,CAT,Industrials,52.72727272727272,40.0,782.7100219726562,-0.2410282284315512,-0.0412143546586697,0.2296801392776677,0.8241688931341822,-0.2636285260949516,0.9366723568597536,0.4311887433365016,0.0317486724982642,19.65719815541358,-0.0688237179409602,-0.0769767073986077,momentum_v1,
2026-07-29 00:00:00,CL,Consumer Staples,69.0909090909091,60.0,93.48999786376952,0.017596967551452,0.0975366529358756,0.1031986214159654,0.1082209014848212,-0.0456897474846395,0.269533921400487,0.2580451645804313,0.5935110184208398,59.08637599572052,0.0699272896535851,0.0387240022401613,momentum_v1,
2026-07-29 00:00:00,CMCSA,Communication Services,7.272727272727272,30.0,24.61000061035156,0.0299470008736733,-0.097492202302545,-0.1207185576999807,-0.1789157564952486,-0.223048727607835,0.1227190020390009,0.4049713216342078,-0.4864487974548036,58.70166389916548,-0.1251015655848355,-0.0460442221420702,momentum_v1,
2026-07-29 00:00:00,CMG,Consumer Discretionary,23.63636363636364,60.0,34.2400016784668,0.0385198790034071,0.0416794277791439,-0.1364438748856312,-0.2367364865669255,-0.2284812786301059,0.2150461784124957,0.4390020417987511,0.1025633793489161,48.23184224085437,0.0140700644968534,0.0859286503998602,momentum_v1,
2026-07-29 00:00:00,COP,Energy,45.45454545454545,30.0,118.05999755859376,0.1330134454537082,-0.0432964736335205,0.2001897735568991,0.2571958652428527,-0.1110808313986932,0.4122709379765186,0.3199252160100573,-0.2631951673813179,69.96817444784776,-0.0709058369158109,-0.0669141026242888,momentum_v1,
2026-07-29 00:00:00,COST,Consumer Staples,25.454545454545453,30.0,974.030029296875,0.0305263201398133,-0.0171084087277354,0.0082954586953838,0.0504077654770431,-0.1085069682056936,0.1509752650609925,0.2497847610883386,-0.6115009445068658,75.78423809821128,-0.0447177720100259,-0.0759210594234497,momentum_v1,
2026-07-29 00:00:00,CRM,Technology,16.363636363636363,40.0,188.3800048828125,0.1928070260190721,0.0416181638195209,-0.171493630780346,-0.2970419060930992,-0.2895232335988359,0.2548628497873202,0.4888392383234133,-0.1940540688926786,68.00724336096026,0.0140088005372305,-0.0148823784480225,momentum_v1,
2026-07-29 00:00:00,CSCO,Technology,96.36363636363636,90.0,112.4800033569336,-0.0407749622845033,0.2998018423128201,0.4427117461152512,0.6903571539541149,-0.1315324106816658,0.7342759190687338,0.3406121514505845,0.2220470126317285,38.852784203682354,0.2721924790305297,0.2433013000452766,momentum_v1,
2026-07-29 00:00:00,CVX,Energy,62.727272727272734,50.0,191.8600006103516,0.1388377706426589,0.0279108064755975,0.1565295294176623,0.2790864482767881,-0.0830343810228632,0.3322748586931587,0.2468502079400339,-0.0602870647751897,76.63777702515809,0.000301443193307,0.0042931774848291,momentum_v1,
2026-07-29 00:00:00,D,Utilities,82.72727272727273,100.0,70.55000305175781,0.0198034510051821,0.1330328087846239,0.1780764169348365,0.2701006012118734,-0.0159017903588465,0.2646495286521764,0.1703965066691846,0.8266259436754199,56.90956700430159,0.1054234455023335,0.1558053408673022,momentum_v1,
2026-07-29 00:00:00,DE,Industrials,72.72727272727273,70.0,610.9500122070312,-0.0224956358120826,0.086322070489893,0.1832375357209348,0.2116404236297,-0.072702812692602,0.4038627031994106,0.3392261191083068,0.3788129145746449,57.21711602353944,0.0587127072076025,0.050559717749955,momentum_v1,
2026-07-29 00:00:00,DHR,Health Care,31.818181818181817,20.0,196.4900054931641,0.0192447698794446,0.1001097874142837,-0.1630228925866393,-0.0246399217358984,-0.1848074849099255,0.2160931482828445,0.5278840993252447,0.6722529048378452,50.412295646965184,0.0725004241319933,-0.0607159757520956,momentum_v1,
2026-07-29 00:00:00,DIS,Communication Services,17.272727272727273,40.0,98.4800033569336,0.0061300175761362,-0.0220301315102705,-0.1028424417364083,-0.1700090573897459,-0.1668250120106433,0.0737351952438114,0.2823199874803632,-0.6303499292058783,56.32878927418657,-0.049639494792561,0.0294178486502042,momentum_v1,
2026-07-29 00:00:00,DLR,Real Estate,33.63636363636363,20.0,188.17999267578125,-0.0125931846584879,-0.0264433430463508,0.1689413630965635,0.1018245924007241,-0.07098888680225,0.2892887606071088,0.4968560165744605,-0.3338837032386561,58.51124245975528,-0.0540527063286413,-0.0823017124158718,momentum_v1,
2026-07-29 00:00:00,DOW,Materials,11.818181818181818,20.0,30.450000762939453,0.0906160701909759,-0.1907489340054075,0.1191643105047108,0.2463157944042699,-0.2653538733620953,0.5353511009288043,0.418878962206841,-0.8122605138166512,60.7260721225067,-0.2183582972876979,-0.2011275779990643,momentum_v1,
2026-07-29 00:00:00,DUK,Utilities,53.63636363636364,70.0,129.0800018310547,0.0058443075609659,0.018743468309363,0.0915644406794642,0.1359742171566693,-0.0244611602465179,0.1517919968891192,0.2213259767005218,0.2678029128615196,62.94036311946759,-0.0088658949729274,0.0415160003920412,momentum_v1,
2026-07-29 00:00:00,EA,Communication Services,71.81818181818181,100.0,208.9100036621093,0.0188246796045024,0.0324769105039814,0.0241493863463464,0.3799103988711669,-0.0018156129591152,0.4191258592701565,0.0380715948712126,0.8629473664645673,80.51951140245885,0.004867547221691,0.0839248906644563,momentum_v1,
2026-07-29 00:00:00,ECL,Materials,54.54545454545454,90.0,283.70001220703125,0.0183058362949952,0.0656023651620036,0.0040326413033711,0.0619801284595986,-0.0749615632118119,0.1576657852019782,0.2554125388824718,0.5896978941731239,60.608495291889504,0.0379930018797132,0.0552237211683468,momentum_v1,
2026-07-29 00:00:00,ED,Utilities,60.0,90.0,112.25,-0.0003562286508256,0.0325692902399927,0.082861767028606,0.1485476323278516,-0.0196582977414303,0.2036161745020412,0.2048049724771679,0.4957106057401322,57.35513093240058,0.0049599269577023,0.055341822322671,momentum_v1,
2026-07-29 00:00:00,EOG,Energy,80.0,70.0,145.94000244140625,0.1144022641500639,0.0828037145113311,0.3644407876083186,0.241374772092987,-0.0115110005983029,0.4696112392256744,0.3482922826532147,0.0190334103924275,71.49503279692081,0.0551943512290407,0.0591860855205628,momentum_v1,
2026-07-29 00:00:00,EQIX,Real Estate,39.09090909090909,30.0,1008.02001953125,-0.0710948711167616,-0.0588948325203878,0.2581395237224975,0.2990423815782239,-0.0967076433692344,0.4027555516220651,0.3299437045164047,-0.3025865777556908,43.75900872782576,-0.0865041958026783,-0.1147532018899087,momentum_v1,
2026-07-29 00:00:00,EQR,Real Estate,65.45454545454545,60.0,68.8499984741211,0.0074627182259257,0.0677694624063041,0.1328668659954097,0.0867777047382991,-0.0185317608479057,0.2143442495004994,0.1954035927363412,0.5998108258821253,54.130444337374975,0.0401600991240136,0.0119110930367831,momentum_v1,
2026-07-29 00:00:00,ETN,Industrials,10.0,10.0,361.8800048828125,-0.1136040850766609,-0.1215047129330659,0.0668882361964777,-0.0679305453613091,-0.169580967698133,0.1525919673520772,0.4532094472792652,-0.0144948199781805,30.006377843200568,-0.1491140762153564,-0.1572670656730039,momentum_v1,
2026-07-29 00:00:00,EXC,Utilities,51.81818181818182,60.0,47.02999877929688,-0.0025451270985891,0.0091897206428064,0.0680073942379935,0.1224812045477825,-0.0560293075317694,0.1302793823424168,0.2328823197518115,0.5137090912773078,55.023168251800776,-0.018419642639484,0.0319622527254847,momentum_v1,
2026-07-29 00:00:00,FCX,Materials,46.36363636363636,60.0,59.9900016784668,-0.0240894351510199,0.0330804087172804,-0.0413865583612375,0.384674682848598,-0.1615224358324974,0.7157586227513291,0.4699704716774679,1.873415578224069e-08,49.00642614556695,0.0054710454349899,0.0227017647236236,momentum_v1,
2026-07-29 00:00:00,GE,Industrials,86.36363636363636,90.0,350.6300048828125,-0.0605895890955746,0.2139248247278204,0.1818955291635262,0.3022824255679541,-0.0740730652146828,0.3252007361044711,0.3000845648436482,0.7509254782847569,44.37155777987193,0.18631546144553,0.1781624719878825,momentum_v1,
2026-07-29 00:00:00,GOOGL,Communication Services,48.18181818181818,70.0,336.7099914550781,-0.047900474293136,-0.0367913779690851,0.0077665146215164,0.7534039871685554,-0.1632032698537152,0.7853885634324509,0.3815762801852231,-0.668031521055003,39.681791530435945,-0.0644007412513756,0.0146566021913896,momentum_v1,
2026-07-29 00:00:00,GS,Financials,58.18181818181818,60.0,980.75,-0.0386783320324154,0.0631615685737414,0.0651126561922179,0.3825648205461252,-0.1487062021198468,0.4099989961552042,0.4796750469870307,0.585849160476837,39.940616855958325,0.0355522052914509,-0.0338211004650181,momentum_v1,
2026-07-29 00:00:00,HD,Consumer Discretionary,34.54545454545455,70.0,338.2699890136719,-0.03574586993584,0.0356994058228075,-0.097997345526659,-0.0794376084114405,-0.1844864362501254,0.1455319892148079,0.2725964864087418,0.5502861753497623,49.67576687565227,0.008090042540517,0.0799486284435238,momentum_v1,
2026-07-29 00:00:00,HON,Industrials,59.09090909090909,50.0,241.1199951171875,0.0584723085469112,0.0856687484769105,0.0516461294935013,0.1074187124695718,-0.0680074460130436,0.2348206025568582,0.3236970739812857,0.059112040780202,68.92641945657725,0.05805938519462,0.0499063957369725,momentum_v1,
2026-07-29 00:00:00,JNJ,Health Care,88.18181818181819,60.0,265.5299987792969,0.0271555790819724,0.1723827975888026,0.196207364366663,0.637375438070894,-0.0063987109623018,0.6520853980317693,0.2697837966208904,0.807795090910353,57.47500620853585,0.1447734343065121,0.0115570344224231,momentum_v1,
2026-07-29 00:00:00,JPM,Financials,77.27272727272727,90.0,344.7099914550781,0.0512246294711069,0.1117767284377437,0.1589189647286331,0.1777676289144591,-0.0352635140063479,0.23050118535119,0.2322454193507086,0.80533795400294,58.49263427167365,0.0841673651554533,0.0147940593989841,momentum_v1,
2026-07-29 00:00:00,KMB,Consumer Staples,76.36363636363637,70.0,113.20999908447266,0.030024522904287,0.165836875746637,0.1544368177831676,-0.0639063332324818,-0.1317331713358553,0.2333688803923197,0.282364290417543,0.7938745062142974,58.07086022894183,0.1382275124643466,0.1070242250509228,momentum_v1,
2026-07-29 00:00:00,KO,Consumer Staples,83.63636363636363,90.0,89.08000183105469,0.0777979453897825,0.1442901646701027,0.2273500561121453,0.3453197231584328,0.0,0.3842796991215387,0.3192957980689609,0.5823925586382341,66.85833862764312,0.1166808013878122,0.0854775139743884,momentum_v1,
2026-07-29 00:00:00,LIN,Materials,50.90909090909091,80.0,511.1700134277344,0.000215269967648,0.00489216949314,0.1357059231505626,0.1082250317514381,-0.0648873120704767,0.3213541474380275,0.2122335611921312,0.3152691784337943,38.67821101082642,-0.0227171937891503,-0.0054864745005167,momentum_v1,
2026-07-29 00:00:00,LLY,Health Care,95.45454545454544,100.0,1210.02001953125,-0.0161879402162871,0.3868455337695509,0.1679790471585041,0.5079380038337056,-0.0206708195889468,0.9477016935551454,0.2757383839737506,0.8001194345498635,48.50898600542722,0.3592361704872604,0.2260197706031714,momentum_v1,
2026-07-29 00:00:00,LMT,Industrials,70.0,60.0,569.2000122070312,0.1337064630500071,0.1183632740036328,-0.0319427231638617,0.3873645590688632,-0.1533525865726223,0.3961788293206187,0.4432230037050005,0.1657697409531044,72.31081011721582,0.0907539107213424,0.0826009212636949,momentum_v1,
2026-07-29 00:00:00,LOW,Consumer Discretionary,9.090909090909092,40.0,215.67999267578125,-0.0120057470119486,-0.0969835253907029,-0.2040059414023115,-0.0429547629216778,-0.2412588696377166,0.0681457737302624,0.3177936116693706,-0.3435764345837534,54.01335738497927,-0.1245928886729934,-0.0527343027699866,momentum_v1,
2026-07-29 00:00:00,MCD,Consumer Discretionary,13.636363636363637,50.0,271.5199890136719,0.0162437175569396,-0.0650793243814371,-0.1249210948775453,-0.0705565639339467,-0.1940171047793426,0.0331811325180602,0.2521199033359758,-0.3604659163766895,44.143288176675576,-0.0926886876637276,-0.0208301017607208,momentum_v1,
2026-07-29 00:00:00,MDLZ,Consumer Staples,63.63636363636363,50.0,64.98999786376953,0.0895221492253255,0.1194867616042663,0.1199958189335257,-0.0335214431969971,-0.0353236536932491,0.283287828403618,0.3488690008431659,-0.0359910362262214,74.3982528624847,0.0918773983219758,0.060674110908552,momentum_v1,
2026-07-29 00:00:00,META,Communication Services,5.454545454545454,20.0,585.6099853515625,0.0408994147958512,-0.1268914055355103,-0.1282603692591892,-0.1812920617115155,-0.2562919558027563,0.1149524369525252,0.5358257152991691,0.0004424396208214,36.547608392910206,-0.1545007688178008,-0.0754434253750355,momentum_v1,
2026-07-29 00:00:00,MO,Consumer Staples,80.9090909090909,80.0,74.91999816894531,0.0117487519423788,0.1215400272803866,0.2152557263239938,0.3624293632459956,0.0,0.4129123623360595,0.2606953403820621,0.2553639064969187,63.74897466234734,0.0939306639980961,0.0627273765846723,momentum_v1,
2026-07-29 00:00:00,MPC,Energy,100.0,100.0,308.7200012207031,0.1909574869489143,0.3323798964561493,0.8129770010780759,0.8006975561504399,-0.0345259200893003,0.9847529637967992,0.3214903441580244,0.6501598029549168,68.82961403680099,0.3047705331738588,0.3087622674653809,momentum_v1,
2026-07-29 00:00:00,MRK,Health Care,90.0,70.0,130.36000061035156,0.0075745531809703,0.1932877161778412,0.2256294850949753,0.6026432732872498,-0.01107575961725,0.7245029546030979,0.3005250683121957,0.8054631536607905,60.6438526033398,0.1656783528955507,0.0324619530114618,momentum_v1,
2026-07-29 00:00:00,MS,Financials,70.9090909090909,70.0,203.1300048828125,-0.0405724366539,0.0728179829262387,0.1242058043126148,0.459265388912816,-0.1112229176526795,0.4853517045865352,0.3334679550391448,0.6319786168094577,30.808080808080803,0.0452086196439482,-0.0241646861125208,momentum_v1,
2026-07-29 00:00:00,MSFT,Technology,6.363636363636363,20.0,390.5400085449219,0.0596087603009347,-0.0882099482980905,-0.1837379631756365,-0.2318840031682076,-0.2749767092234647,0.1068787331230209,0.2567118649489495,-0.3758243235546532,53.86734602288244,-0.115819311580381,-0.1447104905656341,momentum_v1,
2026-07-29 00:00:00,NEE,Utilities,30.909090909090907,20.0,88.45999908447266,-0.0022558602456069,-0.0766975532299498,0.0294379852308435,0.2758828742759036,-0.0896207000573647,0.2945826319623308,0.1678580229885945,-0.1901476708635632,57.870374458480725,-0.1043069165122403,-0.0539250211472716,momentum_v1,
2026-07-29 00:00:00,NEM,Materials,4.545454545454546,10.0,91.33999633789062,-0.0335414847813723,-0.1669402335508996,-0.2776491847838384,0.4500654594290223,-0.3047475779642657,0.4864921979781815,0.358033616022419,-0.7830021459899934,42.22322001984804,-0.19454959683319,-0.1773188775445564,momentum_v1,
2026-07-29 00:00:00,NFLX,Communication Services,2.727272727272727,10.0,73.62999725341797,-0.0020330920081418,-0.2020158238626004,-0.1396354793404595,-0.373148324303441,-0.4171383413245946,0.0892011673876782,0.4127679851801882,-0.8869064026709418,44.50416904990326,-0.2296251871448908,-0.1505678437021256,momentum_v1,
2026-07-29 00:00:00,NKE,Consumer Discretionary,3.636363636363636,20.0,43.220001220703125,0.0419479676390803,-0.0316070003773615,-0.3042292560801144,-0.4396011930652956,-0.439105758497526,0.0606135268884202,0.3487143297320616,-0.0324771973671951,52.03704920325775,-0.0592163636596519,0.0126422222433547,momentum_v1,
2026-07-29 00:00:00,NUE,Materials,92.72727272727272,100.0,256.0199890136719,0.1227961767238359,0.1401037436060586,0.4836046838278276,0.795258944449081,-0.0364229659301373,0.9608602224427898,0.3698572081729939,0.0444751480434836,75.14907348559673,0.1124943803237681,0.1297250996124017,momentum_v1,
2026-07-29 00:00:00,NVDA,Technology,12.727272727272728,30.0,190.009994506836,-0.0254398455291208,-0.1076068546713978,0.0091329710799108,0.0764529570634922,-0.1930455500291871,0.1517312277677169,0.4058421289781426,-0.209965029815216,40.4085925038273,-0.1352162179536883,-0.1641073969389413,momentum_v1,
2026-07-29 00:00:00,O,Real Estate,60.909090909090914,50.0,65.54000091552734,0.0441459934679333,0.0448104247778817,0.1041293194100512,0.2165578986536793,-0.0128290887060696,0.2323796697198115,0.216211556985558,0.3455189268219698,67.14907011972954,0.0172010614955913,-0.0110479445916391,momentum_v1,
2026-07-29 00:00:00,ORCL,Technology,0.9090909090909092,10.0,117.73999786376952,-0.2003951387908034,-0.2880838551081278,-0.3221139756009794,-0.5192686689079837,-0.6373101123443403,0.0239151234984626,0.5186377499825242,-0.5982123108769848,28.620811887182967,-0.3156932183904183,-0.3445843973756713,momentum_v1,
2026-07-29 00:00:00,OXY,Energy,50.0,40.0,56.02999877929688,0.1413729599742754,-0.0396041643250038,0.2694963459449817,0.2555147439080993,-0.1502294935451722,0.4531362738447149,0.386849177739081,-0.2365397758191368,63.92830759860027,-0.0672135276072942,-0.0632217933157721,momentum_v1,
2026-07-29 00:00:00,PEP,Consumer Staples,15.454545454545451,20.0,143.5,0.0347563280846676,-0.0721748732904833,-0.0166332618391951,0.0537650770315931,-0.1418540006367373,0.08165240284364,0.3058588760453872,-0.7163492461674528,62.239585575406856,-0.0997842365727738,-0.1309875239861976,momentum_v1,
2026-07-29 00:00:00,PFE,Health Care,22.727272727272727,10.0,25.14999961853028,0.0500603477329064,-0.0176593955262814,-0.0184008482975759,0.1071092693587951,-0.0888834301397577,0.1555957273823798,0.2009018344243232,-0.4155302021935581,70.52109673791445,-0.0452687588085719,-0.1784851586926609,momentum_v1,
2026-07-29 00:00:00,PG,Consumer Staples,29.09090909090909,40.0,146.10000610351562,-0.0084833055823964,-0.0132691397638476,-0.0002763781659369,-0.0427322792481834,-0.1130442241683247,0.0819466250166391,0.2397775147689641,0.3321175359637788,50.78699188608844,-0.0408785030461381,-0.0720817904595619,momentum_v1,
2026-07-29 00:00:00,PLD,Real Estate,68.18181818181817,70.0,145.47000122070312,0.0473756343867124,0.0352983413762839,0.1476657902846796,0.4020038896014375,-0.0305877409873899,0.4429541024807597,0.2835931959305283,0.1545999678936707,58.20358303907159,0.0076889780939934,-0.0205600279932369,momentum_v1,
2026-07-29 00:00:00,PM,Consumer Staples,85.45454545454545,100.0,198.44000244140625,0.0851424932463147,0.2061316732167077,0.1285292996694844,0.3033324514142774,-0.0086426324792135,0.4114359732124881,0.3404683629846878,0.3723527441642413,67.87414581915291,0.1785223099344173,0.1473190225209935,momentum_v1,
2026-07-29 00:00:00,PPG,Materials,41.81818181818181,50.0,111.83000183105467,-0.0750971925898648,0.045311184026141,0.0265324558350918,0.0073656720987653,-0.1395104541230966,0.2015095407407796,0.383921935948576,0.534682236988066,42.95463259584306,0.0177018207438506,0.0349325400324842,momentum_v1,
2026-07-29 00:00:00,PSA,Real Estate,79.0909090909091,80.0,329.44000244140625,0.0153798429546394,0.119002399278703,0.2095245426113792,0.1997317157743123,-0.0031167693754114,0.2996631679191146,0.2580846010179354,0.6216533551761847,59.00732018950219,0.0913930359964125,0.0631440299091821,momentum_v1,
2026-07-29 00:00:00,PSX,Energy,97.27272727272728,80.0,206.8099975585937,0.1882217404908288,0.2614996017762168,0.500064358831642,0.67514642468061,-0.0257219889950109,0.8070409333069435,0.3441257127659483,0.4738526442478474,68.69908977933027,0.2338902384939263,0.2378819727854484,momentum_v1,
2026-07-29 00:00:00,QCOM,Technology,21.818181818181817,50.0,155.67999267578125,-0.1750742281221291,0.0416999813665706,0.0275628708024484,-0.012969508855142,-0.3775197662521331,0.259409905814997,0.4237461751413647,-0.2093752563302308,17.513278340487958,0.0140906180842801,-0.0148005609009729,momentum_v1,
2026-07-29 00:00:00,RTX,Industrials,89.0909090909091,100.0,215.25,0.1490417866654654,0.2303428585183999,0.0774271206946064,0.4011694767947158,-0.0152347049279857,0.4347390428254627,0.3365912901355959,0.818499305630026,75.69852626242832,0.2027334952361095,0.1945805057784619,momentum_v1,
2026-07-29 00:00:00,SBUX,Consumer Discretionary,66.36363636363637,90.0,104.13999938964844,0.0007688048523126,0.0767926344931935,0.1013989788901672,0.1411144833139495,-0.0390329726836424,0.3533973651568918,0.2276712952080074,0.0034624065502538,42.12351250669756,0.049183271210903,0.1210418571139098,momentum_v1,
2026-07-29 00:00:00,SCHW,Financials,75.45454545454545,80.0,104.47000122070312,0.1537271971265283,0.1542978021113736,0.0142587842457255,0.0805351963056408,-0.0187582663847386,0.2240187825238144,0.2544662917113154,0.628049630208155,57.42457794983724,0.1266884388290832,0.057315133072614,momentum_v1,
2026-07-29 00:00:00,SHW,Materials,47.27272727272727,70.0,343.8800048828125,-0.0012198168023427,0.0632239436885508,-0.0015776092021444,0.0325189224335766,-0.0769888085427514,0.1736518937979949,0.4190127478341415,0.3735873521821673,55.82538939094759,0.0356145804062604,0.052845299694894,momentum_v1,
2026-07-29 00:00:00,SLB,Energy,19.090909090909093,10.0,48.959999084472656,0.0556273815640571,-0.1156029405826507,-0.0227608786690524,0.3971485675345569,-0.1560075762612323,0.5730784374707949,0.455634226491605,-0.605026117610389,56.7930469976699,-0.1432123038649412,-0.1392205695734191,momentum_v1,
2026-07-29 00:00:00,SO,Utilities,55.45454545454545,80.0,96.0500030517578,-0.0072351105761466,0.0257946558801833,0.0986716156402669,0.0518475914300278,-0.0228505875951868,0.1608702451633272,0.2048149649211013,0.3352741597934187,53.64844552636507,-0.001814707402107,0.0485671879628616,momentum_v1,
2026-07-29 00:00:00,SPG,Real Estate,90.9090909090909,100.0,235.6100006103516,0.0353752994292639,0.174820394253103,0.3055036406038061,0.4933109724230053,-0.0046049698011992,0.5360620921388337,0.21956556490386,0.8810136599191419,79.4881285904293,0.1472110309708125,0.1189620248835821,momentum_v1,
2026-07-29 00:00:00,SPGI,Financials,20.0,10.0,419.6400146484375,0.0856654566051255,0.0256580778728838,-0.1538810427765976,-0.1567279649468531,-0.2071615110811905,0.1404069857367478,0.4549493929912402,0.3923056012288916,43.760548138681486,-0.0019512854094065,-0.0713245911658757,momentum_v1,
2026-07-29 00:00:00,SRE,Utilities,30.0,10.0,88.81999969482422,-0.0542008707144674,-0.0370854540273783,0.034076479173891,0.1379726248818218,-0.1032103991039048,0.1508697350357619,0.198891996631283,0.0339550671263553,27.09325674229349,-0.0646948173096688,-0.0143129219447001,momentum_v1,
2026-07-29 00:00:00,T,Communication Services,20.909090909090907,60.0,23.940000534057617,0.1118493545244676,-0.0690501510930754,0.0658463856073918,-0.0917067897576086,-0.1575784617984641,0.1845973944709782,0.3481420481123307,-0.467882110470791,78.08412898910842,-0.0966595143753659,-0.0176021709326006,momentum_v1,
2026-07-29 00:00:00,TJX,Consumer Discretionary,64.54545454545455,80.0,161.6300048828125,0.0687694865376471,0.031548329834975,0.0986951846986088,0.3047761758443716,-0.0402588838659487,0.3137868699252788,0.1968304219038789,0.0091533080906948,78.92188152920312,0.0039389665526845,0.0757975524556913,momentum_v1,
2026-07-29 00:00:00,TMO,Health Care,78.18181818181819,50.0,576.4600219726562,0.1383041876067492,0.2271657435366116,-0.0742119688863298,0.1930089002735096,-0.0967107536485786,0.3164162231035292,0.3726666186390076,0.7474809165952253,72.15516601637012,0.1995563802543212,0.0663399803702322,momentum_v1,
2026-07-29 00:00:00,TMUS,Communication Services,18.181818181818183,50.0,181.5200042724609,0.0433983042983352,-0.0225744391617837,-0.0060032877833131,-0.2235587849288063,-0.2859715660974612,0.0822155183699067,0.5398109086257612,-0.2341301222512908,50.03241132868647,-0.0501838024440741,0.0288735409986911,momentum_v1,
2026-07-29 00:00:00,TSLA,Consumer Discretionary,1.818181818181818,10.0,298.32000732421875,-0.2756410014158396,-0.206637902131921,-0.3076815698542698,-0.0837556108000677,-0.3910345301895269,0.0,0.6690679066108299,-0.3403732110848039,9.068900822112084,-0.2342472654142114,-0.1623886795112047,momentum_v1,
2026-07-29 00:00:00,UNH,Health Care,91.81818181818184,80.0,420.5700073242188,0.0017864798887985,0.1532352078026007,0.5078188372894523,0.5306736436012205,-0.0361636268100644,0.8161822323750605,0.2702333124701255,0.8247733528615571,43.621551311495054,0.1256258445203102,-0.0075905553637787,momentum_v1,
2026-07-29 00:00:00,UNP,Industrials,81.81818181818183,80.0,292.19000244140625,0.071470441371225,0.0969898002499782,0.2695890452737406,0.3035450037352158,-0.0492320855207143,0.3818343251928664,0.2645224543015681,0.6097131955006847,56.22279249709033,0.0693804369676878,0.0612274475100402,momentum_v1,
2026-07-29 00:00:00,UPS,Industrials,40.0,30.0,104.55999755859376,-0.0319415286492199,0.022922305038596,0.0056461936806011,0.1001247754779903,-0.1117907197217643,0.3281586569953054,0.3583486238584396,0.6345887406083655,39.475473803443776,-0.0046870582436944,-0.0128400477013419,momentum_v1,
2026-07-29 00:00:00,VLO,Energy,98.1818181818182,90.0,301.32000732421875,0.1314208434869517,0.2600474888902899,0.6653174772372774,1.134919118779849,-0.0428207782448049,1.3262047525364091,0.3920924481607923,0.6636114165538244,63.30374221989183,0.2324381256079994,0.2364298598995216,momentum_v1,
2026-07-29 00:00:00,VMC,Materials,26.36363636363636,30.0,283.9200134277344,-0.0654992871330171,-0.0239330975704844,-0.0456912613607316,0.0587700752264064,-0.1372598749922799,0.1068573109819364,0.296981469124697,0.0743378468708083,45.683005150352834,-0.0515424608527749,-0.0343117415641412,momentum_v1,
2026-07-29 00:00:00,VZ,Communication Services,61.81818181818181,90.0,47.220001220703125,0.0890015544421158,0.0166164645606201,0.2397583108077181,0.1908770019212287,-0.0512398860577919,0.2914857306750136,0.3127979502930191,-0.3133381566517316,79.17522214904325,-0.0109928987216703,0.0680644447210949,momentum_v1,
2026-07-29 00:00:00,WBD,Communication Services,49.09090909090909,80.0,25.63999938964844,-0.0549207451975484,-0.0486085839037331,-0.0865693028712019,0.8715328282200727,-0.1447631827503408,1.3784786664907944,0.216932616404726,-0.4159784661726134,36.87002451222197,-0.0762179471860236,0.0028393962567416,momentum_v1,
2026-07-29 00:00:00,WEC,Utilities,32.72727272727273,30.0,111.29000091552734,-0.0603681305175259,-0.0305460668968933,0.0257304504409225,0.070098753214532,-0.0636095721973433,0.0938281991956198,0.2007160744608867,0.1341149102265164,39.09090867055658,-0.0581554301791837,-0.007773534814215,momentum_v1,
2026-07-29 00:00:00,WELL,Real Estate,87.27272727272727,90.0,241.0800018310547,0.0586220803318675,0.129174364512318,0.3230220072706919,0.5464483040515304,-0.0435990208030916,0.5054932992126457,0.2394977878951675,0.5480072594564962,61.17764406466706,0.1015650012300275,0.073315995142797,momentum_v1,
2026-07-29 00:00:00,WFC,Financials,37.27272727272727,30.0,83.87000274658203,0.0043108681731836,0.0349632382639144,-0.0444812601398291,0.0317841441384281,-0.1206135205580519,0.142331855601391,0.2840523998029297,0.7028819253323697,39.93375044147004,0.0073538749816239,-0.0620194307748451,momentum_v1,
2026-07-29 00:00:00,WMB,Energy,36.36363636363637,20.0,70.12999725341797,-0.0656807949044668,-0.032750968556048,0.0866827768289351,0.2581221716190087,-0.1102283272717029,0.2801593166303131,0.2623198098546272,-0.0195702957767874,31.52781994245119,-0.0603603318383385,-0.0563685975468164,momentum_v1,
2026-07-29 00:00:00,WMT,Consumer Staples,14.545454545454543,10.0,114.22000122070312,-0.0033158574038182,-0.1030802820169473,-0.0193873963190749,0.1799505621792554,-0.1488822368248256,0.1963205758942952,0.2603129213101575,-0.7681650425677314,55.12494353818063,-0.1306896452992377,-0.1618929327126615,momentum_v1,
2026-07-29 00:00:00,XEL,Utilities,44.54545454545455,50.0,78.75,-0.0393998929576819,-0.0017120548507478,0.0471688178668958,0.1411043636580318,-0.0474270918928975,0.1314030350379229,0.2118401798359958,0.0249104948284277,48.73241212419919,-0.0293214181330383,0.0210604772319303,momentum_v1,
2026-07-29 00:00:00,XOM,Energy,73.63636363636363,60.0,156.75,0.1520652859963207,0.0481797044848064,0.1610452333004288,0.451423032115632,-0.0796411083689955,0.5283624155991407,0.2578861858871899,-0.0936642558098518,84.14156259638013,0.0205703412025159,0.0245620754940381,momentum_v1,
2026-07-31 00:00:00,AAPL,Technology,87.27272727272727,80.0,308.9100036621094,0.0493579677229811,0.1394677923901546,0.1982497090306103,0.4835470246437021,-0.0916548580947816,0.5324413790660301,0.3950068540001957,0.4534375453481477,45.07620275273701,0.0973135297451146,0.0387838528670856,momentum_v1,
2026-07-31 00:00:00,ABBV,Health Care,89.0909090909091,70.0,250.94000244140625,0.0066365178523444,0.195940511035082,0.1560260874821981,0.3666731154315619,-0.0469425975107947,0.3687698394632188,0.2913117940951817,0.910843569605388,54.83519202887044,0.153786248390042,0.0775976176650012,momentum_v1,
2026-07-31 00:00:00,ABT,Health Care,66.36363636363637,30.0,105.6999969482422,0.1548479396711732,0.1725287419261387,0.00972518364722,-0.1587466711001397,-0.2084384944647355,0.2894123318817609,0.4527531368066609,0.7538429968007794,74.33940960112025,0.1303744792810988,0.054185848556058,momentum_v1,
2026-07-31 00:00:00,ADBE,Technology,15.454545454545451,30.0,250.4100036621093,0.1868897939759677,0.0175131956590886,-0.1414023353246232,-0.3120604294996995,-0.3185380463583831,0.2947107125833055,0.5659481218728671,-0.1549875326904521,58.20351414896032,-0.0246410669859513,-0.0831707438639803,momentum_v1,
2026-07-31 00:00:00,AEP,Utilities,31.818181818181817,40.0,127.8499984741211,-0.0533136202512881,-0.0607650904274411,0.0888073377089502,0.1646690304001423,-0.0781599522421584,0.2290509205695032,0.2172392118230063,0.1218816411391668,29.84455413724443,-0.1029193530724811,-0.0134480087425733,momentum_v1,
2026-07-31 00:00:00,AMD,Technology,100.0,100.0,476.1499938964844,-0.1196753631156185,0.3431972891016541,0.8881354894345377,1.652498515219731,-0.1803377185641508,2.1503903388866616,0.8580673528965607,0.3802262394992658,40.62218031608666,0.3010430264566142,0.2425133495785851,momentum_v1,
2026-07-31 00:00:00,AMT,Real Estate,20.0,10.0,173.36000061035156,0.0438342888911,-0.0421168341629104,-0.0252369917300632,-0.1374109362664834,-0.1545832889032685,0.0693973225442183,0.2818348533463178,-0.2897105843714607,55.75089786381387,-0.0842710968079504,-0.0661019173066687,momentum_v1,
2026-07-31 00:00:00,AMZN,Consumer Discretionary,56.36363636363636,70.0,271.5799865722656,0.1236242863106942,0.024598162958296,0.1234848441331681,0.1798079138619193,-0.0124004646831072,0.366165278658473,0.603825625242933,-0.5342951544173323,64.04350157020136,-0.0175560996867438,0.0417394373847558,momentum_v1,
2026-07-31 00:00:00,APD,Materials,43.63636363636363,60.0,294.8900146484375,-0.0375652071714317,-0.011091827956417,0.1662460332910869,0.0434936798313987,-0.0614277591361871,0.3033529761107516,0.2221752017014214,0.0215406802902767,41.142600654090046,-0.053246090601457,0.0054505915271679,momentum_v1,
2026-07-31 00:00:00,AVB,Real Estate,44.54545454545455,30.0,185.6100006103516,-0.0253110972578569,0.0237215596244186,0.0836846538119095,-0.0169536412066669,-0.0505882321721147,0.1779619589585013,0.2318446245221046,0.4201840318199314,35.22200824419315,-0.0184327030206212,-0.0002635235193395,momentum_v1,
2026-07-31 00:00:00,AVGO,Technology,29.09090909090909,50.0,389.2799987792969,0.0539882023044266,-0.0659605094395936,0.1813684095685832,0.2957911029758568,-0.1903646623253563,0.358551419750805,0.4389494842094927,-0.4465596930216255,52.42782072288501,-0.1081147720846336,-0.1666444489626626,momentum_v1,
2026-07-31 00:00:00,AXP,Financials,40.0,30.0,336.25,-0.0311194011607671,0.0437098197522658,-0.0565233634680411,0.1200904348108959,-0.119260751491301,0.157273607636285,0.3093358576259244,0.6241458759109806,36.10516858377316,0.0015555571072258,-0.0523856472020229,momentum_v1,
2026-07-31 00:00:00,BA,Industrials,17.272727272727273,10.0,216.13999938964844,-0.0111629720055185,-0.0562808342066568,-0.0764826286531301,-0.0429507487846817,-0.1428118000336704,0.2066771174722339,0.3769867331446068,-0.2923435305336399,50.6070582727716,-0.0984350968516968,-0.0889446938883674,momentum_v1,
2026-07-31 00:00:00,BAC,Financials,88.18181818181819,100.0,61.95000076293945,0.0615147380918827,0.1648312482337262,0.1798023315301435,0.3198392639116778,-0.0106994279842468,0.4091606342819935,0.2036489113903948,0.8943188138784661,64.29404760579993,0.1226769855886862,0.0687357812794373,momentum_v1,
2026-07-31 00:00:00,BKNG,Consumer Discretionary,65.45454545454545,100.0,192.8999938964844,0.0561760542111424,0.1486393797258998,-0.0523471994496042,-0.1335543124196867,-0.1499052057681049,0.2546871523206151,0.4457246697065327,0.6795775550824202,64.40363095426295,0.1064851170808598,0.1657806541523595,momentum_v1,
2026-07-31 00:00:00,BLK,Financials,35.45454545454545,20.0,1090.3900146484375,0.1122116008259213,0.0290301952230978,-0.022292451233792,-0.0012675803113929,-0.078650131248242,0.1881401401417379,0.3431195343976851,-0.0097413421939953,60.77430772443205,-0.0131240674219421,-0.067065271731191,momentum_v1,
2026-07-31 00:00:00,BMY,Health Care,81.81818181818183,50.0,65.30999755859375,0.1702203180709676,0.0900682547592766,0.2293339407017345,0.4885772380838604,0.0,0.5849020622693841,0.3159571608539711,0.4170893364747986,72.52828561220403,0.0479139921142366,-0.0282746386108041,momentum_v1,
2026-07-31 00:00:00,C,Financials,63.63636363636363,50.0,132.4499969482422,-0.0548063060512481,0.0398229044291742,0.1611995497668434,0.4137647974928202,-0.0907530815327588,0.4750386018520902,0.359858699045372,0.2625744124540771,37.41619170845943,-0.0023313582158657,-0.0562725625251145,momentum_v1,
2026-07-31 00:00:00,CAT,Industrials,48.18181818181818,40.0,814.8099975585938,-0.1766054712017084,-0.0828980999491775,0.2294445112639589,0.8938188166319769,-0.2334289557930925,1.016097857527905,0.3880306331411894,-4.672022467833159e-05,27.09329392725316,-0.1250523625942174,-0.1155619596308881,momentum_v1,
2026-07-31 00:00:00,CL,Consumer Staples,68.18181818181817,70.0,91.3000030517578,-0.0100969192075232,0.0757194168455281,0.0839285855004208,0.0907120701271353,-0.0680444521076342,0.2397950747490236,0.2637572896814492,0.5487896906120457,45.82318061143309,0.0335651542004882,0.0599427076428031,momentum_v1,
2026-07-31 00:00:00,CMCSA,Communication Services,8.181818181818182,40.0,23.959999084472656,0.0096923534206967,-0.101832208127678,-0.1597517985123081,-0.1752675190343611,-0.2435696337461323,0.0930656478594145,0.4211796029058144,-0.4028696674922823,49.93630424678041,-0.1439864707727179,-0.0332679875159408,momentum_v1,
2026-07-31 00:00:00,CMG,Consumer Discretionary,45.45454545454545,60.0,37.220001220703125,0.0634286063058036,0.0950279312366901,-0.0480817730635532,-0.1494514934113219,-0.1548592087431057,0.3207949190073991,0.6152390072992503,0.2020378700616415,52.14858157358438,0.0528736685916502,0.1121692056631499,momentum_v1,
2026-07-31 00:00:00,COP,Energy,54.54545454545454,30.0,120.4800033569336,0.1672156745990096,-0.0350185338859074,0.1898825636000809,0.2876110098409781,-0.092859676166135,0.4412198108327441,0.3149715367797037,-0.1477953511172969,66.78398855020762,-0.0771727965309474,-0.0405417157003415,momentum_v1,
2026-07-31 00:00:00,COST,Consumer Staples,20.909090909090907,30.0,951.8900146484376,0.0310743061630556,-0.0588875154571415,0.0033595291988373,0.033703508493782,-0.1287708904557643,0.124813228509784,0.2534412688907429,-0.5962291946005854,60.36450814092297,-0.1010417781021815,-0.0746642246598665,momentum_v1,
2026-07-31 00:00:00,CRM,Technology,19.090909090909093,40.0,184.0200042724609,0.1273663486435681,0.0451195988105677,-0.1360408449995909,-0.2992050757815591,-0.3052759906812007,0.225819412855764,0.5017941477601601,-0.1306155362073019,58.63465092422544,0.0029653361655277,-0.0555643407125012,momentum_v1,
2026-07-31 00:00:00,CSCO,Technology,96.36363636363636,90.0,115.98999786376952,-0.0050089089519832,0.2723924311141501,0.4924745245308823,0.7339153637625555,-0.1044314471601841,0.7883950729689808,0.3514683958672721,0.1449972433259635,43.37397898690939,0.2302381684691101,0.1717084915910811,momentum_v1,
2026-07-31 00:00:00,CVX,Energy,70.0,60.0,196.8300018310547,0.1879413297773389,0.0275350488004331,0.1716566376764678,0.3354635746642873,-0.059281017991688,0.3667865216398533,0.2384846299016383,-0.0137172089235829,74.18185064833526,-0.0146192138446068,0.0220118669859989,momentum_v1,
2026-07-31 00:00:00,D,Utilities,78.18181818181819,100.0,69.16999816894531,0.0203569440150557,0.0831412212456843,0.1607287859650685,0.2399121445402836,-0.0351514044726193,0.2369855577800337,0.1696334867621557,0.7952912404193959,39.79974562385178,0.0409869586006443,0.1304583029305521,momentum_v1,
2026-07-31 00:00:00,DE,Industrials,51.81818181818182,50.0,592.6699829101562,-0.0557016422106584,0.0073510456255521,0.1242742522421678,0.1815897309813987,-0.1004481591402666,0.3618582961528009,0.3398134993116586,0.3822292520160106,52.5832197361675,-0.0348032170194878,-0.0253128140561584,momentum_v1,
2026-07-31 00:00:00,DHR,Health Care,38.18181818181819,20.0,194.97999572753903,0.0065042045162928,0.0918385421246004,-0.108455537860158,-0.0371173219971538,-0.1910721733125793,0.206747571009294,0.5235350307560491,0.7110995112940488,45.62351534297076,0.0496842794795604,-0.0265043512454803,momentum_v1,
2026-07-31 00:00:00,DIS,Communication Services,13.636363636363637,50.0,96.19000244140624,0.0050151850540709,-0.0657633505795678,-0.1313223694713232,-0.1836803616514527,-0.1823807748767263,0.0487671357766492,0.2877812598189911,-0.6630916096440278,50.482975613842925,-0.1079176132246078,0.0028008700321693,momentum_v1,
2026-07-31 00:00:00,DLR,Real Estate,30.0,20.0,188.5200042724609,0.0691923573131931,-0.0555542050565129,0.1411196928849127,0.0939787654808101,-0.0693103100978934,0.2916183022541345,0.4622250065511625,-0.2380103819795395,59.12220739239666,-0.0977084677015529,-0.0795392882002712,momentum_v1,
2026-07-31 00:00:00,DOW,Materials,10.909090909090908,20.0,30.290000915527344,0.1210214804724068,-0.2443071608710345,0.1399270535533039,0.3325422333922714,-0.2692140791164092,0.5272835825144333,0.4089510051895419,-0.7771758020435333,49.48586197030961,-0.2864614235160745,-0.2277647413874495,momentum_v1,
2026-07-31 00:00:00,DUK,Utilities,40.909090909090914,60.0,125.43000030517578,-0.0027033183347816,-0.0234358952609287,0.0554337724714506,0.0774653721112732,-0.0520465197378724,0.119222718251807,0.22954520300668,0.3344953422488341,45.74658368291894,-0.0655901579059686,0.0238811864239391,momentum_v1,
2026-07-31 00:00:00,EA,Communication Services,71.81818181818181,100.0,209.8600006103516,0.0214650948046515,0.0379920258059043,0.0309252424345525,0.3483064390344423,0.0,0.3816404383674818,0.0386158811083174,0.9095685806764356,88.23513767781098,-0.0041622368391356,0.1065562464176415,momentum_v1,
2026-07-31 00:00:00,ECL,Materials,60.0,80.0,277.6300048828125,-0.0026582974004202,0.0682527077143364,-0.0130723130559643,0.0663524357991103,-0.0947535612551204,0.1328965236834223,0.2625489513108461,0.6224329054136406,55.49221082081437,0.0260984450692964,0.0847951271979214,momentum_v1,
2026-07-31 00:00:00,ED,Utilities,42.72727272727273,80.0,108.8499984741211,-0.0189274315627132,-0.015501219031857,0.0440173365927927,0.0962797974886477,-0.0493524027174825,0.1671592826355283,0.2151829043041973,0.5305088112982175,40.30046135124388,-0.057655481676897,0.0318158626530107,momentum_v1,
2026-07-31 00:00:00,EOG,Energy,80.9090909090909,70.0,148.69000244140625,0.1648923300266149,0.0656149632621905,0.3468641523253075,0.2690435194025828,0.0,0.4973037678565981,0.3402047141373064,0.0741804261593095,67.60017959665143,0.0234607006171505,0.0600917814477564,momentum_v1,
2026-07-31 00:00:00,EQIX,Real Estate,46.36363636363636,40.0,1019.280029296875,0.0055839803939869,-0.0540330984222522,0.2467818805647827,0.3079169625164057,-0.0866174858725543,0.4184249241583309,0.3332067847681725,-0.3038043363433554,46.02707436925542,-0.0961873610672922,-0.0780181815660104,momentum_v1,
2026-07-31 00:00:00,EQR,Real Estate,53.63636363636364,50.0,66.44999694824219,-0.0317645401780518,0.0269234297318858,0.0985026925804344,0.0635112670921005,-0.0527441838511116,0.1720141388783629,0.2123513855452732,0.5414795188374761,33.60078298851842,-0.015230832913154,0.0029383465881276,momentum_v1,
2026-07-31 00:00:00,ETN,Industrials,34.54545454545455,20.0,415.2000122070313,0.0070093246963451,-0.0384808402172501,0.1785581409007399,0.0767218299074932,-0.0472256336452202,0.3224168024129417,0.5504656597856841,-0.0045925929246036,53.92437420542295,-0.0806351028622901,-0.0711446998989607,momentum_v1,
2026-07-31 00:00:00,EXC,Utilities,50.90909090909091,90.0,45.81999969482422,-0.0095114276410203,0.0056731258707534,0.0503701958640305,0.0725995065204188,-0.0803160118333309,0.101199283398534,0.2533533188429802,0.531300907057308,41.47649913900411,-0.0364811367742865,0.0529902075556212,momentum_v1,
2026-07-31 00:00:00,FCX,Materials,72.72727272727273,90.0,62.630001068115234,0.0372049526835163,0.0865700573891272,-0.0339280960696161,0.6173552674469955,-0.1246232827119422,0.7912645669105778,0.4902901095398523,-0.00764491671763,56.51609813879946,0.0444157947440873,0.1031124768727123,momentum_v1,
2026-07-31 00:00:00,GE,Industrials,93.63636363636364,100.0,360.07000732421875,-0.0384625602795855,0.2434686346707912,0.2080707511550816,0.3229705569219574,-0.0491443585917041,0.3608790808267392,0.309460145001645,0.7223682924593072,54.25899902079395,0.2013143720257513,0.2108047749890806,momentum_v1,
2026-07-31 00:00:00,GOOGL,Communication Services,49.09090909090909,70.0,356.1300048828125,-0.0140638041373154,-0.07395339274008,0.0542307383763915,0.8172591899558612,-0.1149403606792688,0.888362252231369,0.4494691012095551,-0.7427273664564613,51.429472143731005,-0.11610765538512,-0.0053891721283428,momentum_v1,
2026-07-31 00:00:00,GS,Financials,74.54545454545455,60.0,1018.3800048828124,-0.0012063244636878,0.1072757869689351,0.0937447169158398,0.4216634150876051,-0.1160432505308199,0.4640986842613281,0.5047846334534788,0.4945821722994354,46.67840407394272,0.0651215243238951,0.0111803200146463,momentum_v1,
2026-07-31 00:00:00,HD,Consumer Discretionary,27.27272727272727,50.0,331.9599914550781,-0.0538137187318555,0.017183429779219,-0.0944678590289945,-0.0841055764599632,-0.1996989250855984,0.1241635430327721,0.2748175803553878,0.5733288350761796,46.12724297703495,-0.0249708328658209,0.0343247042056787,momentum_v1,
2026-07-31 00:00:00,HON,Industrials,62.727272727272734,60.0,243.0500030517578,0.0960541287565177,0.0872104769562387,0.0305347314276789,0.1309550688803344,-0.0605474548858827,0.2447045342463365,0.3115696052355297,0.0605488364012808,75.04815224377879,0.0450562143111987,0.0545466172745281,momentum_v1,
2026-07-31 00:00:00,JNJ,Health Care,85.45454545454545,60.0,256.3500061035156,0.0093314844312346,0.12170666104038,0.1403709823588261,0.5709386861705643,-0.040749829848851,0.5949687930127336,0.2936532047735281,0.8162131836413038,48.58960679947137,0.0795523983953401,0.0033637676702993,momentum_v1,
2026-07-31 00:00:00,JPM,Financials,80.0,90.0,351.7900085449219,0.0577866199999945,0.128163935998528,0.1591386131067289,0.1965424226417123,-0.0154487393338795,0.2557745155049948,0.2275586248079727,0.8480585934632883,64.74205521728251,0.086009673353488,0.0320684690442392,momentum_v1,
2026-07-31 00:00:00,KMB,Consumer Staples,70.9090909090909,80.0,109.30999755859376,-0.0191134676610621,0.1257890159612,0.1370373356680161,-0.0848280470781334,-0.1616444255639854,0.1908802260826199,0.2950541020595982,0.7927399059993245,47.77036737231715,0.0836347533161601,0.110012306758475,momentum_v1,
2026-07-31 00:00:00,KO,Consumer Staples,86.36363636363636,100.0,87.58999633789062,0.0775002503556363,0.1192927684864075,0.2087928587214562,0.3101179101965361,-0.0167265992651183,0.3611254073234942,0.3167410653893409,0.6023888482183622,58.789456988319,0.0771385058413676,0.1035160592836825,momentum_v1,
2026-07-31 00:00:00,LIN,Materials,25.454545454545453,40.0,478.3800048828125,-0.1034017133771608,-0.0423978801670805,0.0582520240925903,0.0398718153852848,-0.1248719594915226,0.2365931823730782,0.2649956220791464,0.1570910647646124,23.55869987634693,-0.0845521428121205,-0.0258554606834955,momentum_v1,
2026-07-31 00:00:00,LLY,Health Care,90.9090909090909,80.0,1148.8399658203125,-0.0359978055327534,0.2313477828196621,0.1255671610267297,0.5221647018864721,-0.0701868696469014,0.8492235755891722,0.3060342258172639,0.7714574544833537,43.610965502585536,0.1891935201746222,0.1130048894495814,momentum_v1,
2026-07-31 00:00:00,LMT,Industrials,73.63636363636363,70.0,582.739990234375,0.1167452034323883,0.1324110078903124,-0.0527924956846634,0.4293907588108236,-0.1332127637882465,0.4215813695590253,0.4386290785795461,0.220598873299283,75.81531729154099,0.0902567452452725,0.0997471482086018,momentum_v1,
2026-07-31 00:00:00,LOW,Consumer Discretionary,6.363636363636363,30.0,207.8099975585937,-0.0577942328774496,-0.1243590716263256,-0.2120537692762532,-0.0674969771959483,-0.2689447431259301,0.0291699655460591,0.3293301088313407,-0.302474469686009,51.32505137317086,-0.1665133342713656,-0.1072177971998659,momentum_v1,
2026-07-31 00:00:00,MCD,Consumer Discretionary,14.545454545454543,40.0,270.6400146484375,0.0044910440765677,-0.0719182046036073,-0.1315722575729978,-0.0869644134331457,-0.1966292302776825,0.0298326758738096,0.2536684692439305,-0.3235035886664202,47.75271198005876,-0.1140724672486472,-0.0547769301771475,momentum_v1,
2026-07-31 00:00:00,MDLZ,Consumer Staples,47.27272727272727,60.0,62.310001373291016,0.0498736811334645,0.022661123884659,0.1058506009022588,-0.0096083348592647,-0.0412370607565838,0.2303688102555534,0.3427976773061385,-0.0091755557057744,58.26029113644355,-0.0194931387603809,0.006884414681934,momentum_v1,
2026-07-31 00:00:00,META,Communication Services,5.454545454545454,20.0,556.7100219726562,-0.0916936477367816,-0.0893660801198052,-0.2446220815156558,-0.1965958760910664,-0.2929940882450424,0.0599293236123279,0.5290134332110953,-0.0005235806364214,22.900192260434338,-0.1315203427648452,-0.0208018595080681,momentum_v1,
2026-07-31 00:00:00,MO,Consumer Staples,39.09090909090909,50.0,68.33000183105469,-0.0448699894239998,-0.0453975363440467,0.179952292835118,0.1864204819162993,-0.0879604444601042,0.2886319629618039,0.407937574854148,0.1264129456566204,40.78124248732705,-0.0875517989890867,-0.0611742455467717,momentum_v1,
2026-07-31 00:00:00,MPC,Energy,98.1818181818182,90.0,316.4700012207031,0.1948125761873709,0.2794628177662683,0.8167169106337118,0.8893524878386503,-0.0102889931337359,1.0345775148741645,0.2976968639078858,0.6743266472579497,65.88290310049709,0.2373085551212284,0.2739396359518342,momentum_v1,
2026-07-31 00:00:00,MRK,Health Care,94.54545454545456,100.0,130.1999969482422,0.0385259160552409,0.2011018093270495,0.2193796313788951,0.6459062485141289,-0.0122895636926498,0.7223866500297687,0.2858069140547284,0.8024641576697518,62.95671343841221,0.1589475466820096,0.0827589159569688,momentum_v1,
2026-07-31 00:00:00,MS,Financials,77.27272727272727,80.0,210.4199981689453,-0.0067969528804763,0.1040453445200699,0.1662116157851139,0.4868139606118562,-0.0793262071351045,0.5386583004636365,0.3498684486002061,0.5492892694643315,40.378720688745176,0.06189108187503,0.0079498775657811,momentum_v1,
2026-07-31 00:00:00,MSFT,Technology,61.81818181818181,70.0,464.7200012207031,0.2093265397546888,0.1421024135363175,0.0767924508289168,-0.0873042106726217,-0.1372642566633376,0.3171216135438095,0.5868399864930925,-0.1570693814550344,75.00169197103345,0.0999481508912776,0.0414184740132486,momentum_v1,
2026-07-31 00:00:00,NEE,Utilities,23.63636363636364,20.0,86.91999816894531,0.0063678986323181,-0.1054695014353752,-0.000298784250832,0.2598519288506515,-0.1054695014353752,0.2720452313396606,0.160573328046124,-0.137865304688207,41.797759358650914,-0.1476237640804152,-0.0581524197505074,momentum_v1,
2026-07-31 00:00:00,NEM,Materials,9.090909090909092,10.0,93.70999908447266,0.0043943839153723,-0.1544800296939437,-0.2584976235595112,0.5199224469069994,-0.2867077511308197,0.5250623685619611,0.4026784849132104,-0.7830017590476013,51.16813527308599,-0.1966342923389836,-0.1379376102103586,momentum_v1,
2026-07-31 00:00:00,NFLX,Communication Services,1.818181818181818,10.0,71.70999908447266,-0.0334277298196916,-0.2339493791591447,-0.1376864366692392,-0.3944435045323449,-0.432337218944453,0.0607988269692783,0.3782490976685409,-0.8679513166347468,43.416139914579205,-0.2761036418041847,-0.1653851585474075,momentum_v1,
2026-07-31 00:00:00,NKE,Consumer Discretionary,4.545454545454546,20.0,41.709999084472656,-0.0313516545695172,-0.0513250659815122,-0.3232819423284591,-0.4411246626387256,-0.4587019908570656,0.0235582597416603,0.3147037375264359,-0.042191736208014,39.86152380413353,-0.0934793286265521,-0.0341837915550524,momentum_v1,
2026-07-31 00:00:00,NUE,Materials,95.45454545454544,100.0,257.2900085449219,0.1747329172035492,0.1448439898528242,0.4385058093451668,0.8239794541374867,-0.0316430202007149,0.9705875478396152,0.3449699432339431,0.0476466066991758,71.07409898221795,0.1026897272077842,0.1613864093364092,momentum_v1,
2026-07-31 00:00:00,NVDA,Technology,30.909090909090907,60.0,200.75,0.0160441246055655,0.0070850780408815,0.0440748748945121,0.1213107086228157,-0.1474337639338618,0.216830959731705,0.4166222627199539,-0.2822320559552125,47.74716513023634,-0.0350691846041584,-0.0935988614821874,momentum_v1,
2026-07-31 00:00:00,O,Real Estate,55.45454545454545,60.0,63.869998931884766,0.0331607772109416,0.0029387067677533,0.0784737675947018,0.1870206946002874,-0.037982847586542,0.2009780901297881,0.2228384249168109,0.4309006104024784,48.021114685919294,-0.0392155558772866,-0.0210463763760049,momentum_v1,
2026-07-31 00:00:00,ORCL,Technology,0.9090909090909092,10.0,129.8699951171875,-0.0854609943176293,-0.1925038135000654,-0.2262175934137635,-0.4758570862623499,-0.5999445733179563,0.1294025352626455,0.6114490064595002,-0.6872234490839013,48.62461080174087,-0.2346580761451053,-0.2931877530231344,momentum_v1,
2026-07-31 00:00:00,OXY,Energy,57.27272727272727,40.0,57.06999969482422,0.1904464190582726,-0.0535886094274873,0.2682919923149118,0.3116459824186375,-0.1344564768763282,0.4801085187753073,0.3783113938350845,-0.1541222537989145,59.354305132445575,-0.0957428720725273,-0.0591117912419214,momentum_v1,
2026-07-31 00:00:00,PEP,Consumer Staples,12.727272727272728,20.0,139.55999755859375,-0.0113346986540572,-0.1101752777454021,-0.0430541731627358,0.0155784437456931,-0.1654156545222722,0.0519541746501721,0.2672869494630316,-0.6731244884097267,52.10711321613093,-0.1523295403904421,-0.1259519869481271,momentum_v1,
2026-07-31 00:00:00,PFE,Health Care,24.545454545454547,10.0,25.01000022888184,0.0656417011364483,-0.0311768461453378,-0.008905115999232,0.1240658639879963,-0.0939552299653542,0.1491630156938008,0.1950379243404903,-0.3482204492736389,65.01988430947216,-0.0733311087903778,-0.1495197395154186,momentum_v1,
2026-07-31 00:00:00,PG,Consumer Staples,28.18181818181818,40.0,144.49000549316406,-0.0126254642673179,-0.0103431521478872,-0.0215825769667159,-0.0270867046202941,-0.1228183465556438,0.0700238530204653,0.2410124515781301,0.3024940981054661,43.85990212502712,-0.0524974147929272,-0.0261198613506122,momentum_v1,
2026-07-31 00:00:00,PLD,Real Estate,69.0909090909091,70.0,144.61000061035156,0.0570906241547295,0.0256268154054604,0.1259211588201421,0.3761158153779673,-0.0363187860649812,0.4344234281849954,0.2697621212994285,0.1434158073419925,54.7907602355234,-0.0165274472395795,0.0016417322617021,momentum_v1,
2026-07-31 00:00:00,PM,Consumer Staples,82.72727272727273,90.0,190.82000732421875,0.0738927610018023,0.1655782537884429,0.0912337288933946,0.2192810036932604,-0.0467102509379806,0.3572375500529356,0.3538512682583866,0.3420045507123664,59.83348869720758,0.1234239911434029,0.1498015445857179,momentum_v1,
2026-07-31 00:00:00,PPG,Materials,37.27272727272727,50.0,110.5199966430664,-0.098605365851898,0.0252586258818887,-0.0397401995985438,0.0679017037313183,-0.1495904483183161,0.1874348486094192,0.3814327368409997,0.4258706404021087,43.91941685737817,-0.0168956367631512,0.0418010453654738,momentum_v1,
2026-07-31 00:00:00,PSA,Real Estate,75.45454545454545,80.0,324.1700134277344,0.0034980338438648,0.0817702556646937,0.1912483241346478,0.1696607760077784,-0.0190637206696451,0.2788727035989051,0.2860318903974792,0.591535451769591,51.5995210840102,0.0396159930196537,0.0577851725209355,momentum_v1,
2026-07-31 00:00:00,PSX,Energy,97.27272727272728,80.0,211.67999267578125,0.2130658606061963,0.1901579852695787,0.4920159648437878,0.7599388617802016,-0.0027795335412645,0.8495934241229133,0.3082166394467246,0.527911329168159,67.20637802670976,0.1480037226245387,0.1846348034551446,momentum_v1,
2026-07-31 00:00:00,QCOM,Technology,3.636363636363636,20.0,147.61000061035156,-0.1885993728228315,-0.1749905996658436,-0.0204545001186235,-0.0524256044751185,-0.4097873072565436,0.1941258075030392,0.4297707056955501,-0.396482044272232,17.216500517154117,-0.2171448623108836,-0.2756745391889126,momentum_v1,
2026-07-31 00:00:00,RTX,Industrials,92.72727272727272,90.0,215.22000122070312,0.1222233944655581,0.2274464196421253,0.0848224847428957,0.3803664944779596,-0.0153719488617654,0.4345392332346811,0.3375078511374795,0.8346991819026318,73.81734776632328,0.1852921569970853,0.1947825599604147,momentum_v1,
2026-07-31 00:00:00,SBUX,Consumer Discretionary,59.09090909090909,90.0,105.25,0.0179901404519959,0.0050972043224781,0.1349555530874253,0.1645911913581705,-0.0287902802206068,0.367822868423427,0.2227093110053521,0.017620469580368,43.028700560370936,-0.0370570583225617,0.0222384787489379,momentum_v1,
2026-07-31 00:00:00,SCHW,Financials,76.36363636363637,70.0,105.23999786376952,0.0987680017231056,0.1525275698893393,0.0242030601462766,0.0812110458027211,-0.011526019499585,0.2330404188077317,0.2240023184815251,0.6827459835029402,58.75152564436588,0.1103733072442993,0.0564321029350505,momentum_v1,
2026-07-31 00:00:00,SHW,Materials,52.72727272727272,70.0,340.8500061035156,-0.0150266778583564,0.0625720298856598,-0.0340982560281443,0.0363072115985037,-0.0851216535575288,0.1633106010358895,0.4207332031143215,0.4434977773411913,55.9590719079672,0.0204177672406198,0.0791144493692448,momentum_v1,
2026-07-31 00:00:00,SLB,Energy,21.818181818181817,10.0,49.59000015258789,0.0998003988638649,-0.1235934974904909,0.0349633240933009,0.4909147439952692,-0.1451473610165546,0.5933202902969308,0.4410646104523094,-0.5825128204724084,58.941464997906046,-0.1657477601355309,-0.1291166793049251,momentum_v1,
2026-07-31 00:00:00,SO,Utilities,41.81818181818181,70.0,94.54000091552734,-0.0060975800494867,-0.0142422227136694,0.077759934288335,0.0287658152997316,-0.0382123538967716,0.1426202035767754,0.2099335988661259,0.3513760455429278,42.38358554883744,-0.0563964853587094,0.0330748589711983,momentum_v1,
2026-07-31 00:00:00,SPG,Real Estate,90.0,100.0,229.3699951171875,0.0285650005255044,0.1383159926590997,0.2358402410909206,0.4521797682036994,-0.030967477505534,0.4953803049992504,0.2257922242093216,0.8865852366297295,65.6626374875726,0.0961617300140598,0.1143309095153415,momentum_v1,
2026-07-31 00:00:00,SPGI,Financials,18.181818181818183,10.0,411.9299926757813,-0.0073258513530597,0.0120435695139362,-0.1725062950380129,-0.1705324515337667,-0.2217281975161948,0.1194543534546066,0.3731729599214349,0.4167138970982174,37.6206377576388,-0.0301106931311037,-0.0840518974403525,momentum_v1,
2026-07-31 00:00:00,SRE,Utilities,26.36363636363636,30.0,88.55000305175781,-0.0308635176759881,-0.0624176989912271,0.0310514908967252,0.1223549209337426,-0.1059364763681555,0.147371186954732,0.196670507480913,0.023533702571778,28.798874693748203,-0.1045719616362671,-0.0151006173063593,momentum_v1,
2026-07-31 00:00:00,T,Communication Services,16.363636363636363,60.0,23.25,0.150454837386845,-0.0983040962795572,-0.0526100544440264,-0.1146780525249409,-0.1818588000730506,0.150454837386845,0.3053687003680344,-0.3827073069302126,65.07092018697418,-0.1404583589245972,-0.0297398756678201,momentum_v1,
2026-07-31 00:00:00,TJX,Consumer Discretionary,58.18181818181818,80.0,157.33999633789062,0.0395770729621123,0.0070516037776664,0.073449773076585,0.2659044264583883,-0.0657324807523259,0.2789160566665825,0.2121926648727369,0.0130481594718832,65.77118738700791,-0.0351026588673735,0.0241928782041261,momentum_v1,
2026-07-31 00:00:00,TMO,Health Care,79.0909090909091,40.0,574.2999877929688,0.1187734375027866,0.2002582588359192,-0.0282288102413169,0.2076635228175753,-0.1000954387470983,0.3114835236478614,0.3651708561510214,0.7975135581362177,69.77627815634432,0.1581039961908792,0.0819153654658384,momentum_v1,
2026-07-31 00:00:00,TMUS,Communication Services,7.272727272727272,30.0,172.7100067138672,-0.0020223670961746,-0.11177954015437,-0.0781801222624174,-0.2716097766401939,-0.3206266377776366,0.0296906403933716,0.5384595717225515,-0.2445654348345285,37.65723332683155,-0.15393380279941,-0.0432153195426329,momentum_v1,
2026-07-31 00:00:00,TSLA,Consumer Discretionary,2.727272727272727,10.0,311.2099914550781,-0.2682576995356707,-0.1845243102657987,-0.252904759748797,-0.0245424300405296,-0.3647219965029502,0.0432085807669291,0.6786312043016787,-0.4751950464499263,18.083861486625903,-0.2266785729108387,-0.167383035839339,momentum_v1,
2026-07-31 00:00:00,UNH,Health Care,91.81818181818184,90.0,414.3999938964844,-0.0284616083022348,0.1249374324100198,0.4369526661657794,0.599377330329405,-0.0503036825942522,0.7895377532971026,0.257472820793481,0.7891100514400966,41.20675368782864,0.0827831697649799,0.0065945390399391,momentum_v1,
2026-07-31 00:00:00,UNP,Industrials,83.63636363636363,80.0,292.1300048828125,0.0518488939864452,0.0896828239978206,0.2637310135376423,0.3261865539939899,-0.0494273138077241,0.3815505828156467,0.2605143673140651,0.6393337550132663,52.552753901685314,0.0475285613527807,0.05701896431611,momentum_v1,
2026-07-31 00:00:00,UPS,Industrials,36.36363636363637,30.0,104.22000122070312,-0.048566730421399,-0.025948376488406,0.0138195316383602,0.2776702581506134,-0.1146788978934005,0.3238400296471109,0.3530963194288773,0.6050001078124099,35.03624029997204,-0.068102639133446,-0.0586122361701166,momentum_v1,
2026-07-31 00:00:00,VLO,Energy,99.0909090909091,100.0,312.8999938964844,0.1612974727630844,0.2447011677039776,0.7332970099290359,1.3025462037129154,-0.0060355589903451,1.4156025137270665,0.3785359607023581,0.7139174673336184,61.99019330246357,0.2025469050589377,0.2391779858895435,momentum_v1,
2026-07-31 00:00:00,VMC,Materials,11.818181818181818,30.0,268.57000732421875,-0.0896857660731377,-0.1081594900908997,-0.0996969425406166,-0.0082384761912489,-0.1839035265782822,0.0470155750149221,0.31874079742114,0.0650280281651189,30.497843809291552,-0.1503137527359397,-0.0916170706073147,momentum_v1,
2026-07-31 00:00:00,VZ,Communication Services,60.909090909090914,80.0,46.810001373291016,0.1337930918509298,-0.008786616387731,0.2138667729747347,0.1738859623226465,-0.0594777406086396,0.2802720725042571,0.2855820652580686,-0.241061830271565,69.83670090610971,-0.050940879032771,0.0597776042240061,momentum_v1,
2026-07-31 00:00:00,WBD,Communication Services,64.54545454545455,90.0,26.299999237060547,-0.0190227616203314,-0.0277264333143656,-0.0471014900884561,0.9834086563419556,-0.1227485110528883,1.4397031436485688,0.2417165123134333,-0.4484124335953982,40.66192670189175,-0.0698806959594056,0.0408377872973715,momentum_v1,
2026-07-31 00:00:00,WEC,Utilities,22.727272727272727,10.0,109.41999816894533,-0.0585097485831593,-0.0642924762499405,0.0079469684841091,0.0437677445235462,-0.0793437141459375,0.0754486348146539,0.199044117412224,0.0974012042752123,31.454837165654467,-0.1064467388949804,-0.0169753945650726,momentum_v1,
2026-07-31 00:00:00,WELL,Real Estate,84.54545454545455,90.0,234.44000244140625,0.0184630086229822,0.0823611163065538,0.2713394025716136,0.430731830599897,-0.0699409067741103,0.4640279163025478,0.2515837676801312,0.5706096597646727,49.8727729082006,0.0402068536615138,0.0583760331627956,momentum_v1,
2026-07-31 00:00:00,WFC,Financials,50.0,40.0,86.44999694824219,0.0059343087310668,0.0573299948930561,-0.0360595474832275,0.0802997106374281,-0.0935619890965124,0.1774720662524915,0.2556793869603984,0.7612804012956192,46.39478855444341,0.0151757322480161,-0.0387654720612327,momentum_v1,
2026-07-31 00:00:00,WMB,Energy,33.63636363636363,20.0,71.54000091552734,-0.0169025118081581,-0.0555852503604419,0.0795155259438444,0.2459373691614359,-0.0923389594387826,0.3058975601491751,0.2588499061388408,-0.0364062497376702,40.14847937597685,-0.0977395130054818,-0.061108432174876,momentum_v1,
2026-07-31 00:00:00,WMT,Consumer Staples,10.0,10.0,111.1999969482422,0.0218709544209929,-0.1555202124756437,-0.0491367229428421,0.1489877462484405,-0.1713859949555033,0.1646895724638832,0.2361081724792057,-0.7586183470836713,41.16484994641346,-0.1976744751206837,-0.1712969216783687,momentum_v1,
2026-07-31 00:00:00,XEL,Utilities,32.72727272727273,50.0,78.19999694824219,-0.0188205778850168,-0.0501532939006041,0.0447827829988902,0.1135681237413075,-0.0540799316637551,0.1235012518751821,0.2003365418984744,0.0215473387642047,38.29567075525421,-0.0923075565456441,-0.0028362122157363,momentum_v1,
2026-07-31 00:00:00,XOM,Energy,67.27272727272727,50.0,155.44000244140625,0.1405929251080979,0.0140286904697439,0.1211881544674768,0.4333765329125989,-0.0873327696198195,0.51558952224615,0.2626254075543698,-0.035222935943654,73.81262495404084,-0.0281255721752959,0.0085055086553098,momentum_v1,
2026-08-03 00:00:00,AAPL,Technology,73.63636363636363,70.0,303.4200134277344,-0.0168810270312388,0.0840992291284719,0.1715112268087433,0.4675711097206594,-0.1077980904258273,0.505206738201252,0.363574918732482,0.4068953436235956,43.52502812877087,0.0300204011965821,-0.0171072250502979,momentum_v1,
2026-08-03 00:00:00,ABBV,Health Care,88.18181818181819,70.0,245.1000061035156,-0.054488896705913,0.1947947213803584,0.1160596497325305,0.3369151699322148,-0.0691226074182869,0.2944560453658706,0.2646096701344263,0.8977200936969695,52.00313227510703,0.1407158934484687,0.0722023159000906,momentum_v1,
2026-08-03 00:00:00,ABT,Health Care,70.0,30.0,107.12000274658205,0.1308597103864166,0.2059469732952825,-0.0067627186159961,-0.1315005012584503,-0.1978044172645905,0.3067346879894868,0.4421939526577848,0.7839412617509933,84.10162183418328,0.1518681453633927,0.0833545678150147,momentum_v1,
2026-08-03 00:00:00,ADBE,Technology,12.727272727272728,30.0,251.33999633789065,0.1439104084358073,0.0025128220140906,-0.1429156135110294,-0.297324513902054,-0.316007178515877,0.2995191126565819,0.5534920556438202,-0.1190142292292352,63.66970741292129,-0.0515660059177991,-0.0986936321646791,momentum_v1,
2026-08-03 00:00:00,AEP,Utilities,30.909090909090907,50.0,128.32000732421875,-0.0735686057811104,-0.0559351025686246,0.0876097218283049,0.1700871278422293,-0.0747710356524696,0.2335693123087028,0.1934224473256527,0.1315401001423199,32.652019948369684,-0.1100139305005144,-0.0149739844112263,momentum_v1,
2026-08-03 00:00:00,AMD,Technology,100.0,100.0,484.6400146484375,-0.0640763049060916,0.3442059221232121,1.0472268972886174,1.7487948576902186,-0.1657226815628135,2.2065635609737235,0.8499026698285549,0.3289470349349869,39.60101328689435,0.2901270941913223,0.2429994679444422,momentum_v1,
2026-08-03 00:00:00,AMT,Real Estate,18.181818181818183,10.0,173.0,0.0419803726552352,-0.0383161901886049,-0.0160840873427263,-0.1377563483432325,-0.1563388872588563,0.0671766044577577,0.2820999008675801,-0.2845190826433388,56.27067681594588,-0.0923950181204947,-0.066653392195534,momentum_v1,
2026-08-03 00:00:00,AMZN,Consumer Discretionary,69.0909090909091,100.0,284.0199890136719,0.1703959746022618,0.0587488953788384,0.1868783342733249,0.2131903304993347,0.0,0.4287438935865417,0.6190748492647419,-0.3861281206911783,68.51118521337632,0.0046700674469486,0.0603036556504894,momentum_v1,
2026-08-03 00:00:00,APD,Materials,32.72727272727273,50.0,292.94000244140625,-0.0676342335366414,-0.0209594396727399,0.0884692579312973,0.044695024140809,-0.0676342335366414,0.2947343247925085,0.1993918584791828,0.0324315909239765,41.78118518414981,-0.0750382676046297,-0.0180525611214905,momentum_v1,
2026-08-03 00:00:00,AVB,Real Estate,50.90909090909091,50.0,188.77999877929688,-0.0267065774142395,0.0386514197636063,0.0843884057020845,0.0536705837024309,-0.0343734077785325,0.1980801489305206,0.2303370407831104,0.410373787188093,45.14229553626869,-0.0154274081682834,0.0103142177566772,momentum_v1,
2026-08-03 00:00:00,AVGO,Technology,30.0,50.0,392.2300109863281,0.0881675619448818,-0.0674829128046058,0.1882731578224281,0.3452635708401093,-0.1842291451221254,0.368846691238454,0.4280300886689353,-0.4316389254212546,51.47728477956109,-0.1215617407364956,-0.1686893669833756,momentum_v1,
2026-08-03 00:00:00,AXP,Financials,53.63636363636364,30.0,344.7200012207031,-0.0205704921302086,0.0812800968882165,-0.0153721155328004,0.164034743223743,-0.0970752867775764,0.1864248607793834,0.3185220189709745,0.6328603063492864,42.94294344332189,0.0272012689563267,-0.0277531151470218,momentum_v1,
2026-08-03 00:00:00,BA,Industrials,31.818181818181817,10.0,233.4900054931641,0.0309064410359214,0.0268713188457381,-0.0009840652333468,0.0525153684979735,-0.0740035251041125,0.3035395927763704,0.4538049300364273,-0.2182764627643345,62.10822643831716,-0.0272075090861516,-0.0347072897099658,momentum_v1,
2026-08-03 00:00:00,BAC,Financials,90.9090909090909,100.0,62.47999954223633,0.0638515244207202,0.1796511727148304,0.1872119451573732,0.3505613335785087,-0.0022356977329355,0.4212163793474472,0.2042605894391635,0.9105879116949168,61.65413426007811,0.1255723447829406,0.070617960679592,momentum_v1,
2026-08-03 00:00:00,BKNG,Consumer Discretionary,60.0,90.0,192.7100067138672,0.0441591312477449,0.1389168269982987,-0.0321801643511788,-0.117289510567517,-0.1507424640367616,0.2534514110833017,0.4450543752212004,0.7158725529651659,65.23891075143298,0.0848379990664089,0.1404715872699498,momentum_v1,
2026-08-03 00:00:00,BLK,Financials,44.54545454545455,20.0,1126.6300048828125,0.1314613670188378,0.0671564830485398,0.0181834047858415,0.0399874471589054,-0.0480283263917733,0.2276289345156374,0.3550058772922931,-0.0005863292234886,66.69085546601762,0.01307765511665,-0.0418767289866985,momentum_v1,
2026-08-03 00:00:00,BMY,Health Care,89.0909090909091,80.0,65.47000122070312,0.126268708372929,0.1372216385667188,0.2151085054851178,0.5842174993471618,0.0,0.5887847837187627,0.2912142574698208,0.466328982871447,88.65696100392235,0.083142810634829,0.014629233086451,momentum_v1,
2026-08-03 00:00:00,C,Financials,68.18181818181817,50.0,133.57000732421875,-0.0457240397275765,0.0530589967394625,0.1658574211860517,0.4578250660348835,-0.0830643989621886,0.4875116752919173,0.3618235839106659,0.2428684723641461,50.56604349388267,-0.0010198311924272,-0.0559742152957758,momentum_v1,
2026-08-03 00:00:00,CAT,Industrials,52.72727272727272,30.0,830.030029296875,-0.1369549689682428,-0.065305269055784,0.2674227840834162,0.9120168222238718,-0.2191099910559945,1.053757033864716,0.3926922268230206,-0.0038551267819764,30.777795256201745,-0.1193840969876738,-0.126883877611488,momentum_v1,
2026-08-03 00:00:00,CL,Consumer Staples,42.72727272727273,70.0,89.87999725341797,-0.0497711530203252,0.0359301514542371,0.0073879241213323,0.0987189175865053,-0.0825392573013499,0.2205123131274411,0.2510235286785343,0.5123848302942888,47.9972671298278,-0.0181486764776526,0.0207369874060161,momentum_v1,
2026-08-03 00:00:00,CMCSA,Communication Services,9.090909090909092,30.0,24.559999465942383,0.0323664783851467,-0.0844195404219494,-0.15347544114854,-0.1731863509523581,-0.2246272912732677,0.1204379279406822,0.4294839394592267,-0.3321414321775495,58.93089477799153,-0.1384983683538392,-0.0408079130226401,momentum_v1,
2026-08-03 00:00:00,CMG,Consumer Discretionary,55.45454545454545,80.0,37.459999084472656,0.0584910915661018,0.1358398909769222,-0.0362747590984752,-0.1263992968431334,-0.1494096660823354,0.3293115216039379,0.6147308468597036,0.2458338273377887,53.74001307580644,0.0817610630450325,0.1373946512485733,momentum_v1,
2026-08-03 00:00:00,COP,Energy,48.18181818181818,40.0,119.16000366210938,0.1377828687352988,-0.0255251425536672,0.1607000463283001,0.2912691874123383,-0.102798461999963,0.4254295580317231,0.320180468574836,-0.1090903035447701,65.79973166507543,-0.079603970485557,-0.0317100857591708,momentum_v1,
2026-08-03 00:00:00,COST,Consumer Staples,19.090909090909093,30.0,954.0800170898438,0.0041263768346821,-0.0554542795286422,0.0177968718838137,0.0227067350998888,-0.1267664636337949,0.1274010734064155,0.2327942127863779,-0.5813319334562352,63.2590191446684,-0.109533107460532,-0.0706474435768632,momentum_v1,
2026-08-03 00:00:00,CRM,Technology,15.454545454545451,40.0,185.9499969482422,0.1194389035277281,0.01419820343454,-0.1196184682177011,-0.2740918925416549,-0.2979897597359527,0.2386757460462536,0.5003476888476374,-0.0926455869597778,62.70203570756315,-0.0398806244973497,-0.0870082507442298,momentum_v1,
2026-08-03 00:00:00,CSCO,Technology,97.27272727272728,90.0,115.86000061035156,0.0319764514231093,0.2661233103559135,0.4928956716156882,0.7370599857544171,-0.1054351669141357,0.7863904964885069,0.324970751745689,0.1100501472369465,47.2751525034361,0.2120444824240237,0.1649168561771437,momentum_v1,
2026-08-03 00:00:00,CVX,Energy,61.81818181818181,50.0,193.17999267578125,0.141725745626783,0.0226583110792311,0.1128119010565795,0.3272944347805666,-0.0767256802125269,0.3414408768149763,0.2509133286413645,-0.0044167968202224,67.0651618249087,-0.0314205168526586,0.0164733678737274,momentum_v1,
2026-08-03 00:00:00,D,Utilities,79.0909090909091,100.0,68.75,-0.014336917562724,0.0859932456840981,0.1663355478461681,0.2281665730899289,-0.0410099364107174,0.2294745344377573,0.1373564266607737,0.7705822764115455,33.88118235077384,0.0319144177522083,0.1269543638414965,momentum_v1,
2026-08-03 00:00:00,DE,Industrials,57.27272727272727,40.0,605.0599975585938,-0.0260917499043117,0.0508753122026184,0.1522775470826347,0.168333806325333,-0.0816426504985871,0.3903285152038427,0.3479479474471975,0.3928029618544342,57.01670487066816,-0.0032035157292713,-0.0107032963530855,momentum_v1,
2026-08-03 00:00:00,DHR,Health Care,45.45454545454545,20.0,197.5,-0.0021724482983516,0.1299442525124257,-0.0939210816921916,0.0091146016061183,-0.1806172465301754,0.222344089120694,0.5199839444455427,0.7208190109353,48.72090876787127,0.0758654245805359,0.0073518470321578,momentum_v1,
2026-08-03 00:00:00,DIS,Communication Services,14.545454545454543,50.0,98.13999938964844,-0.0136683478427293,-0.040628757272715,-0.1232979803366776,-0.1641249298450485,-0.1658057155842003,0.0700281053397484,0.261163691572089,-0.6534405279510779,55.28152275595681,-0.0947075852046048,0.0029828701265941,momentum_v1,
2026-08-03 00:00:00,DLR,Real Estate,34.54545454545455,20.0,191.22000122070312,0.1034044884788221,-0.0408821885940404,0.167855416153648,0.1150553724138845,-0.0559809059734144,0.3101169517096043,0.4572873352160062,-0.1865606820908474,66.17252976744453,-0.0949610165259302,-0.0692193906009694,momentum_v1,
2026-08-03 00:00:00,DOW,Materials,5.454545454545454,10.0,29.88999938964844,0.0786719731938694,-0.2505849093670239,0.1089497401523986,0.3505144004461333,-0.2788646395194765,0.507114545363269,0.4073722587158899,-0.759867186068969,47.4137941159268,-0.3046637372989137,-0.2476780308157745,momentum_v1,
2026-08-03 00:00:00,DUK,Utilities,35.45454545454545,70.0,124.27999877929688,-0.0410494372968585,-0.0252415544287566,0.0417929685618843,0.0574057874717726,-0.0607378052844824,0.1089611553828255,0.2027173311443615,0.3580111034689599,44.0183140153138,-0.0793203823606464,0.0157195637286416,momentum_v1,
2026-08-03 00:00:00,EA,Communication Services,70.9090909090909,100.0,209.9100036621093,0.0229033516615766,0.0396777909708827,0.0313225535475121,0.3819696399216103,0.0,0.3415874635679399,0.0379151922447986,0.9264187700086046,87.55748379203173,-0.014401036961007,0.0832894183701919,momentum_v1,
2026-08-03 00:00:00,ECL,Materials,58.18181818181818,70.0,279.42999267578125,-0.0138692577602491,0.079694608025389,-0.0037147045939384,0.0788832044345106,-0.0888844818663238,0.1402415507967116,0.255607168270386,0.6407163723756414,59.25076702324985,0.0256157800934992,0.0826014865766384,momentum_v1,
2026-08-03 00:00:00,ED,Utilities,37.27272727272727,80.0,107.9499969482422,-0.0529871131565929,-0.0148047134612578,0.0288793593343141,0.0776563805373542,-0.0572126167746356,0.1575087014263418,0.1902717534872203,0.5335445913726702,37.52334037085375,-0.0688835413931476,0.0261564046961404,momentum_v1,
2026-08-03 00:00:00,EOG,Energy,78.18181818181819,70.0,145.67999267578125,0.1221987152987678,0.05621561690085,0.3190105601290041,0.2559923603416061,-0.0202435248920729,0.4669930617609985,0.3513845018596916,0.1037579467719478,64.41116803439496,0.0021367889689603,0.0500306736953464,momentum_v1,
2026-08-03 00:00:00,EQIX,Real Estate,49.09090909090909,30.0,1031.43994140625,0.0293606128635661,-0.0446887556784648,0.2695246244376048,0.3435290017166275,-0.0757209208709901,0.4353465962364253,0.332510457477483,-0.3058199619277615,51.57357352538193,-0.0987675836103546,-0.0730259576853938,momentum_v1,
2026-08-03 00:00:00,EQR,Real Estate,59.09090909090909,60.0,67.56999969482422,-0.0323643430756063,0.0475968944933986,0.1087727218325393,0.1173704270504387,-0.0367783574474036,0.1917682263856832,0.2116532660209276,0.5237819994707826,44.30128308369571,-0.0064819334384911,0.0192596924864696,momentum_v1,
2026-08-03 00:00:00,ETN,Industrials,60.909090909090914,50.0,438.2300109863281,0.0996437395046048,0.0326426167480451,0.2543717410504758,0.1523073878716894,0.0,0.3957676127450613,0.5664985749825473,0.0015402769095884,56.77062160792005,-0.0214362111838446,-0.0289359918076588,momentum_v1,
2026-08-03 00:00:00,EXC,Utilities,39.09090909090909,90.0,45.630001068115234,-0.0469924801546912,-0.009481267505611,0.0373718628007806,0.0519893299205214,-0.0841296018796365,0.0966331169581271,0.2184090308800418,0.536539781801286,41.36546943565384,-0.0635600954375008,0.0314798506517872,momentum_v1,
2026-08-03 00:00:00,FCX,Materials,82.72727272727273,90.0,63.63999938964844,0.0463255022823316,0.1281072687694886,0.0615132409473702,0.5985123721300312,-0.1105065814490982,0.8201510707875515,0.4924021595114248,-0.0195784123197327,54.47470990387367,0.0740284408375988,0.131014147320738,momentum_v1,
2026-08-03 00:00:00,GE,Industrials,94.54545454545456,100.0,368.9299926757813,-0.0215355931045568,0.2892738489732818,0.2058018457425985,0.3678750766446248,-0.0257473333383836,0.3943652598366891,0.3214982395838232,0.7144854854050909,58.773954405376905,0.235195021041392,0.2276952404175778,momentum_v1,
2026-08-03 00:00:00,GOOGL,Communication Services,67.27272727272727,90.0,373.510009765625,0.0377872411578856,-0.0310013359464278,0.1064976215027937,0.9519310985726182,-0.0717473113936961,0.980519053908374,0.4802129204279757,-0.6887161222862357,55.10948905109489,-0.0850801638783176,0.0126102914528813,momentum_v1,
2026-08-03 00:00:00,GS,Financials,72.72727272727273,60.0,1027.06005859375,0.0059354148812438,0.1167860913231444,0.1086213385938874,0.4479681586183366,-0.1085089391472995,0.4765777737530388,0.5055628122325686,0.4520086485042942,32.83586242925297,0.0627072633912546,0.007752879287906,momentum_v1,
2026-08-03 00:00:00,HD,Consumer Discretionary,36.36363636363637,50.0,340.0199890136719,-0.0499581033465564,0.0577076519412727,-0.0793650150979915,-0.0502019576362082,-0.1802675933709663,0.1514582642206727,0.2794649342144972,0.5923271345477972,51.542206686370434,0.0036288240093829,0.0592624122129237,momentum_v1,
2026-08-03 00:00:00,HON,Industrials,66.36363636363637,60.0,246.7700042724609,0.0735665344871134,0.1133568658314405,0.0450198761160223,0.1472836403502735,-0.046168666279684,0.263755356417382,0.2921395337480432,0.0651958098133523,76.88014762293767,0.0592780378995507,0.0517782572757365,momentum_v1,
2026-08-03 00:00:00,JNJ,Health Care,86.36363636363636,50.0,254.4100036621093,-0.0328087157940412,0.1262517491067438,0.1319401286797528,0.5828984076850967,-0.0480092315563006,0.5583979051141823,0.2654395251484924,0.8130206541161645,50.578988552749486,0.072172921174854,0.003659343626476,momentum_v1,
2026-08-03 00:00:00,JPM,Financials,81.81818181818183,90.0,352.6400146484375,0.0590744311968707,0.1336404300243163,0.1639525788845188,0.2131592617805071,-0.0130698355547425,0.2588087574586923,0.2274911536387944,0.8700672765467119,59.55319851305384,0.0795616020924265,0.0246072179890779,momentum_v1,
2026-08-03 00:00:00,KMB,Consumer Staples,62.727272727272734,80.0,107.55999755859376,-0.0624128624993183,0.1163855411955341,0.1039520848550605,-0.0946380723909161,-0.1750659948187177,0.1718148117363478,0.2779729255537621,0.7824316168585976,52.06703296281758,0.0623067132636443,0.1011923771473131,momentum_v1,
2026-08-03 00:00:00,KO,Consumer Staples,83.63636363636363,100.0,86.86000061035156,0.0323270886669124,0.1125069098585078,0.1766061441111064,0.315656827420691,-0.0249214321404425,0.3497814665364891,0.2977956020156882,0.6113979430022796,60.18317933422069,0.058428081926618,0.0973137458102868,momentum_v1,
2026-08-03 00:00:00,LIN,Materials,22.727272727272727,40.0,480.4599914550781,-0.121066920495972,-0.0510723909228694,0.0582713201967006,0.0579398610971675,-0.121066920495972,0.2419699624593851,0.24508008253924,0.0877912315501049,25.79940179349626,-0.1051512188547592,-0.04816551237162,momentum_v1,
2026-08-03 00:00:00,LLY,Health Care,85.45454545454545,40.0,1121.3599853515625,-0.0762412750716462,0.166049338680519,0.0848625448607096,0.5259265780657776,-0.0924277799754744,0.8049905847014833,0.3061737943795002,0.7290193710931314,43.92533277523967,0.1119705107486292,0.0434569332002512,momentum_v1,
2026-08-03 00:00:00,LMT,Industrials,71.81818181818181,70.0,586.2899780273438,0.0739682491056483,0.1508631735885213,-0.0646175865360982,0.4302414865807122,-0.1279323914794656,0.4301395952264735,0.4131827385002762,0.2473809367245021,80.1965213147536,0.0967843456566315,0.0892845650328173,momentum_v1,
2026-08-03 00:00:00,LOW,Consumer Discretionary,8.181818181818182,30.0,212.0599975585937,-0.0621074037464106,-0.0855416493311341,-0.1972036532596587,-0.0319968578264687,-0.2539936585861271,0.0502179055150562,0.324712949950245,-0.2713110345120554,55.00316945059976,-0.1396204772630239,-0.0839868890594831,momentum_v1,
2026-08-03 00:00:00,MCD,Consumer Discretionary,10.909090909090908,40.0,265.2300109863281,-0.054876505108266,-0.0684174358612665,-0.1475539096770093,-0.0946596834423498,-0.2126883441225998,0.0092466640267643,0.2141340122172755,-0.3248485893375216,45.92934678152229,-0.1224962637931563,-0.0668626755896155,momentum_v1,
2026-08-03 00:00:00,MDLZ,Consumer Staples,38.18181818181819,60.0,61.72999954223633,0.0134624806579941,0.0142974381359162,0.0738219587468238,-0.0126087999652445,-0.0501615391397108,0.2189161357716353,0.3337894705268265,-0.0052088092715937,60.20906681014545,-0.0397813897959735,-0.0008957259123048,momentum_v1,
2026-08-03 00:00:00,META,Communication Services,11.818181818181818,40.0,590.239990234375,0.0125921521922918,-0.0295079795574801,-0.1747482747612203,-0.2343627134135044,-0.2504119811401778,0.1237675790373973,0.5470916140293625,-0.0008368021863535,33.43937014079263,-0.0835868074893699,0.014103647841829,momentum_v1,
2026-08-03 00:00:00,MO,Consumer Staples,27.27272727272727,40.0,68.26000213623047,-0.0612019942824134,-0.0706798410917293,0.1363397501506158,0.1767856772932143,-0.0888947703615327,0.2873118423452248,0.4025689918561907,0.1165699420459353,44.589969773503306,-0.1247586690236191,-0.0858730051399503,momentum_v1,
2026-08-03 00:00:00,MPC,Energy,98.1818181818182,90.0,307.0299987792969,0.15273133750172,0.2520893598292457,0.758024444132241,0.8393495117453078,-0.0398111414734408,0.9738879814790292,0.3262396104362438,0.6828848074338175,52.81003246888241,0.1980105318973559,0.245904416623742,momentum_v1,
2026-08-03 00:00:00,MRK,Health Care,90.0,90.0,127.7699966430664,-0.0138159999170871,0.1473681311404786,0.1756777722489801,0.6902403780987654,-0.030723793476897,0.6849232637172231,0.2700739446227775,0.7970421882276834,65.20222834976741,0.0932893032085888,0.0247757256602108,momentum_v1,
2026-08-03 00:00:00,MS,Financials,80.0,80.0,211.22999572753903,-0.00718564196968,0.1168573697043207,0.1681299263925959,0.5163445665019553,-0.0706945565438503,0.5530840171957947,0.3493021484690951,0.5177519036915093,34.97600480899659,0.0627785417724309,0.0078241576690822,momentum_v1,
2026-08-03 00:00:00,MSFT,Technology,74.54545454545455,80.0,487.6499938964844,0.2488156062689166,0.1791964737709781,0.1383523573844443,-0.0786406957518095,-0.0946954584736908,0.3821104000654585,0.6024943815078463,-0.0701646728056187,81.25607885984037,0.1251176458390883,0.0779900195922083,momentum_v1,
2026-08-03 00:00:00,NEE,Utilities,21.818181818181817,10.0,86.55000305175781,-0.0202625465285994,-0.1007329272516254,-0.0013831872285154,0.2532534175826288,-0.1092772778230474,0.2666304759973685,0.1387690157064904,-0.1124703938948911,31.56596515687309,-0.1548117551835152,-0.059771809094227,momentum_v1,
2026-08-03 00:00:00,NEM,Materials,13.636363636363637,20.0,95.37000274658205,-0.017209379154881,-0.1199347361195448,-0.1474308145117276,0.5520777259570242,-0.2740723039336671,0.5399268554463434,0.3818987701490349,-0.7800633842310235,51.18683445481266,-0.1740135640514346,-0.1170278575682954,momentum_v1,
2026-08-03 00:00:00,NFLX,Communication Services,1.818181818181818,10.0,73.33000183105469,-0.0556342512547725,-0.2034542279410546,-0.1216911761010329,-0.367517679084799,-0.4195131319805262,0.0847633651815418,0.3477602258810363,-0.8535854307920338,49.42595588615295,-0.2575330558729444,-0.1598426005417453,momentum_v1,
2026-08-03 00:00:00,NKE,Consumer Discretionary,4.545454545454546,20.0,42.63999938964844,-0.0328872932166307,-0.031046370612961,-0.2993512156057268,-0.4134411356818874,-0.4466327122661592,0.0463803531202071,0.3131088796909104,-0.0414743583466742,48.91518129218176,-0.0851251985448507,-0.0294916103413099,momentum_v1,
2026-08-03 00:00:00,NUE,Materials,95.45454545454544,100.0,261.2799987792969,0.1836013534735985,0.1587404983696796,0.4788149821159488,0.850711356620135,-0.0166259780907668,1.0011469353429518,0.3459697569802516,0.0528008060029453,72.42805073611174,0.1046616704377898,0.161647376920929,momentum_v1,
2026-08-03 00:00:00,NVDA,Technology,40.0,60.0,206.63999938964844,0.0606169350079599,0.0424834218969139,0.0824675833852424,0.1632945876538392,-0.1224194943943131,0.2525327460835112,0.423877655001097,-0.3216961733777727,45.65070547454005,-0.0115954060349758,-0.0587230322818559,momentum_v1,
2026-08-03 00:00:00,O,Real Estate,50.0,40.0,63.47999954223633,-0.0014390140896287,0.0077706782105069,0.0649758828661632,0.1986866879724571,-0.0398183208439539,0.1836633007352754,0.1915609850205681,0.4775449021743937,49.850243089383554,-0.0463081497213828,-0.020566523796422,momentum_v1,
2026-08-03 00:00:00,ORCL,Technology,0.9090909090909092,10.0,141.85000610351562,0.0147821193740984,-0.1716027699137676,-0.1320898457685668,-0.4346582763158862,-0.5630409472172673,0.2335856051720912,0.6932856944125144,-0.7076563099926063,60.06657633751741,-0.2256815978456574,-0.2728092240925375,momentum_v1,
2026-08-03 00:00:00,OXY,Energy,43.63636363636363,30.0,55.470001220703125,0.1341239295390861,-0.0508224272869863,0.2335492584008875,0.2885097856676191,-0.1587226118629886,0.4386126122703542,0.3961472115594444,-0.1320695795466557,53.348223155461554,-0.1049012552188761,-0.05700737049249,momentum_v1,
2026-08-03 00:00:00,PEP,Consumer Staples,10.0,20.0,139.6300048828125,-0.0318263507075308,-0.1036207062739944,-0.0733603213612059,0.0524818652367033,-0.16499700291806,0.0422048457989225,0.2550254754003106,-0.6513302059676838,59.322052354937696,-0.1576995342058842,-0.1188138703222154,momentum_v1,
2026-08-03 00:00:00,PFE,Health Care,25.454545454545453,10.0,25.030000686645508,0.0471987302357426,-0.0167768462469075,-0.0208675057869334,0.1500819995462046,-0.0932306673908146,0.1402898661544618,0.1869823284987843,-0.3155071612111151,70.22262554025782,-0.0708556741787973,-0.1393692517271754,momentum_v1,
2026-08-03 00:00:00,PG,Consumer Staples,29.09090909090909,50.0,144.97000122070312,-0.0353860347775639,-0.0082017295380329,-0.0304277627528686,-0.0082202620178506,-0.119904349532169,0.0735784717365606,0.2200266608354594,0.3010915343984025,49.9338420082756,-0.0622805574699227,-0.023394893586254,momentum_v1,
2026-08-03 00:00:00,PLD,Real Estate,64.54545454545455,70.0,144.14999389648438,0.0338521227041774,0.02677446025404,0.1210500902285565,0.3937056146100615,-0.0393842713465438,0.4298605044265522,0.2636529210486876,0.1345408004817602,53.22954597135743,-0.0273043676778497,-0.0015627417528889,momentum_v1,
2026-08-03 00:00:00,PM,Consumer Staples,75.45454545454545,90.0,187.4100036621093,0.0281999191812443,0.135735860474131,0.0624754971759251,0.1837689107970741,-0.0637457891969723,0.3329833584672013,0.3517382506504841,0.3163733572261461,60.76663206059246,0.0816570325422412,0.1205426964259099,momentum_v1,
2026-08-03 00:00:00,PPG,Materials,46.36363636363636,60.0,114.01000213623048,-0.0903215473505189,0.0673734767438805,-0.0018781512083047,0.1094554123997215,-0.1227361767208109,0.2249316199914226,0.3910276201961207,0.3929358169968057,48.91558002346605,0.0132946488119907,0.0702803552951298,momentum_v1,
2026-08-03 00:00:00,PSA,Real Estate,77.27272727272727,80.0,325.8999938964844,-0.011345772921233,0.0907892777318477,0.2030692367824891,0.2481586923419647,-0.013828811412043,0.28569759395767,0.2773067235233975,0.5892653527578513,54.9077617642698,0.0367104497999579,0.0624520757249187,momentum_v1,
2026-08-03 00:00:00,PSX,Energy,96.36363636363636,80.0,206.19000244140625,0.1687450662138214,0.1787669487023317,0.4585845061688482,0.7256690640628174,-0.0286427743377752,0.8016236103127261,0.3315032055476183,0.5489775118312619,55.74685786784563,0.124688120770442,0.1725820054968281,momentum_v1,
2026-08-03 00:00:00,QCOM,Technology,3.636363636363636,20.0,151.57000732421875,-0.1400283272384751,-0.1405580230006664,0.0100044748807284,0.0545424356719359,-0.3939533785511073,0.2261612129319481,0.4398603504324578,-0.4770877660622808,25.228753662965048,-0.1946368509325562,-0.2417644771794362,momentum_v1,
2026-08-03 00:00:00,RTX,Industrials,92.72727272727272,90.0,216.6499938964844,0.0873274474102101,0.2503731954806338,0.0863237372163499,0.3968572817999249,-0.008829755322548,0.4440706381936554,0.3152438437723828,0.8412452055190208,80.63750051753655,0.196294367548744,0.1887945869249299,momentum_v1,
2026-08-03 00:00:00,SBUX,Consumer Discretionary,40.909090909090914,60.0,103.37000274658205,-0.0086313793560884,-0.0181692394628788,0.1380795252979256,0.1899716948453491,-0.0461382289681422,0.3433905336414951,0.2300349384129001,0.0245516053091399,41.082819726206864,-0.0722480673947686,-0.0166144791912278,momentum_v1,
2026-08-03 00:00:00,SCHW,Financials,76.36363636363637,70.0,105.87000274658205,0.0914433272843509,0.1606935659037665,0.0258727567015621,0.0970322971132349,-0.005608654933933,0.2404218469749919,0.2221211115821436,0.7098147240583506,65.20076128531569,0.1066147379718767,0.051660353868528,momentum_v1,
2026-08-03 00:00:00,SHW,Materials,65.45454545454545,80.0,354.2200012207031,0.0049364224357177,0.1167875268587113,0.0036197328921945,0.0805370083437317,-0.0492351380647241,0.2089419836884065,0.4381803175883929,0.4816211813184428,61.422990001954446,0.0627086989268215,0.1196944054099606,momentum_v1,
2026-08-03 00:00:00,SLB,Energy,20.909090909090907,10.0,49.310001373291016,0.0926213207676831,-0.1291542759275479,0.0306086188345704,0.4987252571833778,-0.149974094121164,0.5843239657367503,0.442390412724324,-0.5656322491496437,57.04058119410151,-0.1832331038594377,-0.1353392191330515,momentum_v1,
2026-08-03 00:00:00,SO,Utilities,33.63636363636363,60.0,92.94000244140624,-0.0514390767794424,-0.0310255084342589,0.05750311061425,0.0158507254234867,-0.0544896836121444,0.1232824569666788,0.1863291936582191,0.3604036906993582,39.026176692536,-0.0851043363661487,0.0099356097231393,momentum_v1,
2026-08-03 00:00:00,SPG,Real Estate,91.81818181818184,100.0,229.1600036621093,0.0137132006414011,0.1444085358554132,0.2249633895061282,0.4656433019623978,-0.0318546404028113,0.4940112633075437,0.2214099018000505,0.8872076802745951,63.150879723426726,0.0903297079235234,0.1160713338484842,momentum_v1,
2026-08-03 00:00:00,SPGI,Financials,17.272727272727273,10.0,416.25,-0.0537407394148983,0.035066508377709,-0.1624973221083236,-0.1949436553579173,-0.2135662769307977,0.1311943361993417,0.305972175957016,0.4229880746008774,39.52195914139132,-0.0190123195541807,-0.0739667036575293,momentum_v1,
2026-08-03 00:00:00,SRE,Utilities,24.545454545454547,30.0,87.7300033569336,-0.0572748156188614,-0.0666845176216359,0.0225601880687067,0.1051546151974982,-0.1142157738415057,0.1367464089858245,0.1843759755910357,0.0173079738660065,29.28627929158449,-0.1207633455535257,-0.0257233994642376,momentum_v1,
2026-08-03 00:00:00,T,Communication Services,16.363636363636363,60.0,23.59000015258789,0.1616066898575618,-0.0847677796804075,-0.0783644275960833,-0.0987818353148839,-0.1698945793068741,0.1672787006237055,0.3064319249705509,-0.330071483787595,70.22764904948313,-0.1388466076122972,-0.0411561522810982,momentum_v1,
2026-08-03 00:00:00,TJX,Consumer Discretionary,47.27272727272727,70.0,157.5,0.0210035369411378,0.0075614549409499,0.0577572523594513,0.280216703348223,-0.0647823966799426,0.2652808330471556,0.2026566126671733,0.0147290843124759,66.60483412080774,-0.0465173729909398,0.0091162152126009,momentum_v1,
2026-08-03 00:00:00,TMO,Health Care,87.27272727272727,60.0,574.030029296875,0.0966491414861472,0.2246232277295432,-0.0059392671042479,0.2318737920183751,-0.1005183666286658,0.3108670407517775,0.362032621509437,0.8177444226409654,68.08474434880225,0.1705443997976534,0.1020308222492754,momentum_v1,
2026-08-03 00:00:00,TMUS,Communication Services,6.363636363636363,20.0,177.08999633789062,-0.0024223069187758,-0.0918552686271171,-0.0928097612665083,-0.2432069204314706,-0.3033974363245161,0.0558039757274897,0.5382180227676012,-0.239214158561263,42.47375464684015,-0.1459340965590069,-0.0482436412278078,momentum_v1,
2026-08-03 00:00:00,TSLA,Consumer Discretionary,2.727272727272727,10.0,322.0799865722656,-0.1813954083631115,-0.1758866472128367,-0.2516902863969852,0.0447983846977113,-0.3425328991549419,0.0796459461809551,0.6605558981221328,-0.5243477641170833,23.599814641616177,-0.2299654751447265,-0.1743318869411857,momentum_v1,
2026-08-03 00:00:00,UNH,Health Care,93.63636363636364,100.0,415.3599853515625,-0.0235094986467402,0.1327411621450425,0.467186713074434,0.7089440808489502,-0.0481036334556017,0.7936833637628549,0.2576975089610918,0.7654490182284284,43.90121986962913,0.0786623342131527,0.0101487566647746,momentum_v1,
2026-08-03 00:00:00,UNP,Industrials,84.54545454545455,80.0,291.2300109863281,0.0318158050888508,0.0992154849488042,0.2516924955178299,0.341815918045816,-0.0523558374151535,0.3772943028326394,0.256247300263401,0.6504814059767854,52.49024377212108,0.0451366570169144,0.0376368763931003,momentum_v1,
2026-08-03 00:00:00,UPS,Industrials,41.81818181818181,20.0,106.87000274658205,-0.0342490582875795,0.0102397400661951,0.037346707585868,0.3256678159280224,-0.0921678420116507,0.3575013044263664,0.3635694758902055,0.6052837084910945,38.97536006475587,-0.0438390878656946,-0.0513388684895088,momentum_v1,
2026-08-03 00:00:00,VLO,Energy,99.0909090909091,100.0,307.5400085449219,0.1530047085976011,0.2565129859478989,0.7201810808384164,1.287236931532605,-0.0192866556230874,1.3833987257205709,0.3851502569856528,0.7294786875466875,55.04741097677035,0.2024341580160091,0.2503280427423953,momentum_v1,
2026-08-03 00:00:00,VMC,Materials,20.0,30.0,283.5899963378906,-0.0646459512044875,-0.0442830238278304,-0.0527313539185134,0.0399822325063883,-0.1382626890662478,0.1055707450078349,0.3659626929412333,0.077726456786008,44.55379681311759,-0.0983618517597202,-0.041376145276581,momentum_v1,
2026-08-03 00:00:00,VZ,Communication Services,51.81818181818182,70.0,47.36000061035156,0.1317516336830648,0.0011920623581995,0.0981991241219923,0.1832346076637474,-0.0484269713301139,0.2953147694162259,0.2850536558160056,-0.1873423448807827,72.74418320766715,-0.0528867655736902,0.0448036897575088,momentum_v1,
2026-08-03 00:00:00,WBD,Communication Services,54.54545454545454,80.0,26.09000015258789,-0.0147280738818132,-0.0326288165803126,-0.0526507158582528,0.9810174640431476,-0.1297531504017584,1.4202227086138288,0.2395778546815923,-0.4647125991322425,32.839510475349044,-0.0867076445122024,0.0109828108189965,momentum_v1,
2026-08-03 00:00:00,WEC,Utilities,23.63636363636364,20.0,109.27999877929688,-0.0803669351561184,-0.0616707595944145,0.0042924268744906,0.0355515396904786,-0.0805216644315568,0.0740726326670409,0.1768512959613989,0.0891372673911453,32.73486767491001,-0.1157495875263043,-0.0207096414370162,momentum_v1,
2026-08-03 00:00:00,WELL,Real Estate,80.9090909090909,90.0,233.1000061035156,-0.0125391488845686,0.0783079807234379,0.2461545790613912,0.4338435864199905,-0.0752568757468373,0.4556599243814363,0.2360232467620141,0.5817832253040359,46.63730035662798,0.0242291527915481,0.0499707787165089,momentum_v1,
2026-08-03 00:00:00,WFC,Financials,56.36363636363636,40.0,87.88999938964844,0.0278329691727321,0.0938310527932959,-0.0183786055457572,0.1139589037135224,-0.0784634003774646,0.197085284412654,0.2608628952679509,0.7878225888496562,58.13517801393823,0.0397522248614061,-0.0152021592419424,momentum_v1,
2026-08-03 00:00:00,WMB,Energy,26.36363636363636,20.0,70.43000030517578,-0.0370522163944152,-0.0607613495309606,0.0624499138947702,0.2120787705373006,-0.1064220499632701,0.2856355099636603,0.2628710294990992,-0.0453907858964978,30.742574991317028,-0.1148401774628504,-0.0669462927364643,momentum_v1,
2026-08-03 00:00:00,WMT,Consumer Staples,7.272727272727272,10.0,110.70999908447266,-0.010103695372128,-0.1571331569880031,-0.0670729821705976,0.1393715208725661,-0.1750372458862952,0.1595574194231994,0.215841367344808,-0.7503462176259723,42.39959506396942,-0.2112119849198929,-0.1723263210362241,momentum_v1,
2026-08-03 00:00:00,XEL,Utilities,28.18181818181818,40.0,77.69000244140625,-0.0520985442992196,-0.0521198972009707,0.0367409853890865,0.0904886388425103,-0.0602489093822153,0.1161740260864847,0.1705312834243876,0.0277445629846764,37.525175460680224,-0.1061987251328605,-0.0111587790435724,momentum_v1,
2026-08-03 00:00:00,XOM,Energy,63.63636363636363,60.0,155.05999755859375,0.1310817835052808,0.0220128762206286,0.1114074763664871,0.4332025042793639,-0.0895639713599131,0.51188435362966,0.2644157366364346,-0.019855859447263,71.91206120141172,-0.0320659517112611,0.0158279330151249,momentum_v1,
2026-08-04 00:00:00,AAPL,Technology,72.72727272727273,70.0,309.3800048828125,-0.0104906247709303,0.1186109393163161,0.1479381077331816,0.5347729620846391,-0.0902728266925801,0.5306888902058469,0.3673773174618321,0.3700527164899884,38.90520780078869,0.041582543967453,-0.0361119486584782,momentum_v1,
2026-08-04 00:00:00,ABBV,Health Care,83.63636363636363,60.0,243.8000030517578,-0.0362091792888035,0.1795509509795794,0.0972005575248446,0.2875902894807758,-0.074059953077338,0.2805061635923371,0.2529876674587943,0.8824390741410134,49.69850427489952,0.1025225556307163,0.0545946985711454,momentum_v1,
2026-08-04 00:00:00,ABT,Health Care,61.81818181818181,30.0,105.45999908447266,0.1106574675213802,0.213298748874946,-0.0231376716338085,-0.1523483994894535,-0.2102358701964313,0.2864846477369709,0.4484483190755567,0.8033528668387272,78.6345795118918,0.1362703535260829,0.088342496466512,momentum_v1,
2026-08-04 00:00:00,ADBE,Technology,11.818181818181818,20.0,257.489990234375,0.1807675589772783,0.0138997614867957,-0.1223328585830972,-0.2596607266483046,-0.2992706791975934,0.3313168158779132,0.5540150818579856,-0.0809713267624308,64.42400106724642,-0.0631286338620673,-0.1408231264879986,momentum_v1,
2026-08-04 00:00:00,AEP,Utilities,30.0,50.0,128.35000610351562,-0.0561111182803059,-0.0399366588791419,0.1011944585668604,0.1658267373204303,-0.0745547347023738,0.2338576973728796,0.1861826183791559,0.1285194482337528,37.55251783546883,-0.116965054228005,0.002727448968776,momentum_v1,
2026-08-04 00:00:00,AMD,Technology,100.0,100.0,518.5800170898438,-0.0606285145244437,0.5183580374644052,1.105737637930572,2.020268062358593,-0.107297100990173,2.431123588620057,0.8539561219562303,0.2971476001026638,48.35113445456636,0.4413296421155421,0.3636351494896108,momentum_v1,
2026-08-04 00:00:00,AMT,Real Estate,20.909090909090907,10.0,175.25,0.0810560689666013,-0.0218770700147656,0.0287311912480516,-0.1418205978735872,-0.1453664161393906,0.0810560689666013,0.2682107268486067,-0.2733188074710001,59.37676686464196,-0.0989054653636287,-0.0555843034941496,momentum_v1,
2026-08-04 00:00:00,AMZN,Consumer Discretionary,51.81818181818182,80.0,277.4200134277344,0.136222187363878,0.0197391136766094,0.1418340704709091,0.2918277691629074,-0.0232377150948336,0.3955431500438942,0.6285967484687794,-0.2825439833868909,61.48262066105503,-0.0572892816722536,0.0128948224704481,momentum_v1,
2026-08-04 00:00:00,APD,Materials,30.909090909090907,50.0,294.7099914550781,-0.0458136196580403,-0.0060642383159202,0.1011477547527979,0.0738739041285465,-0.0620007346986191,0.3025572229217694,0.1953454535598985,0.044445342279303,51.44229151005845,-0.0830926336647833,-0.0365564476095522,momentum_v1,
2026-08-04 00:00:00,AVB,Real Estate,48.18181818181818,50.0,189.25,-0.0262413477918762,0.047001619377353,0.1016595391122512,0.0668316341987189,-0.0319693094629156,0.2010629815194531,0.2304267974457762,0.3973461528954684,48.24206690034588,-0.03002677597151,0.013294385897969,momentum_v1,
2026-08-04 00:00:00,AVGO,Technology,50.0,60.0,418.1600036621094,0.1183739248144479,0.0055745849241899,0.2675558194266767,0.4593398272086701,-0.1302992272178159,0.454502463593829,0.4658959600975422,-0.3828940519770178,59.449195810039406,-0.0714538104246731,-0.1491483030506044,momentum_v1,
2026-08-04 00:00:00,AXP,Financials,47.27272727272727,30.0,346.7099914550781,-0.0261775899676257,0.0891233409696319,-0.0115404743581991,0.1908062489642934,-0.0918629075848238,0.1932738219026433,0.3163146129724234,0.6420413498772826,41.83942064555304,0.0120949456207688,-0.0369478553057949,momentum_v1,
2026-08-04 00:00:00,BA,Industrials,36.36363636363637,10.0,237.16000366210932,0.0111708469812235,0.0716674215618615,0.017766712358342,0.0687697619890144,-0.0594487035384536,0.324028640727406,0.4402431209729125,-0.1593572784760848,63.5419714445713,-0.0053609737870015,-0.0212007558791547,momentum_v1,
2026-08-04 00:00:00,BAC,Financials,91.81818181818184,100.0,62.900001525878906,0.0500834711782751,0.2114737522535781,0.1768322563156874,0.4075816797513674,0.0,0.4307698074687365,0.1954348486585526,0.919011627233617,58.81561673557592,0.134445356904715,0.0854025559781512,momentum_v1,
2026-08-04 00:00:00,BKNG,Consumer Discretionary,64.54545454545455,100.0,194.2700042724609,0.0731370799449966,0.1762192079998226,-0.0472806029910994,-0.0906873668350494,-0.1438676799748882,0.2635981656522492,0.4383818458398764,0.7377022687897477,60.98448869750534,0.0991908126509595,0.1693749167936613,momentum_v1,
2026-08-04 00:00:00,BLK,Financials,44.54545454545455,20.0,1131.1300048828125,0.1185905799036859,0.0810207602223542,0.0215928537361573,0.0577310613385178,-0.0442259489362905,0.2325323457343853,0.3533979045650084,0.0015867141413181,57.87123009425592,0.0039923648734911,-0.0450504360530725,momentum_v1,
2026-08-04 00:00:00,BMY,Health Care,90.0,90.0,65.88999938964844,0.1620811023465769,0.1612719227652261,0.2045239870015187,0.5612170080024643,0.0,0.5989770349417403,0.269366697144467,0.5033330371523759,87.0733912598908,0.0842435274163631,0.0363156703567921,momentum_v1,
2026-08-04 00:00:00,C,Financials,71.81818181818181,50.0,136.8699951171875,-0.0437517196913495,0.0950082150836968,0.1891646811708176,0.5320118903734823,-0.055633422987624,0.5320118903734823,0.3611068989415887,0.2352895771908022,54.63341184968412,0.0179798197348337,-0.03106298119173,momentum_v1,
2026-08-04 00:00:00,CAT,Industrials,69.0909090909091,60.0,876.5399780273438,-0.094599496751429,0.0038707223202356,0.2734480118622686,1.0630997255134575,-0.1753535569533786,1.1688373694892031,0.4473056404710099,-0.0099535355655915,43.818538547284064,-0.0731576730286274,-0.0889974551207806,momentum_v1,
2026-08-04 00:00:00,CL,Consumer Staples,56.36363636363636,70.0,92.52999877929688,-0.0035286223304353,0.0900838534890957,0.0190315811690979,0.1357184488421152,-0.055489125668991,0.256497622328357,0.2667599940698589,0.4987661809280047,54.40034204785443,0.0130554581402326,0.0610876042582255,momentum_v1,
2026-08-04 00:00:00,CMCSA,Communication Services,9.090909090909092,40.0,24.93000030517578,0.066296030797563,-0.0665062766302465,-0.1360760382636916,-0.1424066822269829,-0.212946161013253,0.1373175282119223,0.4259413440403186,-0.2488961005145664,59.30232930646189,-0.1435346719791096,-0.0340470016005702,momentum_v1,
2026-08-04 00:00:00,CMG,Consumer Discretionary,20.0,50.0,33.81999969482422,-0.0047086477212348,0.0575359655699114,-0.1217865185957832,-0.2046096112247555,-0.2320617849283427,0.200141920815116,0.6926789930731152,0.2482272896813194,47.405503089515925,-0.0194924297789516,0.0506916743637502,momentum_v1,
2026-08-04 00:00:00,COP,Energy,40.909090909090914,40.0,117.94000244140624,0.1386368059133036,-0.0487832177711879,0.1763546702064935,0.3135960384011866,-0.1119843208279014,0.4108355185270231,0.3196839101988034,-0.075635234452405,63.56783911570636,-0.125811613120051,-0.0412404181362203,momentum_v1,
2026-08-04 00:00:00,COST,Consumer Staples,16.363636363636363,30.0,947.8499755859376,-0.0009397728359074,-0.062631966237407,-0.0182013271019966,0.0009030932943325,-0.1324685861777282,0.1200392637541241,0.2339339884698311,-0.5696672396995949,62.75264403204196,-0.1396603615862701,-0.0916282154682772,momentum_v1,
2026-08-04 00:00:00,CRM,Technology,17.272727272727273,40.0,190.9900054931641,0.1529732117739455,0.0323644435764005,-0.0894082513076817,-0.2318477722413778,-0.2789623993292823,0.2722489455456776,0.5045421883594562,-0.0541386394253652,65.60427460587076,-0.0446639517724625,-0.1223584443983938,momentum_v1,
2026-08-04 00:00:00,CSCO,Technology,97.27272727272728,90.0,121.73999786376952,0.0680820694708628,0.3191776023526553,0.523531293263952,0.8515990803682194,-0.0600352123669301,0.877051390304745,0.364495761903123,0.0864490686053398,71.55210915085758,0.2421492070037922,0.1644547143778609,momentum_v1,
2026-08-04 00:00:00,CVX,Energy,52.72727272727272,50.0,190.3999938964844,0.1326590540349919,-0.0007077822087353,0.1148856152680235,0.3102674202439326,-0.0900122604966099,0.322136439482269,0.2574476908341958,-0.0004206283158865,62.19510957320204,-0.0777361775575984,0.0068350174262322,momentum_v1,
2026-08-04 00:00:00,D,Utilities,80.9090909090909,100.0,69.22000122070312,-0.0005775471310073,0.1106133869200873,0.1770477349677002,0.1964424814961485,-0.0344539145848391,0.2378797757142061,0.1376453461844899,0.7465331245546676,39.130459506488286,0.0335849915712243,0.1532774947680054,momentum_v1,
2026-08-04 00:00:00,DE,Industrials,58.18181818181818,20.0,617.3699951171875,-0.0281310928025709,0.0701606025406897,0.1663325636568569,0.2477610592570516,-0.0629585914368504,0.4186147686428465,0.3461995231262308,0.4136260138897287,59.02881950975851,-0.0068677928081732,-0.0227075749003264,momentum_v1,
2026-08-04 00:00:00,DHR,Health Care,35.45454545454545,20.0,194.77999877929688,0.0059911356851718,0.1214899030255034,-0.124518111596884,-0.0044296094072812,-0.1919019153385857,0.2055097730977699,0.5164056592781481,0.7212419876239533,45.11938257068743,0.0444615076766403,-0.0034663493829305,momentum_v1,
2026-08-04 00:00:00,DIS,Communication Services,18.181818181818183,60.0,98.18000030517578,0.0079046978145831,-0.0234695451766359,-0.0528261974413317,-0.145710034964508,-0.1654657060538168,0.0704642384569256,0.2503161132242161,-0.6600430156087539,52.54320877882123,-0.1004979405254989,0.0089897298530403,momentum_v1,
2026-08-04 00:00:00,DLR,Real Estate,40.0,20.0,193.88999938964844,0.1162349038349281,-0.0167611646050036,0.1901864964502178,0.1583963433884134,-0.0427996004802132,0.3284100687467257,0.4581803289900065,-0.134511915926293,65.99640308956252,-0.0937895599538667,-0.0504683980843876,momentum_v1,
2026-08-04 00:00:00,DOW,Materials,5.454545454545454,10.0,30.32999992370605,0.1097694843898553,-0.2449874282124245,0.0734523440814107,0.4647314634497266,-0.268249050686472,0.5293002669553377,0.4037536023569811,-0.737109570322944,53.96225564064909,-0.3220158235612876,-0.2754796375060565,momentum_v1,
2026-08-04 00:00:00,DUK,Utilities,33.63636363636363,70.0,124.2699966430664,-0.0134953128614984,-0.0165252898968959,0.0579245273092563,0.0463955753129972,-0.0608133977250999,0.1088719054579834,0.1791367020088091,0.362574463593531,49.77346406164741,-0.093553685245759,0.0261388179510221,momentum_v1,
2026-08-04 00:00:00,EA,Communication Services,62.727272727272734,90.0,209.6999969482422,0.0218799770356012,0.0400271500314703,0.0319100033909189,0.3402451273008173,-0.0010004607222304,0.3176798692262872,0.0384297063230496,0.9397098641180608,80.91575489792591,-0.0370012453173926,0.0724864250611466,momentum_v1,
2026-08-04 00:00:00,ECL,Materials,60.0,60.0,283.1400146484375,-0.0020442216613923,0.1108090425882495,0.0036051300845336,0.0963488291326999,-0.076787503444161,0.1553806601209559,0.2600257246306524,0.6521392421071257,61.60635873919958,0.0337806472393864,0.0803168332946175,momentum_v1,
2026-08-04 00:00:00,ED,Utilities,39.09090909090909,90.0,108.41000366210938,-0.0315347391665871,-0.0028451110272595,0.0451233589128816,0.0725079304888538,-0.0531951222096206,0.1624411867349899,0.1829566162467687,0.5311123060246681,43.615620548884976,-0.0798735063761226,0.0398189968206584,momentum_v1,
2026-08-04 00:00:00,EOG,Energy,70.9090909090909,70.0,143.52000427246094,0.1174366641777258,0.02100934794514,0.3440432655597778,0.2736632021778296,-0.034770314641582,0.4452419336994841,0.3541385501128448,0.1421376150979794,61.11792744242175,-0.0560190474037229,0.0285521475801077,momentum_v1,
2026-08-04 00:00:00,EQIX,Real Estate,55.45454545454545,70.0,1051.530029296875,0.0527511924079415,-0.0244360582937387,0.3111013734691943,0.3935155298774933,-0.0577180811614368,0.4633038607501345,0.337643468610638,-0.2902699333188988,55.35404783592502,-0.1014644536426018,-0.0581432917731227,momentum_v1,
2026-08-04 00:00:00,EQR,Real Estate,54.54545454545454,60.0,67.69000244140625,-0.0320320013441175,0.0483313394125761,0.1235422134807251,0.1273821306354563,-0.0350676982318403,0.1938847790140894,0.2117162499187764,0.5075703081387071,47.076926929237615,-0.0286970559362869,0.0146241059331921,momentum_v1,
2026-08-04 00:00:00,ETN,Industrials,59.09090909090909,30.0,444.7699890136719,0.0758308126546889,0.0557690950819471,0.2446856136563169,0.180024500476893,0.0,0.4165973801028169,0.5556236814058401,0.020241483183355,59.29832867391437,-0.0212593002669159,-0.0370990823590691,momentum_v1,
2026-08-04 00:00:00,EXC,Utilities,38.18181818181819,80.0,45.84000015258789,-0.025717302956289,-0.0072710630048918,0.0627943557284915,0.063218639459863,-0.0799145692125591,0.1016800585573576,0.212390783439821,0.5538100169131226,50.76921993457493,-0.0842994583537549,0.0353930448430261,momentum_v1,
2026-08-04 00:00:00,FCX,Materials,92.72727272727272,90.0,67.30000305175781,0.1059566269319991,0.2140247053585622,0.1127700135079288,0.69931273463651,-0.0593508743381387,0.9248298836185636,0.5276652488133825,-0.0320960681352394,63.531427952614905,0.1369963100096991,0.1835324960649302,momentum_v1,
2026-08-04 00:00:00,GE,Industrials,95.45454545454544,100.0,377.2799987792969,-0.0036970368743062,0.3466073969828884,0.2254236498515143,0.4076619683156497,-0.0036970368743062,0.4259239800852714,0.3313094775344124,0.7094837656061938,59.58121621388232,0.2695790016340254,0.2537392195418722,momentum_v1,
2026-08-04 00:00:00,GOOGL,Communication Services,65.45454545454545,100.0,377.6499938964844,0.0305354000500159,-0.014023285614611,0.1002402956845198,1.0024709607498323,-0.0614585606245559,0.9454837527537804,0.4778537607128703,-0.6281428110815486,52.59384162567231,-0.0910516809634741,0.0184359894150651,momentum_v1,
2026-08-04 00:00:00,GS,Financials,82.72727272727273,70.0,1052.97998046875,-0.0021890271946489,0.1708798805286109,0.1234840199077549,0.5138421773463819,-0.0860103730155374,0.5003518673319272,0.4995238648298964,0.4201162325180236,35.549067604254745,0.0938514851797478,0.044808684253184,momentum_v1,
2026-08-04 00:00:00,HD,Consumer Discretionary,50.90909090909091,70.0,348.239990234375,-0.0068729607986841,0.123013859435789,-0.0659111745599329,-0.0432510085116251,-0.1604505190786969,0.1792948286677766,0.2857859046810099,0.5983399209020479,54.33451528641159,0.0459854640869259,0.1161695682296277,momentum_v1,
2026-08-04 00:00:00,HON,Industrials,67.27272727272727,40.0,248.7899932861328,0.0761744146045058,0.138055147094493,0.0533889672457537,0.1813268967889707,-0.0383608744830615,0.2741000980461643,0.2924934191883969,0.0670835066108013,77.80156524280815,0.0610267517456299,0.0451869696534767,momentum_v1,
2026-08-04 00:00:00,JNJ,Health Care,84.54545454545455,70.0,254.92999267578125,-0.0169667764019193,0.1436044238841225,0.1170492998004204,0.5615829711282125,-0.0460634561010036,0.5317410721816742,0.2616090466478351,0.804964039845958,59.405462033168746,0.0665760285352594,0.0186481714756885,momentum_v1,
2026-08-04 00:00:00,JPM,Financials,85.45454545454545,80.0,357.5199890136719,0.0586284132458867,0.1673349698640793,0.171443247591061,0.2591477311627594,0.0,0.2762286593755385,0.2272253912733838,0.8839604098462079,60.223532815944175,0.0903065745152162,0.0412637735886525,momentum_v1,
2026-08-04 00:00:00,KMB,Consumer Staples,76.36363636363637,90.0,111.56999969482422,-0.0127422565630108,0.182461645021589,0.1507483399819043,-0.1041598847342044,-0.1443111863572908,0.2155018701687308,0.306896164989802,0.7792444771176019,61.65587482713001,0.1054332496727259,0.1534653957907188,momentum_v1,
2026-08-04 00:00:00,KO,Consumer Staples,79.0909090909091,100.0,86.55999755859375,0.0433943890290482,0.1141942910072566,0.1644481383708902,0.2926435613986755,-0.0282892256473037,0.3451194983541077,0.2929831520009362,0.6161640279281406,61.27262241760008,0.0371658956583935,0.0851980417763864,momentum_v1,
2026-08-04 00:00:00,LIN,Materials,23.63636363636364,40.0,484.6400146484375,-0.1033819338112079,-0.0149477107390761,0.0600781420167171,0.0691185678844557,-0.1134201637980605,0.252775057281619,0.249427842500651,0.0367514327833,32.164876730884004,-0.0919761060879392,-0.0454399200327081,momentum_v1,
2026-08-04 00:00:00,LLY,Health Care,77.27272727272727,40.0,1115.6800537109375,-0.0703131516448355,0.1546295623110982,0.0721517652409435,0.4738661380112254,-0.0970248301966426,0.7958480921725739,0.3049187292015912,0.6819080871602891,42.071030811848246,0.0776011669622351,0.0296733099026642,momentum_v1,
2026-08-04 00:00:00,LMT,Industrials,68.18181818181817,50.0,589.3300170898438,0.0954089536985942,0.1448191140880013,-0.0623989930646962,0.4375551752248641,-0.1234105342170177,0.4284283724518591,0.4078499133271197,0.2790391109589475,81.04834974251033,0.0677907187391382,0.051950936646985,momentum_v1,
2026-08-04 00:00:00,LOW,Consumer Discretionary,14.545454545454543,40.0,218.0800018310547,-0.0194487116693299,-0.0191857358177267,-0.1805505848545016,-0.0169604199778067,-0.2328158720431767,0.0800317145832598,0.3379872911458361,-0.2339360095198247,58.01336381441805,-0.0962141311665898,-0.026030027023888,momentum_v1,
2026-08-04 00:00:00,MCD,Consumer Discretionary,10.0,30.0,268.3399963378906,-0.0399284567517329,-0.0490675731400588,-0.1471162024608506,-0.0925718667263159,-0.2034565575453065,0.0210807032049265,0.2196902189000593,-0.322506633344189,53.79277943677995,-0.1260959684889219,-0.05591186434622,momentum_v1,
2026-08-04 00:00:00,MDLZ,Consumer Staples,34.54545454545455,60.0,62.08000183105469,0.0491803912820916,0.0198821845215977,0.0758623826445685,0.0047943196727637,-0.0447760598302328,0.2258272558196081,0.3163940736463438,-0.0017198075578453,61.4911139963429,-0.0571462108272653,-0.0091140647092724,momentum_v1,
2026-08-04 00:00:00,META,Communication Services,7.272727272727272,30.0,587.9400024414062,-0.0205733496110024,-0.0359186232328702,-0.1662224323417591,-0.2135211884434228,-0.253332900294518,0.119388594629896,0.5372073311385264,-0.0012263482900543,26.15556598838716,-0.1129470185817332,-0.0034593482031939,momentum_v1,
2026-08-04 00:00:00,MO,Consumer Staples,25.454545454545453,40.0,68.06999969482422,-0.0530049764075718,-0.0588752097656795,0.1288065287565034,0.1765492988299348,-0.0914308414513609,0.2837285961506435,0.4013187471488298,0.0954239692479694,42.95573020634902,-0.1359036051145425,-0.0878714589965496,momentum_v1,
2026-08-04 00:00:00,MPC,Energy,98.1818181818182,90.0,312.6099853515625,0.1621621498970304,0.2425876128488817,0.7826899750267571,0.9255003317687882,-0.0223605960585979,1.0097615719281725,0.3284202105395816,0.6997186232623015,60.18193916666512,0.1655592175000186,0.2501304124838494,momentum_v1,
2026-08-04 00:00:00,MRK,Health Care,87.27272727272727,80.0,128.0,0.0096229786437129,0.1397795960814967,0.1455883603111354,0.668297056269721,-0.0289789645878506,0.6879563545602405,0.2591572370339227,0.7932312635179791,60.76505557958574,0.0627512007326336,0.0148233436730627,momentum_v1,
2026-08-04 00:00:00,MS,Financials,88.18181818181819,90.0,217.0399932861328,-0.0174032492715459,0.1607613958188889,0.185345925304188,0.5958024498555088,-0.0451334976654868,0.5802373633464306,0.3362572390876258,0.4952620079987707,40.757715558908565,0.0837330004700258,0.034690199543462,momentum_v1,
2026-08-04 00:00:00,MSFT,Technology,73.63636363636363,80.0,492.80999755859375,0.2742669752355773,0.1940365010653488,0.1692009590281478,-0.0522098144928971,-0.0851160986704143,0.3967350177524036,0.5977196975378128,-0.0230244145072313,80.60208299057604,0.1170081057164857,0.0393136130905544,momentum_v1,
2026-08-04 00:00:00,NEE,Utilities,24.545454545454547,30.0,87.19999694824219,-0.0027448019952297,-0.0803194583437704,0.0244136174180855,0.2745028793595034,-0.1025879154607058,0.2761429202431191,0.1374413116174347,-0.0875833778418953,38.581700239427725,-0.1573478536926335,-0.0376553504958523,momentum_v1,
2026-08-04 00:00:00,NEM,Materials,15.454545454545451,20.0,97.7300033569336,-0.0047860855999446,-0.0957426584713361,-0.1302042687913863,0.5780334740275239,-0.2561087774942026,0.5097693811517188,0.3896683655779019,-0.766337237950223,54.496792498039554,-0.1727710538201992,-0.126234867764968,momentum_v1,
2026-08-04 00:00:00,NFLX,Communication Services,1.818181818181818,10.0,73.56999969482422,-0.0322283222366551,-0.1917160798925548,-0.1110440092338165,-0.3650095001962992,-0.4176132873767867,0.0883136295186246,0.3415960396369484,-0.8375620698688941,49.68589193357937,-0.2687444752414178,-0.1592568048628785,momentum_v1,
2026-08-04 00:00:00,NKE,Consumer Discretionary,3.636363636363636,20.0,41.52999877929688,-0.0417628372616177,-0.027579212773297,-0.3216510882560045,-0.4281744636095742,-0.4610380262147194,0.0191410743385735,0.3202513559148511,-0.0611972739273032,44.44443684847209,-0.10460760812216,-0.0344235039794582,momentum_v1,
2026-08-04 00:00:00,NUE,Materials,96.36363636363636,100.0,274.0400085449219,0.2238299874322147,0.2165672205141322,0.5232647177367371,1.0026849681925274,0.0,1.0988757720981073,0.3731481196762397,0.0652342069136922,76.35796928073572,0.1395388251652691,0.1860750112205003,momentum_v1,
2026-08-04 00:00:00,NVDA,Technology,49.09090909090909,50.0,211.94000244140625,0.0838148766753552,0.0690599965733924,0.1432492636007005,0.2216341032726165,-0.0999108834205836,0.284658314203319,0.4309977831323109,-0.3467273018755542,49.56195444230714,-0.0079683987754706,-0.0856628914014019,momentum_v1,
2026-08-04 00:00:00,O,Real Estate,41.81818181818181,30.0,62.900001525878906,-0.0003847784856265,0.0042286496495065,0.0662287045025384,0.1728484351524957,-0.0485913271910428,0.1661512920528676,0.1908941916405565,0.503433630156116,49.360519480519486,-0.0727997456993565,-0.0294785838298774,momentum_v1,
2026-08-04 00:00:00,ORCL,Technology,0.9090909090909092,10.0,145.74000549316406,0.0172998826686117,-0.1888233764394002,-0.0831074913244701,-0.396935217501223,-0.5510580753421277,0.2674146291038681,0.6944167594991159,-0.7139495556365401,59.68142083484684,-0.2658517717882633,-0.3435462644141946,momentum_v1,
2026-08-04 00:00:00,OXY,Energy,37.27272727272727,30.0,55.09000015258789,0.1286621307643172,-0.0817246228057647,0.2695716180955485,0.2953065841679889,-0.1644858406179564,0.4287574387279138,0.3977701361437167,-0.1066410407954375,55.06912752936324,-0.1587530181546278,-0.0741818231707971,momentum_v1,
2026-08-04 00:00:00,PEP,Consumer Staples,8.181818181818182,20.0,139.10000610351562,-0.0292413104818163,-0.0907335606950437,-0.0862158299169389,0.0382490285269518,-0.1681664547098442,0.0369833032644972,0.2545309664925562,-0.6311537174193472,58.07863142618409,-0.1677619560439068,-0.1197298099259139,momentum_v1,
2026-08-04 00:00:00,PFE,Health Care,26.36363636363636,10.0,25.40999984741211,0.0899882550699358,-0.0007111653713395,-0.0142049881731159,0.1576014594537997,-0.0794642603577526,0.1556335992710624,0.1642259583472277,-0.2672471256607701,68.29188447989392,-0.0777395607202026,-0.1256674177797735,momentum_v1,
2026-08-04 00:00:00,PG,Consumer Staples,32.72727272727273,50.0,148.00999450683594,-0.0013067460817951,0.0397077965787766,-0.0192719466596242,0.0113673721261866,-0.1014489115377682,0.0960910837467035,0.2285274237473684,0.2941100891420625,52.4094177063732,-0.0373205987700864,0.0107115473479064,momentum_v1,
2026-08-04 00:00:00,PLD,Real Estate,45.45454545454545,40.0,139.0500030517578,-0.0082025244045399,0.0093628322916587,0.088725884718565,0.3683603254262189,-0.0733706163265588,0.3792723962713191,0.2926883129014343,0.0826111555295686,42.68498264678207,-0.0676655630572042,-0.0243444011877251,momentum_v1,
2026-08-04 00:00:00,PM,Consumer Staples,66.36363636363637,80.0,186.91000366210932,0.0116367678025335,0.1138931764740973,0.0566964423970353,0.1885075453471814,-0.0662436660245376,0.3294270292093713,0.3491977313779856,0.2914762182637093,56.17954265548544,0.0368647811252342,0.0848969272432271,momentum_v1,
2026-08-04 00:00:00,PPG,Materials,63.63636363636363,70.0,117.8000030517578,-0.050306335196007,0.139200868137842,0.0239520831009476,0.1579713282836006,-0.0935735538711568,0.2656516609899182,0.4110560136368905,0.3691020687030049,53.76019978819281,0.0621724727889789,0.1087086588442101,momentum_v1,
2026-08-04 00:00:00,PSA,Real Estate,80.0,90.0,326.489990234375,0.0076851550443672,0.1156655743004555,0.2246688299564698,0.2192576726822912,-0.0120434864636022,0.288025169552258,0.2706041427716244,0.5796183716842173,58.76763314006282,0.0386371789515924,0.0819583408210715,momentum_v1,
2026-08-04 00:00:00,PSX,Energy,94.54545454545456,80.0,205.88999938964844,0.1610556435103596,0.1620147319471299,0.4699781211608127,0.7805009698388976,-0.0300560830753241,0.7990023976108953,0.3329200664883198,0.573676876062955,63.42068941132199,0.0849863365982668,0.1695575315820975,momentum_v1,
2026-08-04 00:00:00,QCOM,Technology,12.727272727272728,30.0,162.6699981689453,-0.1276812425145156,-0.0303432355451825,0.0766549262880962,0.120848863090363,-0.3495705084284556,0.3159571988131779,0.4701765358156571,-0.576900954266016,38.13729653755608,-0.1073716308940456,-0.1850661235199769,momentum_v1,
2026-08-04 00:00:00,RTX,Industrials,93.63636363636364,90.0,217.92999267578125,0.0822366686206483,0.2656899000989883,0.0918724108925019,0.4119204368352085,-0.0029737814522292,0.4526024115893634,0.3144467867439875,0.8457086228180493,79.99454272024215,0.1886615047501252,0.172821722657972,momentum_v1,
2026-08-04 00:00:00,SBUX,Consumer Discretionary,53.63636363636364,90.0,104.97000122070312,0.0280090157012653,0.0058611878416687,0.1589722664648596,0.2403879952727128,-0.0313740097786067,0.3641840205996465,0.2236677694683704,0.034443631267493,49.56896754219889,-0.0711672075071943,-0.0009831033644924,momentum_v1,
2026-08-04 00:00:00,SCHW,Financials,74.54545454545455,60.0,106.3499984741211,0.0569468850241479,0.1667206524224622,0.0182755514569854,0.127384656544756,-0.0011002617654163,0.2460456985991324,0.186894465288858,0.7354633300419868,62.29279992244157,0.0896922570735991,0.0406494561470354,momentum_v1,
2026-08-04 00:00:00,SHW,Materials,70.0,80.0,361.5700073242188,0.0356314331836984,0.1675336505639042,0.0195002146057914,0.0627144468984339,-0.0295069253320998,0.2340273287515999,0.4419165646546409,0.5058253952489685,62.60547734633147,0.0905052552150411,0.1370414412702723,momentum_v1,
2026-08-04 00:00:00,SLB,Energy,29.09090909090909,20.0,50.810001373291016,0.1113298341357658,-0.0818551169400172,0.0692529090189078,0.579361088288761,-0.1241164826162314,0.6325187717075398,0.4505920514368564,-0.5409687304723857,61.59318802021411,-0.1588835122888803,-0.0743123173050496,momentum_v1,
2026-08-04 00:00:00,SO,Utilities,31.818181818181817,60.0,93.25,-0.0285446184472071,-0.0205012163531459,0.0745051635301017,0.0137669501130637,-0.051335972809412,0.1270292233613905,0.1754512487974723,0.3625573377345932,44.68922670588412,-0.097529611702009,0.0221628914947721,momentum_v1,
2026-08-04 00:00:00,SPG,Real Estate,89.0909090909091,100.0,225.8999938964844,0.0039999728732638,0.1333348490823096,0.2081054454085351,0.4727575923767397,-0.0456273899070619,0.4434711288360438,0.2267574356217365,0.8796460821982879,55.98645542006278,0.0563064537334465,0.0996276156029256,momentum_v1,
2026-08-04 00:00:00,SPGI,Financials,13.636363636363637,10.0,412.5299987792969,-0.0775680925421909,0.0289798974992296,-0.1697775633913073,-0.1941838790076105,-0.2205945878252591,0.1210849204359447,0.2985856586720013,0.4213464221926302,34.93634328869315,-0.0480484978496333,-0.0970912987761971,momentum_v1,
2026-08-04 00:00:00,SRE,Utilities,19.090909090909093,10.0,86.6500015258789,-0.0677783284476204,-0.0753416465877676,0.0192258886893044,0.1011210845588788,-0.1251202369620457,0.1227523602744138,0.1871991719322131,0.0083891942042727,28.24702310528388,-0.1523700419366307,-0.0326775387398495,momentum_v1,
2026-08-04 00:00:00,T,Communication Services,10.909090909090908,50.0,23.3799991607666,0.1512659287130744,-0.0922202161827424,-0.0896947351449997,-0.1177483268110127,-0.1772842766588964,0.1568874465636265,0.3106397186042817,-0.2830939999901479,66.89771895231468,-0.1692486115316055,-0.0597609411530661,momentum_v1,
2026-08-04 00:00:00,TJX,Consumer Discretionary,46.36363636363636,60.0,157.5500030517578,0.0412398757111054,0.0221549466257204,0.0555565892259017,0.2656824564435798,-0.0644854840816974,0.2384561298630516,0.1889795722340903,0.0138068009939338,65.68160908254512,-0.0548734487231425,0.0153106554195592,momentum_v1,
2026-08-04 00:00:00,TMO,Health Care,81.81818181818183,50.0,564.75,0.0910935599652751,0.2220408805295175,-0.0273218000645447,0.2241033770694669,-0.1150598785128541,0.2896749707874499,0.3651891267607458,0.8306935143443798,62.42619682528567,0.1450124851806544,0.0970846281210835,momentum_v1,
2026-08-04 00:00:00,TMUS,Communication Services,4.545454545454546,20.0,177.2100067138672,-0.025193832121754,-0.0835741321792138,-0.0818594582595005,-0.2388308982234984,-0.3029254044318147,0.0565194731282738,0.5313493073973583,-0.2359396225101052,42.152880961894894,-0.1606025275280769,-0.0511148571495375,momentum_v1,
2026-08-04 00:00:00,TSLA,Consumer Discretionary,2.727272727272727,10.0,327.3500061035156,-0.2201681523905848,-0.1660085145370372,-0.223939669523733,0.0816839071534742,-0.3317751228041584,0.0973116052110665,0.6089463173956181,-0.5692813219319441,26.68010042871813,-0.2430369098859003,-0.1728528057431985,momentum_v1,
2026-08-04 00:00:00,UNH,Health Care,90.9090909090909,100.0,407.5499877929688,-0.0249766805074742,0.1055365995783188,0.4463537683117364,0.7599568056303445,-0.0660021036042214,0.7365131573600694,0.2589234336828926,0.7260227746030561,43.28887816830332,0.0285082042294557,-0.0194196528301151,momentum_v1,
2026-08-04 00:00:00,UNP,Industrials,86.36363636363636,80.0,296.3500061035156,0.0486924871507916,0.1308973172449317,0.2729941255028554,0.3813997765758579,-0.0356956949084343,0.4015079478534622,0.2621283042346004,0.6599356160809609,56.25294655152567,0.0538689218960686,0.0380291398039154,momentum_v1,
2026-08-04 00:00:00,UPS,Industrials,75.45454545454545,70.0,109.11000061035156,-0.008271187606623,0.152001336525464,0.0201913666778925,0.3800425111964132,-0.0731396578412313,0.3859544305573767,0.3712332090169332,0.5748149877135766,44.080366437446735,0.0749729411766009,0.0591331590844477,momentum_v1,
2026-08-04 00:00:00,VLO,Energy,99.0909090909091,100.0,308.7300109863281,0.1465045571348042,0.2375138833170771,0.7384313749413267,1.3672900758803743,-0.0154918606640511,1.392621104024686,0.3851926012109339,0.7500962099476706,63.33586876108461,0.160485487968214,0.2450566829520447,momentum_v1,
2026-08-04 00:00:00,VMC,Materials,21.818181818181817,30.0,285.1000061035156,-0.064755250201797,-0.0071361289991405,-0.0644351218892765,0.0444930693649361,-0.1336742629168184,0.1114574922242708,0.3659290733048264,0.0809793338089934,47.32418390042467,-0.0841645243480035,-0.0376283382927724,momentum_v1,
2026-08-04 00:00:00,VZ,Communication Services,43.63636363636363,80.0,46.880001068115234,0.1333294354697776,0.0022948864680401,0.0848755717433833,0.1679646310217584,-0.0580712832448006,0.2821865918748631,0.2840211714450086,-0.1508307315553069,68.62925315098587,-0.0747335088808229,0.0347541614977163,momentum_v1,
2026-08-04 00:00:00,WBD,Communication Services,42.72727272727273,70.0,25.790000915527344,-0.0126339936103823,-0.0433975596690269,-0.0628633544135089,1.0038850928402328,-0.1397597962203449,1.3923934651544825,0.2382511591780911,-0.4897398201575559,32.12560675809655,-0.12042595501789,-0.0109382846393506,momentum_v1,
2026-08-04 00:00:00,WEC,Utilities,22.727272727272727,20.0,109.25,-0.0632770078643013,-0.0537110061647887,0.0116035879828726,0.0243736649073722,-0.0807740731794072,0.073777785776337,0.1690022202577626,0.0754947444259436,37.31240053416212,-0.1307394015136518,-0.0110468983168706,momentum_v1,
2026-08-04 00:00:00,WELL,Real Estate,78.18181818181819,80.0,231.57000732421875,-0.0048132498407168,0.0700956157954646,0.2441179081840567,0.4144070676307441,-0.0813266132595949,0.446105407654457,0.2318244550754301,0.5894757080863013,47.94946919883387,-0.0069327795533984,0.0363883823160806,momentum_v1,
2026-08-04 00:00:00,WFC,Financials,60.909090909090914,40.0,88.38999938964844,0.0107490277210942,0.1226994043385181,-0.031838682315975,0.1613458694295424,-0.0732207696005926,0.2038954180611112,0.2498281868728278,0.8017719218849676,53.08555050792288,0.045671008989655,-0.0033717919369087,momentum_v1,
2026-08-04 00:00:00,WMB,Energy,27.27272727272727,10.0,71.51000213623047,-0.0179895298555852,-0.0447147411770005,0.0937020781247193,0.2241311216945507,-0.0927195678100953,0.3053499597551312,0.2691034178515772,-0.0500172417286539,39.66886631505981,-0.1217431365258636,-0.0371719415420329,momentum_v1,
2026-08-04 00:00:00,WMT,Consumer Staples,6.363636363636363,10.0,111.5500030517578,0.0081337687615703,-0.1424623561795267,-0.0972734427436806,0.1420717225767824,-0.168777901725437,0.168355475973333,0.214169643093371,-0.7392092903078225,47.46640146560144,-0.2194907515283898,-0.1714586054103969,momentum_v1,
2026-08-04 00:00:00,XEL,Utilities,28.18181818181818,40.0,77.75,-0.0325992616280388,-0.0349095954107566,0.0592672559402902,0.0908851127018557,-0.0595231690121412,0.1170361348109867,0.159272878501291,0.0257680893562347,41.74008977140389,-0.1119379907596197,0.0077545124371614,momentum_v1,
2026-08-04 00:00:00,XOM,Energy,57.27272727272727,60.0,153.9600067138672,0.1284081204849352,0.0085562002989907,0.1274435486159826,0.4489936346473249,-0.0960225764932898,0.5011590926115852,0.265743687547494,-0.0091962531646602,70.30512306691567,-0.0684721950498723,0.0160989999339583,momentum_v1,
2026-08-05 00:00:00,AAPL,Technology,71.81818181818181,70.0,311.0,0.0010944322857229,0.0953850506248281,0.1562185654416308,0.5354502804110626,-0.0855092558235156,0.5387039800272007,0.3671317985264202,0.3418266307934597,35.64238957047003,0.029061344995275,-0.0283949490062294,momentum_v1,
2026-08-05 00:00:00,ABBV,Health Care,82.72727272727273,60.0,246.1999969482422,-0.0263010949445811,0.203010119399867,0.1079032996985891,0.2872754662524823,-0.0649448979776337,0.2931116063263956,0.2560886123174572,0.8677687394515614,40.59267843484491,0.1366864137703138,0.0682269645069486,momentum_v1,
2026-08-05 00:00:00,ABT,Health Care,66.36363636363637,30.0,105.70999908447266,0.1108509843558622,0.2213371927798098,-0.0173190900279059,-0.1676028487072589,-0.2083635909052109,0.289534345866369,0.448433131741978,0.8200367046912957,68.1434389469834,0.1550134871502566,0.0865540378868914,momentum_v1,
2026-08-05 00:00:00,ADBE,Technology,17.272727272727273,30.0,259.32000732421875,0.170533606495558,0.0144746587814266,-0.0463721755275344,-0.2347056141265088,-0.2942904986816216,0.3407786692215533,0.5533744718371887,-0.048583988842427,61.4083470773107,-0.0518490468481265,-0.1093053408496309,momentum_v1,
2026-08-05 00:00:00,AEP,Utilities,22.727272727272727,40.0,126.47000122070312,-0.0804188006744799,-0.0704284367314286,0.0640234738038232,0.1345657407013858,-0.0881101810194706,0.215784784358088,0.1832042522719788,0.1293963355922918,31.417414420566644,-0.1367521423609817,-0.0179977934970507,momentum_v1,
2026-08-05 00:00:00,AMD,Technology,100.0,100.0,482.0499877929688,-0.0659936806597393,0.3568934710973821,0.9910370764435016,1.72683556466583,-0.1701812499730762,2.18942695341829,0.8591419570109133,0.2405554490058946,47.12524603076557,0.290569765467829,0.2331134714663245,momentum_v1,
2026-08-05 00:00:00,AMT,Real Estate,15.454545454545451,10.0,168.07000732421875,0.0170650972721255,-0.0474155395486096,-0.0101677953583019,-0.1803807549273841,-0.1761256279772,0.0367652007367065,0.3033705366227914,-0.2927994078531731,48.99266283129286,-0.1137392451781628,-0.0797018059062996,momentum_v1,
2026-08-05 00:00:00,AMZN,Consumer Discretionary,44.54545454545455,60.0,272.6499938964844,0.1084234435002042,-0.0032900527751641,0.1426116816513409,0.2882116785216371,-0.0400323764417869,0.3715478801995808,0.6340484970230054,-0.2052825641827167,61.67179022814781,-0.0696137584047172,-0.0101200122426748,momentum_v1,
2026-08-05 00:00:00,APD,Materials,30.909090909090907,50.0,295.0899963378906,-0.0326503584777645,-0.0230542612303695,0.0749201828457595,0.053826685859565,-0.0607912599226565,0.3042367659274514,0.1920758380359009,0.0674594687936603,46.57745612269315,-0.0893779668599227,-0.0484147932397182,momentum_v1,
2026-08-05 00:00:00,AVB,Real Estate,47.27272727272727,50.0,189.6100006103516,-0.0295818557620769,0.0330814703411477,0.1102780689568412,0.0789225362250511,-0.0301278741158488,0.2033477022931265,0.229505832455644,0.3994547323512036,38.0913861560247,-0.0332422352884054,0.0007952039834577,momentum_v1,
2026-08-05 00:00:00,AVGO,Technology,51.81818181818182,50.0,418.2799987792969,0.128108312628465,-0.0196976684506298,0.3105885237294259,0.4152382580865195,-0.1300496580451688,0.4549196929108883,0.4635596557360452,-0.3275803093095129,70.54851808749632,-0.0860213740801829,-0.1434776680816873,momentum_v1,
2026-08-05 00:00:00,AXP,Financials,56.36363636363636,30.0,348.989990234375,-0.001687729162289,0.1075970865064819,0.0040660635675611,0.1812951796930144,-0.0858909093350731,0.2011209071449426,0.3110718542850344,0.6470018725841327,41.14332269672075,0.0412733808769287,-0.0205900202250863,momentum_v1,
2026-08-05 00:00:00,BA,Industrials,39.09090909090909,10.0,240.19000244140625,0.0367317422075981,0.0704608129715074,0.0301951907751176,0.080282479074925,-0.0474320513368248,0.3409446683172601,0.4393910377215755,-0.0991731649274383,68.58376034548274,0.0041371073419542,-0.0130522166786732,momentum_v1,
2026-08-05 00:00:00,BAC,Financials,90.9090909090909,100.0,63.25,0.0566321308901258,0.1968869664005434,0.1742525462569841,0.4095486362309406,0.0,0.4387311307959951,0.1953936566558934,0.9328863988926522,61.45831625909529,0.1305632607709903,0.0686998596689751,momentum_v1,
2026-08-05 00:00:00,BKNG,Consumer Discretionary,88.18181818181819,100.0,207.0200042724609,0.1377851483633176,0.2380864210824864,0.11964485985936,-0.0468989410013991,-0.0876795144211691,0.3465285010501469,0.4880999668182293,0.7598774004510117,67.7434725479498,0.1717627154529333,0.2312564616149757,momentum_v1,
2026-08-05 00:00:00,BLK,Financials,52.72727272727272,20.0,1133.5799560546875,0.1229901670048574,0.0868118879923169,0.0712415936204609,0.0369801649893217,-0.0421558069134079,0.2352019275258423,0.3526309228198537,0.0093835890746613,59.86764204120369,0.0204881823627638,-0.0413752187392513,momentum_v1,
2026-08-05 00:00:00,BMY,Health Care,80.0,40.0,63.630001068115234,0.0976367039542294,0.1299082442774772,0.1611317458294312,0.4688138359709108,-0.0342995650700864,0.5441328180861822,0.2993067918300143,0.5320835709780016,65.38461827848174,0.0635845386479241,-0.004874910615441,momentum_v1,
2026-08-05 00:00:00,C,Financials,68.18181818181817,50.0,137.63999938964844,-0.0172637358375288,0.0806952894846071,0.1808189306466587,0.526409122064418,-0.0503205982268264,0.5406305630975565,0.3547212954979768,0.2336438401065989,62.52332051718823,0.0143715838550539,-0.0474918172469611,momentum_v1,
2026-08-05 00:00:00,CAT,Industrials,62.727272727272734,40.0,871.0800170898438,-0.0717185478072159,-0.0352580482054111,0.2439462131211898,1.026564717721652,-0.1804902734513709,1.155327697809594,0.4370311735224541,-0.0153987451621855,49.14164283416592,-0.1015817538349642,-0.1187710778555918,momentum_v1,
2026-08-05 00:00:00,CL,Consumer Staples,57.27272727272727,70.0,93.27999877929688,-0.0127879625075051,0.0866993762124535,0.0133955176314002,0.1469841794295716,-0.0478333380709086,0.2666822691671693,0.2608473909576867,0.4927456337916798,49.21350025488418,0.0203756705829003,0.0645476469566235,momentum_v1,
2026-08-05 00:00:00,CMCSA,Communication Services,10.909090909090908,50.0,24.75,0.057240502405899,-0.0518812256214004,-0.1472132299466632,-0.1496446773956997,-0.2186288697767171,0.129105835486134,0.427491484492705,-0.1810191126743207,54.4459621478678,-0.1182049312509535,-0.0132099142376825,momentum_v1,
2026-08-05 00:00:00,CMG,Consumer Discretionary,21.818181818181817,50.0,34.5,0.0043668568425676,0.0677808274102811,-0.1192238546655785,-0.1954291245189927,-0.2166212696912953,0.2242725204535727,0.6951239385100868,0.2613893945465185,50.9457737767525,0.0014571217807279,0.0609508679427703,momentum_v1,
2026-08-05 00:00:00,COP,Energy,35.45454545454545,40.0,115.04000091552734,0.0608631346876564,-0.0602096872578813,0.1133051819686552,0.2800542327551614,-0.133819548666589,0.3761447853423669,0.3008834874862342,-0.0566236266575042,54.33071481071755,-0.1265333928874344,-0.0311652447063554,momentum_v1,
2026-08-05 00:00:00,COST,Consumer Staples,14.545454545454543,30.0,941.989990234375,-0.0042346707229625,-0.0717540999086403,-0.0338097873689191,-0.0082522248929041,-0.1378320102511172,0.1131147357720279,0.2347330669932381,-0.5591733398823415,49.01316837758427,-0.1380778055381935,-0.0939058291644703,momentum_v1,
2026-08-05 00:00:00,CRM,Technology,20.0,40.0,192.97999572753903,0.1383906964594696,0.034697370455607,-0.012313113109736,-0.2287042939671448,-0.2714496617897085,0.2855049427419309,0.5013256279246587,-0.0241226827054973,63.86991617671927,-0.031626335173946,-0.0890826291754505,momentum_v1,
2026-08-05 00:00:00,CSCO,Technology,98.1818181818182,90.0,121.5,0.0868592808386314,0.2932610818364491,0.4753382409220863,0.8107144416468979,-0.0618882561077633,0.8733509768682106,0.3558122650193684,0.0641259778253021,77.8457182434445,0.226937376206896,0.1694810822053916,momentum_v1,
2026-08-05 00:00:00,CVX,Energy,41.81818181818181,50.0,186.41000366210935,0.0712603272611809,-0.0234771093288067,0.0669378137521703,0.2858672828775905,-0.1090818104462465,0.2944299707262161,0.2508747446335059,0.0001905607077704,53.372129391040446,-0.0898008149583599,0.0055673332227191,momentum_v1,
2026-08-05 00:00:00,D,Utilities,72.72727272727273,100.0,68.2699966430664,-0.0223400422036723,0.0946752619833641,0.1344364535512003,0.1661235225348016,-0.0477054774985548,0.2208905900344364,0.1420617224087459,0.709129607140945,29.34784511632492,0.028351556353811,0.147105905217742,momentum_v1,
2026-08-05 00:00:00,DE,Industrials,58.18181818181818,20.0,612.0,0.0138997280562727,0.0656424377653941,0.1291392119319525,0.2136989670675932,-0.0711091459315363,0.4062754025560056,0.2995414214714952,0.4264452918008997,54.33380998665857,-0.000681267864159,-0.0178705918847865,momentum_v1,
2026-08-05 00:00:00,DHR,Health Care,48.18181818181818,20.0,199.66000366210935,0.0281682947213186,0.1457035889948024,-0.0743272807328628,0.0186010087210231,-0.1716558807166864,0.23571253321618,0.5231949184647969,0.7300404510205444,45.70143934725856,0.0793798833652492,0.010920434101884,momentum_v1,
2026-08-05 00:00:00,DIS,Communication Services,28.18181818181818,60.0,101.76000213623048,0.0439064283125349,0.0204989040905765,-0.0161222910308068,-0.1350355340114587,-0.1314697521262176,0.1094972790134789,0.2796309470084487,-0.6263755123123873,54.819003551059936,-0.0458248015389766,0.0591702154742943,momentum_v1,
2026-08-05 00:00:00,DLR,Real Estate,46.36363636363636,40.0,194.92999267578125,0.1145225813509847,-0.0023404319955304,0.2013727790707429,0.1598950377928047,-0.0376653388260901,0.3355354365175071,0.4581572490717974,-0.090445535641062,69.6517329005651,-0.0686641376250836,-0.0346266983532204,momentum_v1,
2026-08-05 00:00:00,DOW,Materials,3.636363636363636,10.0,29.670000076293945,0.035963711892319,-0.2653995211286788,-0.0053560273130857,0.4461314215230745,-0.2841724109273374,0.4960218765294417,0.3826066601205529,-0.7198066848630621,52.253353365515856,-0.3317232267582319,-0.2907600531380274,momentum_v1,
2026-08-05 00:00:00,DUK,Utilities,31.818181818181817,60.0,123.33999633789062,-0.0380596228073077,-0.0248799935677288,0.0311939877709157,0.0280259844844983,-0.0678419955389504,0.1005734324690545,0.1673800736761827,0.3541390452790294,40.52018732467034,-0.091203699197282,0.0275506496666489,momentum_v1,
2026-08-05 00:00:00,EA,Communication Services,65.45454545454545,100.0,209.6999969482422,0.0218799770356012,0.0400271500314703,0.0319100033909189,0.3402451273008173,-0.0010004607222304,0.3176797428861262,0.0384297063230496,0.9397098641180608,80.91575489792591,-0.0262965555980827,0.0786984614151882,momentum_v1,
2026-08-05 00:00:00,ECL,Materials,61.81818181818181,60.0,285.4700012207031,0.0084428951596948,0.1109956283623414,0.0162707070887044,0.0916939338815603,-0.0691902984959526,0.1648883993477119,0.2613976516840853,0.6692987148962475,59.31299292620681,0.0446719227327883,0.0856350963529928,momentum_v1,
2026-08-05 00:00:00,ED,Utilities,37.27272727272727,80.0,108.31999969482422,-0.0413310758229755,0.0007084321397992,0.024527077730152,0.0622602469403672,-0.0539811769312096,0.161476106806869,0.1787026965525419,0.5208180086039912,34.21259635127353,-0.0656152734897539,0.053139075374177,momentum_v1,
2026-08-05 00:00:00,EOG,Energy,42.72727272727273,60.0,134.22999572753906,0.0051001689963698,-0.0397233034603768,0.2340497344559571,0.1870452805660316,-0.097249354202986,0.3516918395393775,0.4077711565687493,0.1464162350561634,45.99450348796604,-0.10604700908993,-0.0106788609088509,momentum_v1,
2026-08-05 00:00:00,EQIX,Real Estate,59.09090909090909,70.0,1056.199951171875,0.0325241793028925,-0.0157967063435595,0.3309665593573254,0.3877641035675734,-0.0535333381464003,0.4698025003692603,0.3286513213544815,-0.2734485370849652,59.00221088498915,-0.0821204119731127,-0.0480829727012495,momentum_v1,
2026-08-05 00:00:00,EQR,Real Estate,50.90909090909091,60.0,67.73999786376953,-0.0343550051274097,0.0331116850609483,0.1210966543748386,0.1296550486054948,-0.0343550051274097,0.1947665750198077,0.2112193755006375,0.5049423331771845,35.980144655498975,-0.0332120205686048,0.0008254187032583,momentum_v1,
2026-08-05 00:00:00,ETN,Industrials,70.0,70.0,447.2799987792969,0.1304084286763431,0.0916518651147177,0.2410410150197039,0.175981557196353,0.0,0.4245919276949519,0.5287057742053803,0.0466604095003526,66.19262478668115,0.0253281594851646,0.008138835464537,momentum_v1,
2026-08-05 00:00:00,EXC,Utilities,38.18181818181819,90.0,45.7599983215332,-0.0380492197793297,0.0002239635494736,0.0585288157399535,0.0496145661616214,-0.0815203396956463,0.0997573617504719,0.2076984959910319,0.5529209761920852,40.68712900655672,-0.0660997420800795,0.0526546067838514,momentum_v1,
2026-08-05 00:00:00,FCX,Materials,91.81818181818184,90.0,69.38999938964844,0.1723988090500081,0.2059365460619981,0.0779587316972456,0.7351795698321613,-0.0301390892159097,0.9846053253036312,0.5208152875591988,-0.0331094863072848,73.47204150497193,0.139612840432445,0.1805760140526495,momentum_v1,
2026-08-05 00:00:00,GE,Industrials,95.45454545454544,100.0,381.2200012207031,0.0388031767618686,0.3314329687968804,0.2333470044788963,0.3870903876070564,0.0,0.440815159000065,0.313132995277628,0.7059611152772902,72.84667563557724,0.2651092631673273,0.2479199391466997,momentum_v1,
2026-08-05 00:00:00,GOOGL,Communication Services,43.63636363636363,80.0,362.4299926757813,-0.0125330521178507,-0.066378805321436,0.0682693202014257,0.8635352356987775,-0.0992835363529818,0.8670772648819909,0.4996961162187719,-0.5973313776850647,53.10141011728454,-0.1327025109509891,-0.0277074939377182,momentum_v1,
2026-08-05 00:00:00,GS,Financials,79.0909090909091,70.0,1060.3800048828125,0.01668298983672,0.1590650871830699,0.1402234864196494,0.4899192507518088,-0.0795871307133676,0.5108960172806358,0.4980493376760189,0.3920346860515609,44.02670217422844,0.0927413815535167,0.0308779804515015,momentum_v1,
2026-08-05 00:00:00,HD,Consumer Discretionary,55.45454545454545,90.0,353.1400146484375,0.022971592334086,0.1279841883054597,-0.0601746276456033,-0.0480302578457121,-0.1486373015233633,0.195888481361026,0.2841482557778943,0.6118538592887646,53.33508529690416,0.0616604826759066,0.121154228837949,momentum_v1,
2026-08-05 00:00:00,HON,Industrials,67.27272727272727,60.0,248.1199951171875,0.1025105165633966,0.1378677229520812,0.0353109143196517,0.1617105146969941,-0.0409505946111597,0.2706689120829804,0.2724808200283026,0.0664114645303003,74.84604637486494,0.0715440173225281,0.0543546933019005,momentum_v1,
2026-08-05 00:00:00,JNJ,Health Care,80.9090909090909,50.0,257.5899963378906,-0.0361098422733107,0.1486207400755563,0.117325839054128,0.5436515393293122,-0.0361098422733107,0.5477236437835511,0.2397932073253664,0.8012663384250365,59.12356190591724,0.0822970344460032,0.013837585182638,momentum_v1,
2026-08-05 00:00:00,JPM,Financials,81.81818181818183,80.0,359.239990234375,0.0590177139957217,0.166316570842363,0.1519933422329296,0.2441804828486207,0.0,0.2823684974810334,0.2272623065169508,0.8996893079346675,66.1384095966599,0.0999928652128099,0.0381294641107947,momentum_v1,
2026-08-05 00:00:00,KMB,Consumer Staples,73.63636363636363,90.0,112.37000274658205,-0.0206553526347577,0.1719490422100424,0.1443928169864066,-0.1146783302512353,-0.138175543584667,0.2242175214030421,0.3029057569148936,0.7806844816889914,58.4669432512371,0.1056253365804893,0.1497973129542125,momentum_v1,
2026-08-05 00:00:00,KO,Consumer Staples,78.18181818181819,100.0,86.83000183105469,0.0330755345432285,0.1135397489605249,0.1443815412906102,0.2947955190288369,-0.0252581943618193,0.3493152934300061,0.2903072133210813,0.622258567877302,55.95758574375347,0.0472160433309718,0.091388019704695,momentum_v1,
2026-08-05 00:00:00,LIN,Materials,25.454545454545453,40.0,491.0499877929688,-0.0876576823808508,-0.0153655402177491,0.0661979671325014,0.0647411492174341,-0.1016940314755782,0.2693446816620866,0.2573655822137193,0.0145144223374744,32.0169685767098,-0.0816892458473023,-0.0407260722270977,momentum_v1,
2026-08-05 00:00:00,LLY,Health Care,90.0,90.0,1169.8599853515625,-0.0531743259141639,0.1850635756436767,0.1697822331023042,0.5320356914140396,-0.0531743259141639,0.8830583278897479,0.3361856557147405,0.660509748351424,50.11504013378199,0.1187398700141235,0.0502804207507583,momentum_v1,
2026-08-05 00:00:00,LMT,Industrials,64.54545454545455,50.0,577.5999755859375,0.0788598197879399,0.1423599756496709,-0.0697398398934575,0.3999968933004023,-0.1408581959979276,0.393648804373838,0.4155231994544895,0.2961261923181916,74.39096126155385,0.0760362700201178,0.0588469459994902,momentum_v1,
2026-08-05 00:00:00,LOW,Consumer Discretionary,12.727272727272728,30.0,219.94000244140625,0.0018074807155026,-0.0174520671765049,-0.1909713358671768,-0.0399967498128478,-0.2262725717209528,0.0892432866277253,0.3364193537424635,-0.1874611524535742,54.56269607688122,-0.083775772806058,-0.0242820266440156,momentum_v1,
2026-08-05 00:00:00,MCD,Consumer Discretionary,13.636363636363637,40.0,274.0,-0.0290917816649485,-0.0326532243754056,-0.131716218901816,-0.0775129268352324,-0.1866554131329897,0.042618008855672,0.2305162469056869,-0.2929851942927148,50.64532575548153,-0.0989769300049587,-0.0394831838429163,momentum_v1,
2026-08-05 00:00:00,MDLZ,Consumer Staples,40.909090909090914,60.0,62.59999847412109,0.0395217071599749,0.0287601476680987,0.0706449426224,0.0195901661344901,-0.0367748802617027,0.236095165281319,0.3123353640137748,-2.453972590021891e-06,54.74276847783089,-0.0375635579614543,0.0066084184122687,momentum_v1,
2026-08-05 00:00:00,META,Communication Services,9.090909090909092,30.0,588.77001953125,-0.0435524169308453,-0.0258600692937036,-0.1472888760733244,-0.2391517255484111,-0.2522788021712298,0.1209688777537878,0.5289858512001244,-0.0019875641331679,28.93522532792201,-0.0921837749232568,0.0128112420900141,momentum_v1,
2026-08-05 00:00:00,MO,Consumer Staples,26.36363636363636,40.0,68.44000244140625,-0.0619517091527533,-0.0456997880779174,0.1008019822507226,0.1798888383598742,-0.0864922034958758,0.2907064587710504,0.3974669807852188,0.076782702613888,34.95083167904713,-0.1120234937074705,-0.0678515173337473,momentum_v1,
2026-08-05 00:00:00,MPC,Energy,96.36363636363636,90.0,297.75,0.1179739984675323,0.1473123566178817,0.6013659583977169,0.8074377721807136,-0.0688329030942853,0.9142271075207112,0.375836104518211,0.717644708462819,44.537360959669,0.0809886509883286,0.1763567991694077,momentum_v1,
2026-08-05 00:00:00,MRK,Health Care,87.27272727272727,80.0,128.3300018310547,-0.0041129813501979,0.1423141755666097,0.1240521254249409,0.660660187771781,-0.0264755370903614,0.6923081411832506,0.2528696933557009,0.7891006055736095,52.0958157694084,0.0759904699370566,0.0075310206736913,momentum_v1,
2026-08-05 00:00:00,MS,Financials,89.0909090909091,90.0,218.2700042724609,-0.0115675512377463,0.1596910299552776,0.2063363142022494,0.5790751126168765,-0.0397220697043746,0.5891928986304731,0.3369635846385418,0.4750013501439619,51.17530983357568,0.0933673243257244,0.0315039232237093,momentum_v1,
2026-08-05 00:00:00,MSFT,Technology,74.54545454545455,80.0,487.4599914550781,0.2536261599783824,0.1875048834778943,0.190707434906356,-0.0826793974030317,-0.0950481911205872,0.3815718901637006,0.6026980210976092,-0.0040602761820824,77.21541874047408,0.1211811778483411,0.0637248838468367,momentum_v1,
2026-08-05 00:00:00,NEE,Utilities,18.181818181818183,20.0,85.91000366210938,-0.0289363346136665,-0.1011710547027535,-0.0190347606659666,0.2533342415791366,-0.1158637824843856,0.2572641576531478,0.1393262740290848,-0.0673160101886505,31.62391560043721,-0.1674947603323067,-0.0487404114683757,momentum_v1,
2026-08-05 00:00:00,NEM,Materials,23.63636363636364,30.0,104.29000091552734,0.0970966083945492,-0.0410649017311552,-0.1058129586515244,0.6111106593078524,-0.2061759682598124,0.5675026107844692,0.4355373196509273,-0.7116937732058354,72.2847520587352,-0.1073886073607084,-0.0664254337405039,momentum_v1,
2026-08-05 00:00:00,NFLX,Communication Services,2.727272727272727,10.0,74.19999694824219,-0.0259911177343362,-0.1557629142846329,-0.0718039194128287,-0.3663481535534648,-0.4126261726438562,0.097633115726293,0.343143980770711,-0.8213143188323604,49.57068809128375,-0.2220866199141861,-0.1170916029009151,momentum_v1,
2026-08-05 00:00:00,NKE,Consumer Discretionary,6.363636363636363,20.0,42.45000076293945,-0.0175884827039097,-0.0053450129480188,-0.2923989890880905,-0.4170693604931478,-0.4490984492792941,0.0417178101334834,0.3307804607201882,-0.0752471907502507,39.6887237503066,-0.0716687185775719,-0.0121749724155295,momentum_v1,
2026-08-05 00:00:00,NUE,Materials,97.27272727272728,100.0,274.739990234375,0.2080731353725398,0.186774384034885,0.4817912848383727,1.0325717484610393,0.0,1.104237186322416,0.373377495502628,0.0837309920032195,77.9031532145134,0.1204506784053318,0.1614138520255363,momentum_v1,
2026-08-05 00:00:00,NVDA,Technology,69.0909090909091,60.0,219.22000122070312,0.1131874746048429,0.1169237070032478,0.2170754815761357,0.2195109156516668,-0.0689934181262811,0.3287854768506786,0.4434726231874786,-0.3548967031047457,58.941003201806126,0.0506000013736946,-0.0068562926278097,momentum_v1,
2026-08-05 00:00:00,O,Real Estate,36.36363636363637,20.0,62.70000076293945,-0.0163281318263046,-0.0008540784739459,0.04675569292291,0.1512110093131071,-0.0516164854710583,0.1624433247642269,0.1852289432186317,0.5290842785168293,22.61474196476664,-0.067177784103499,-0.0331403448316358,momentum_v1,
2026-08-05 00:00:00,ORCL,Technology,0.9090909090909092,10.0,144.38999938964844,0.0232509076556666,-0.2182771808473946,-0.0599445428710906,-0.4217095153888237,-0.555216675009812,0.2556744244895939,0.6929516107444355,-0.7158540577376341,66.40649413659685,-0.2846008864769478,-0.3420571804784522,momentum_v1,
2026-08-05 00:00:00,OXY,Energy,32.72727272727273,30.0,53.810001373291016,0.0412151907031221,-0.0890032714193038,0.2000711740926302,0.2814463314816244,-0.1838987486072848,0.3955605721711985,0.3605338243817774,-0.0927234989819801,50.56417479935833,-0.155326977048857,-0.0599588288677779,momentum_v1,
2026-08-05 00:00:00,PEP,Consumer Staples,8.181818181818182,20.0,138.77999877929688,-0.0427644994547651,-0.0954584187310639,-0.1311450368407261,0.033782252394158,-0.1700801341875115,0.0345976653236173,0.250045394942752,-0.6117400195026927,48.30642570664325,-0.1617821243606171,-0.1176101479868939,momentum_v1,
2026-08-05 00:00:00,PFE,Health Care,34.54545454545455,10.0,25.809999465942383,0.0910477050815226,0.0092631265850995,0.0358947958275983,0.173825374227577,-0.0649733533561186,0.1703437878222562,0.1650610136442098,-0.2019755634831236,69.23827754381877,-0.0570605790444536,-0.1255200283078188,momentum_v1,
2026-08-05 00:00:00,PG,Consumer Staples,29.09090909090909,50.0,146.8000030517578,-0.0317782571800305,0.0206754820438621,-0.0406288678750824,0.0023673773278767,-0.1087946258769456,0.0871305897783327,0.2140625524512069,0.2872007837714867,40.92952537179467,-0.0456482235856909,-0.0014762472119678,momentum_v1,
2026-08-05 00:00:00,PLD,Real Estate,45.45454545454545,30.0,140.75999450683594,-0.0198454570810034,0.0107762035339293,0.0837293171675439,0.3812381624241738,-0.061975231261259,0.3962342370486342,0.2827745298571107,0.0549968984891747,31.3552597204352,-0.0555475020956237,-0.0215100628237605,momentum_v1,
2026-08-05 00:00:00,PM,Consumer Staples,70.9090909090909,80.0,188.92999267578125,0.0060706077555019,0.1241374144700375,0.0858580711834791,0.201130885525973,-0.0561522985261627,0.3437945212690043,0.3465734227008756,0.2716306235873208,48.91277953477654,0.0578137088404844,0.1019856852142075,momentum_v1,
2026-08-05 00:00:00,PPG,Materials,63.63636363636363,70.0,119.12999725341795,-0.009066743937925,0.126836730562768,0.0090011761314521,0.1647994346160697,-0.083339751779886,0.2799412138492552,0.3997756447792908,0.3550256359105828,50.72416614445311,0.0605130249332148,0.1014761985534193,momentum_v1,
2026-08-05 00:00:00,PSA,Real Estate,76.36363636363637,80.0,327.3399963378906,-0.0041072320225385,0.1056183567076347,0.1939037239350922,0.2150691646043157,-0.0094713737139551,0.291378501318464,0.265965946175357,0.5729562889121502,52.43233777401405,0.0392946510780816,0.0733320903499448,momentum_v1,
2026-08-05 00:00:00,PSX,Energy,94.54545454545456,80.0,202.5500030517578,0.1325766450423695,0.131812508318504,0.3890053341595594,0.7247935095052056,-0.0457907430398264,0.7698185545991452,0.3427073799487851,0.5979451773413681,51.78622790343746,0.0654888026889508,0.1608569508700299,momentum_v1,
2026-08-05 00:00:00,QCOM,Technology,4.545454545454546,20.0,157.52999877929688,-0.1390391991675174,-0.1524426406514146,0.0811726223626752,0.0904363430687502,-0.3701225907258618,0.2743759651816497,0.4765817063700382,-0.6402771923818582,39.50240160709654,-0.2187663462809678,-0.2762226402824722,momentum_v1,
2026-08-05 00:00:00,RTX,Industrials,93.63636363636364,90.0,222.30999755859372,0.1068458591134815,0.2913520859207397,0.1006265181548544,0.4350808332650397,0.0,0.4817971340661915,0.3182999889863597,0.8481248245624198,85.29930381554408,0.2250283802911865,0.207839056270559,momentum_v1,
2026-08-05 00:00:00,SBUX,Consumer Discretionary,54.54545454545454,80.0,106.0,0.0230672654721484,0.0160214459770731,0.1533628923262311,0.2118208959077241,-0.0218695458753854,0.3775698247304824,0.2206365175039438,0.0489952139042664,41.541747376136726,-0.05030225965248,0.0091914865095623,momentum_v1,
2026-08-05 00:00:00,SCHW,Financials,75.45454545454545,60.0,108.0199966430664,0.0597468490106674,0.1732423879146993,0.048623185550588,0.1265729447065366,0.0,0.2656121684151999,0.1889797503242083,0.7658897624186316,66.17097683151476,0.1069186822851462,0.045055281183131,momentum_v1,
2026-08-05 00:00:00,SHW,Materials,77.27272727272727,80.0,369.6799926757813,0.080114480593082,0.1861951526652898,0.0328607602448578,0.0726821485709185,-0.0077388459562794,0.2617064596443046,0.4399233336384377,0.5324515261528113,63.31925159740497,0.1198714470357367,0.1608346206559412,momentum_v1,
2026-08-05 00:00:00,SLB,Energy,24.545454545454547,10.0,49.90999984741211,0.0751831498520305,-0.1040771261842283,0.0142191847445194,0.5594066067477708,-0.1396310758229135,0.6036018390987743,0.455934869643003,-0.5214460967798071,59.765352583214536,-0.1704008318137815,-0.0750326836327024,momentum_v1,
2026-08-05 00:00:00,SO,Utilities,33.63636363636363,70.0,93.0999984741211,-0.0430671436116466,-0.021159044049276,0.0496858762369147,0.00148760611381,-0.0528619894488224,0.1252161855228637,0.1669220333817451,0.3611208134188642,36.96224152829038,-0.0874827496788291,0.0312715991851018,momentum_v1,
2026-08-05 00:00:00,SPG,Real Estate,86.36363636363636,100.0,224.80999755859372,-0.0104758345756271,0.1234063981137514,0.2137011003766777,0.4365063362426526,-0.0502323597082612,0.4278836820983098,0.2247151843647382,0.8693449826497355,43.21031517011304,0.0570826924841982,0.0911201317560614,momentum_v1,
2026-08-05 00:00:00,SPGI,Financials,16.363636363636363,10.0,410.0299987792969,-0.0753844615521931,0.0248674775478048,-0.0700319588063423,-0.2237629968738752,-0.2253180028222329,0.1142909604587714,0.2982267319815937,0.414051395970744,25.24829632777636,-0.0414562280817483,-0.1033196291837634,momentum_v1,
2026-08-05 00:00:00,SRE,Utilities,11.818181818181818,10.0,84.66000366210938,-0.1049793113460934,-0.0964815844065877,-0.0131095284143245,0.0497730793052659,-0.1452126643000967,0.0969673082358286,0.1828394304020334,0.0007934446457243,22.979025740320125,-0.1628052900361408,-0.0440509411722098,momentum_v1,
2026-08-05 00:00:00,T,Communication Services,10.0,40.0,23.059999465942383,0.1080497026157496,-0.097730909188605,-0.1198901100261025,-0.1276229942318154,-0.1885447039406058,0.1410532445475905,0.311338250583067,-0.2448289759798909,59.74728005180821,-0.1640546148181582,-0.0590595978048872,momentum_v1,
2026-08-05 00:00:00,TJX,Consumer Discretionary,53.63636363636364,70.0,159.9199981689453,0.0377003279189105,0.0353883823891889,0.0580482456295323,0.2527082054017389,-0.0504127148539111,0.2570860683052238,0.1855168059182417,0.0158405333435841,63.13365387470135,-0.0309353232403641,0.0285584229216782,momentum_v1,
2026-08-05 00:00:00,TMO,Health Care,84.54545454545455,70.0,577.8300170898438,0.1184817129634552,0.2392004804353238,0.0155959400479628,0.2429785978931444,-0.0945639408105647,0.3195447727498113,0.3700276444430779,0.8468228442422769,63.99936261363928,0.1728767748057706,0.1044173255424054,momentum_v1,
2026-08-05 00:00:00,TMUS,Communication Services,5.454545454545454,20.0,173.4600067138672,-0.0610078994983258,-0.1024591137917974,-0.1135179702519935,-0.2667165375429393,-0.3176764322199996,0.0341621125158553,0.5321836405404171,-0.2412406458235622,35.05011401152328,-0.1687828194213505,-0.0637878024080795,momentum_v1,
2026-08-05 00:00:00,TSLA,Consumer Discretionary,1.818181818181818,10.0,321.54998779296875,-0.2019111624122203,-0.1741788226486408,-0.2379609576629708,0.0397399522707697,-0.3436147942598945,0.0778693346018302,0.6003002546919719,-0.6177208051783745,26.242388336187812,-0.2405025282781939,-0.1810087821161515,momentum_v1,
2026-08-05 00:00:00,UNH,Health Care,92.72727272727272,100.0,412.75,-0.0360587644582361,0.1408124394430672,0.4720760878213359,0.7586696777536606,-0.0540850367214547,0.7321461412243597,0.2473699473578699,0.6962481487285629,43.52381873147731,0.074488733813514,0.0060292845501488,momentum_v1,
2026-08-05 00:00:00,UNP,Industrials,83.63636363636363,80.0,295.5400085449219,0.0438683725697068,0.1252432211225969,0.2366057852702856,0.3611218924661905,-0.038331376085349,0.3976772814362848,0.2627289250946261,0.6682607392514973,46.383292483939016,0.0589195154930437,0.0417301914724161,momentum_v1,
2026-08-05 00:00:00,UPS,Industrials,60.909090909090914,30.0,107.6999969482422,-0.0380493227140555,0.1167071772471188,-0.0072174154176933,0.3538769594067685,-0.0851172627298507,0.3680441900113114,0.3678853004847477,0.5362876587195915,33.9430819190824,0.0503834716175657,0.0331941475969381,momentum_v1,
2026-08-05 00:00:00,VLO,Energy,99.0909090909091,100.0,302.3900146484375,0.1402547827285747,0.2033966902788471,0.5960172678909379,1.2867396110354217,-0.0357094546001646,1.3434868815724728,0.389476569080968,0.7692129855032394,52.59778893715827,0.1370729846492939,0.232441132830373,momentum_v1,
2026-08-05 00:00:00,VMC,Materials,20.909090909090907,20.0,286.7699890136719,-0.0437812775926382,-0.0143044652047723,-0.0743561535668529,0.0248537598722651,-0.128599811473939,0.1179678920055522,0.3638194731427543,0.0915931907248033,45.36267087987293,-0.0806281708343255,-0.0396649972141209,momentum_v1,
2026-08-05 00:00:00,VZ,Communication Services,40.0,70.0,46.470001220703125,0.1097013484851894,-0.0016438436996235,0.0372549268372679,0.1558629971289948,-0.0663090662318068,0.2709728010990906,0.2875738725914481,-0.1246296198114028,62.65884784204841,-0.0679675493291767,0.0370274676840942,momentum_v1,
2026-08-05 00:00:00,WBD,Communication Services,49.09090909090909,90.0,25.96999931335449,-0.0057427841140647,-0.0459221172495303,-0.0448694813071068,1.028906166122762,-0.1337558469016145,1.4090909050696814,0.239657484687843,-0.4955807770306283,34.65113462917793,-0.1122458228790834,-0.0072508058658125,momentum_v1,
2026-08-05 00:00:00,WEC,Utilities,19.090909090909093,30.0,108.26000213623048,-0.0800475709085378,-0.0523571038080941,-0.0191730472911342,0.0056945288241092,-0.0891038828258506,0.064047463450646,0.1642838074777441,0.0510473026268906,27.95470522870383,-0.1186808094376472,7.353942628374188e-05,momentum_v1,
2026-08-05 00:00:00,WELL,Real Estate,85.45454545454545,90.0,237.25,-0.0014310212682822,0.1108723544076688,0.2741579764473922,0.4272923342003525,-0.0587932197151757,0.4815757529672886,0.2360928191079358,0.5993769623185683,44.62201206226298,0.0445486487781157,0.0785860880499789,momentum_v1,
2026-08-05 00:00:00,WFC,Financials,60.0,40.0,89.16999816894531,0.0228263117320886,0.1225409669168182,-0.0237183102026898,0.1746144689045032,-0.0650424681805625,0.2145192099264015,0.2510012057052419,0.8215167683896969,53.798344397205575,0.0562172612872651,-0.00564613981475,momentum_v1,
2026-08-05 00:00:00,WMB,Energy,30.0,20.0,71.80999755859375,-0.0435535987308459,-0.0496548639371813,0.0636578956676667,0.2294706262315404,-0.0889133872993155,0.3108261029632186,0.2440871792067424,-0.0494100217417488,39.45086075878192,-0.1159785695667344,-0.0206104213856553,momentum_v1,
2026-08-05 00:00:00,WMT,Consumer Staples,7.272727272727272,10.0,112.33999633789062,0.0071722737654371,-0.1394265847165781,-0.1168633167361418,0.1374560571663936,-0.1628912154057832,0.1766297292820235,0.2137669465017876,-0.7231344904930888,42.63127648318776,-0.2057502903461312,-0.161578313972408,momentum_v1,
2026-08-05 00:00:00,XEL,Utilities,27.27272727272727,50.0,77.19999694824219,-0.0430147675649623,-0.0450308138053398,0.0316941283587066,0.0719338980533537,-0.0661761828717905,0.1091341060591695,0.1591739774592481,0.0226138751530717,34.38198914568798,-0.1113545194348929,0.007399829429038,momentum_v1,
2026-08-05 00:00:00,XOM,Energy,50.0,70.0,151.6300048828125,0.0701531672675126,-0.0143389276463515,0.0692042650572619,0.4572356011775231,-0.1097032010720949,0.4784408327910994,0.2471812360717515,-0.003100142169554,61.75497410239423,-0.0806626332759047,0.0147055149051743,momentum_v1,
2026-08-06 00:00:00,AAPL,Technology,74.54545454545455,70.0,312.4100036621094,-0.0031271289464264163,0.08760678403171296,0.1320136783106729,0.5456801158688103,-0.08136316161691126,0.47080600399645745,0.366188879290507,0.3191554420891469,36.405348536769154,0.03758158426813374,-0.003677033354290371,momentum_v1,
2026-08-06 00:00:00,ABBV,Health Care,86.36363636363636,60.0,243.8699951171875,-0.028227334622158318,0.197901944853349,0.14063565514490484,0.26635873206163385,-0.07379412676258434,0.28087378159916,0.25679189681936715,0.8473421415138004,38.39595081300854,0.14787674508976978,0.06189589958742814,momentum_v1,
2026-08-06 00:00:00,ABT,Health Care,79.0909090909091,30.0,107.95999908447266,0.1423619150398916,0.2599073063679995,0.01120277575068429,-0.15482931749035456,-0.1915138894967383,0.31698162903095217,0.4493389086906468,0.8319058601957925,68.80163432846408,0.2098821066044203,0.12390126110207866,momentum_v1,
2026-08-06 00:00:00,ADBE,Technology,20.909090909090907,40.0,260.239990234375,0.1778762893034329,0.04025259679071991,-0.06960781457758558,-0.23174116509150766,-0.29178687126217584,0.3455353151692131,0.5522576960368093,-0.026121589072261586,61.0306074846409,-0.009772602972859312,-0.05103122059528342,momentum_v1,
2026-08-06 00:00:00,AEP,Utilities,25.454545454545453,40.0,125.26000213623047,-0.07829280528414473,-0.048206889075301906,0.05990404486565537,0.14117571255021732,-0.09683466773929639,0.20415278893000344,0.1821258387946081,0.09807959597412064,31.036398590707535,-0.09823208883888113,-0.0032933778575904293,momentum_v1,
2026-08-06 00:00:00,AMD,Technology,100.0,100.0,489.2799987792969,-0.0543668963206797,0.16110961762465936,1.4440780898761645,1.8069531617934134,-0.1577352405730461,2.237263469334165,0.8610321516190599,0.19753059966929654,49.0199624207464,0.11108441786108014,0.06982580023865603,momentum_v1,
2026-08-06 00:00:00,AMT,Real Estate,16.363636363636363,10.0,171.1999969482422,0.03732430872939796,-0.04066273649295993,-0.011265379686520416,-0.15347115093988573,-0.16078250830352936,0.05607301402545417,0.30928081226417276,-0.29586214595383087,51.290176519205254,-0.09068793625653915,-0.05100390535614263,momentum_v1,
2026-08-06 00:00:00,AMZN,Consumer Discretionary,50.0,70.0,272.260009765625,0.11756019712035926,-0.009927563059379807,0.16854802071590624,0.27373103983918123,-0.0414054633580061,0.3695860906526691,0.6322073556110914,-0.1395227701522398,63.14187501892727,-0.05995276282295903,0.0028752083064470524,momentum_v1,
2026-08-06 00:00:00,APD,Materials,39.09090909090909,50.0,299.9200134277344,0.01068243783566758,0.0052400903427169965,0.05961572217001421,0.05276554272740963,-0.04541834209487017,0.3255845321254436,0.1773672099196497,0.09572300465863937,56.0906743343843,-0.044785109420862224,0.006097423964287807,momentum_v1,
2026-08-06 00:00:00,AVB,Real Estate,40.0,50.0,186.5500030517578,-0.013589213894793062,0.00992174551481484,0.07073508492932534,0.04105625935776214,-0.045780035540880726,0.18392762413636632,0.20823385056157315,0.38830042867994985,37.95326825291728,-0.04010345424876438,-0.00041942334836786443,momentum_v1,
2026-08-06 00:00:00,AVGO,Technology,59.09090909090909,50.0,420.56500244140625,0.08200622552622772,-0.009894179730722263,0.37027845109749946,0.44623808533839804,-0.12529724405688014,0.4628677105930119,0.4375087840496918,-0.27427274228428644,73.6125096748413,-0.05991937949430148,-0.1011779971167256,momentum_v1,
2026-08-06 00:00:00,AXP,Financials,46.36363636363636,30.0,342.6000061035156,0.018460689035517897,0.06721912186678414,-0.025577901223852062,0.16728890510019934,-0.10262818761431658,0.17912846108439773,0.28770677443578774,0.6519990689280615,41.045083232165275,0.017193922103204917,-0.051849351008227185,momentum_v1,
2026-08-06 00:00:00,BA,Industrials,27.27272727272727,10.0,232.19000244140625,0.032184954840563496,0.009829121200433333,-0.01593555649700107,0.03259806907034779,-0.07915919864456689,0.2962818712087292,0.44342092330988536,-0.06342119077286212,61.75557092058475,-0.04019607856314589,-0.037349943851045175,momentum_v1,
2026-08-06 00:00:00,BAC,Financials,92.72727272727272,100.0,63.0,0.08061750985327154,0.18148013812848363,0.14996982517401447,0.41291393428212175,-0.0039525691699604515,0.4330445708325723,0.16739465946808652,0.9484991776451501,61.21918866218963,0.1314549383649044,0.062411665253472304,momentum_v1,
2026-08-06 00:00:00,BKNG,Consumer Discretionary,91.81818181818183,100.0,207.38999938964844,0.18991340512117172,0.2352148316904712,0.13077803689138,-0.04200641467164423,-0.08604897573887815,0.3489350751022209,0.4555056930336272,0.7847544821358097,71.21638450447955,0.18518963192689197,0.24801760305629805,momentum_v1,
2026-08-06 00:00:00,BLK,Financials,44.54545454545455,20.0,1129.300048828125,0.14031546560213526,0.057838729673177935,0.06116757240132431,0.039041907935790654,-0.04577221196892789,0.23053833972363647,0.3430506198011328,0.026428637325435766,62.67764432432549,0.007813529909598715,-0.061229743201833386,momentum_v1,
2026-08-06 00:00:00,BMY,Health Care,83.63636363636363,40.0,64.1500015258789,0.11487661635694968,0.1463888135228104,0.13750543757688782,0.46628395926553523,-0.026407616935611777,0.5567518619141585,0.29626591746039743,0.5568592236461287,66.34706855443513,0.09636361375923119,0.010382768256889552,momentum_v1,
2026-08-06 00:00:00,C,Financials,66.36363636363637,50.0,133.82000732421875,-0.021032223899596802,0.05407824817321738,0.15078442701025452,0.49312665938493083,-0.07667752786619386,0.49787279684665475,0.35805624271356146,0.21721541328112315,59.19265588042987,0.00405304840963816,-0.06499022470179394,momentum_v1,
2026-08-06 00:00:00,CAT,Industrials,52.72727272727272,40.0,856.9600219726562,-0.09443319328869271,-0.07377063996252975,0.2433642130964897,0.9912811804415984,-0.19377432670748052,1.1203903602838365,0.43710947373085096,-0.020526428509891836,46.000366008564065,-0.12379583972610897,-0.12094970501400826,momentum_v1,
2026-08-06 00:00:00,CL,Consumer Staples,56.36363636363636,70.0,93.0,0.005300432331202254,0.060947699718376214,-0.002708054687323602,0.14767175467946814,-0.050691458852600846,0.2628799353521958,0.2503106700576222,0.49593385193702444,51.793853980400456,0.010922499954796994,0.04360974093521963,momentum_v1,
2026-08-06 00:00:00,CMCSA,Communication Services,12.727272727272727,40.0,25.170000076293945,0.08538160830692676,-0.03506263600627091,-0.15378334572231345,-0.13388432301450093,-0.20536918821779038,0.1482664228416135,0.4276123088909181,-0.10942798714883051,59.299185623835385,-0.08508783576985013,0.015050365503110119,momentum_v1,
2026-08-06 00:00:00,CMG,Consumer Discretionary,19.090909090909093,50.0,33.709999084472656,0.008375673848065368,0.02962728638599388,-0.155772631434137,-0.20924235890564458,-0.23455952807241198,0.19623842155463667,0.6932877955632967,0.27124395882809693,47.775746836019785,-0.02039791337758534,0.04243005775182074,momentum_v1,
2026-08-06 00:00:00,COP,Energy,40.909090909090914,30.0,116.76000213623047,0.05455203078879611,-0.010700412560279093,0.10180422270402656,0.29431374371500807,-0.12086899736455448,0.3967199825938963,0.2970063765300276,-0.04366274487674704,54.059409530543235,-0.06072561232385831,-0.038409809522373384,momentum_v1,
2026-08-06 00:00:00,COST,Consumer Staples,18.181818181818183,30.0,949.1500244140625,-0.0025924084679826986,-0.04528337865475529,-0.02689370703437466,0.011718489765497386,-0.13127870040787948,0.1215754833772742,0.23534045125221817,-0.5545027462316363,54.53291166186568,-0.09530857841833451,-0.06262133743791187,momentum_v1,
2026-08-06 00:00:00,CRM,Technology,20.0,30.0,186.77000427246094,0.12120303889708772,0.03345688780358569,-0.05876266732121793,-0.2389559581326759,-0.2948940159976331,0.24413809184221935,0.5127808645405699,-0.010980352767184565,60.32524782737476,-0.01656831195999353,-0.05782692958241764,momentum_v1,
2026-08-06 00:00:00,CSCO,Technology,98.18181818181819,90.0,120.87999725341797,0.0620277418513715,0.32400924200222425,0.5030761676411755,0.8273548065053624,-0.06667534958771437,0.8637916672989496,0.3534409858533064,0.03826039812063675,72.80611098979335,0.27398404223864503,0.23272542461622092,momentum_v1,
2026-08-06 00:00:00,CVX,Energy,55.45454545454545,50.0,189.22999572753906,0.07535372174149813,0.03134148241038659,0.0640140139109533,0.28826107908764254,-0.09560408834908607,0.3140119790679943,0.25275059887424867,0.0010702360115066867,52.492579271960686,-0.01868371735319263,0.0036320854482922993,momentum_v1,
2026-08-06 00:00:00,D,Utilities,70.9090909090909,100.0,66.80000305175781,-0.04380185416345861,0.09456337433565842,0.0939820000958338,0.1419484548250971,-0.06821033928189835,0.19460230189487837,0.15861124483454575,0.6472907474889869,26.703343598067335,0.0445381745720792,0.1394768855533699,momentum_v1,
2026-08-06 00:00:00,DE,Industrials,57.27272727272727,50.0,614.8400268554688,0.03033152950581508,0.04190665024197471,0.08986460674199859,0.2240783859166946,-0.0667985659129845,0.41280131744071835,0.29643906034916356,0.4604108052830509,55.81089419484902,-0.008118549521604512,-0.0052724148095038,momentum_v1,
2026-08-06 00:00:00,DHR,Health Care,54.54545454545454,20.0,199.97999572753906,0.04827798526399496,0.14563729302129125,-0.08521817026449463,0.01213490993768751,-0.17032830613612804,0.23769299098703311,0.5183977187596097,0.7384742306770438,46.863284589101895,0.09561209325771203,0.009631247755370387,momentum_v1,
2026-08-06 00:00:00,DIS,Communication Services,23.636363636363637,60.0,104.68000030517578,0.08252330515796014,-0.023856111478018138,-0.014646421194433268,-0.10246967389911443,-0.10654732012715107,0.14133424791243798,0.29141581830907526,-0.49542411946814313,65.8239423982078,-0.07388131124159736,0.02625689003136289,momentum_v1,
2026-08-06 00:00:00,DLR,Real Estate,35.45454545454545,40.0,192.55999755859375,0.09222912209515033,-0.029227385091258884,0.1701164218186133,0.1507177480691375,-0.04936558267658819,0.31929774820731516,0.46210647202352734,-0.055467063198743394,66.57203471510783,-0.0792525848548381,-0.03956855395444159,momentum_v1,
2026-08-06 00:00:00,DOW,Materials,5.454545454545454,10.0,30.299999237060547,0.04374779608597357,-0.20498429028427823,-0.04411611798860782,0.42470660467498944,-0.26897285652188674,0.5277875713334708,0.38642158476818095,-0.6968093905501744,52.31142953869329,-0.25500949004785745,-0.20412695666270742,momentum_v1,
2026-08-06 00:00:00,DUK,Utilities,37.27272727272727,60.0,123.9000015258789,-0.022793590730974644,-0.004535115839921056,0.03129880307056099,0.03410929955324593,-0.06360968376643406,0.10557040709402798,0.16513607374942302,0.3265567820563733,46.05544126243231,-0.054560315603500276,0.04037839537779042,momentum_v1,
2026-08-06 00:00:00,EA,Communication Services,68.18181818181817,100.0,209.6999969482422,0.03734851981061138,0.032151263731794666,0.028626073897854543,0.40247616472046954,0.0,0.4244922844357708,0.0408156946331214,0.6670797120936716,84.98515355077578,-0.017873936031784554,0.0822642652411757,momentum_v1,
2026-08-06 00:00:00,ECL,Materials,62.727272727272734,70.0,283.4599914550781,0.0340726561515432,0.07900887586681016,-0.010985890358099049,0.07505784484421918,-0.0757441801015899,0.15668635693155641,0.23587888130864323,0.6998578679197776,60.314391063490575,0.028983676103230938,0.07986620948838097,momentum_v1,
2026-08-06 00:00:00,ED,Utilities,48.18181818181818,90.0,108.94999694824219,-0.02801319914564937,0.028002262710216108,0.0216432965804485,0.08054012273865885,-0.04847906040707595,0.16823133907478316,0.17923131417762905,0.4941855151403727,37.333333333333336,-0.022022937053363112,0.07291577392792759,momentum_v1,
2026-08-06 00:00:00,EOG,Energy,53.63636363636364,40.0,136.1999969482422,-0.00275599449471442,0.018715553736086132,0.20586162573626132,0.1965923805940022,-0.08400030458057162,0.37152979530700647,0.40322492312105424,0.13458728515660257,45.33973233350241,-0.03130964602749309,-0.008993843226008158,momentum_v1,
2026-08-06 00:00:00,EQIX,Real Estate,60.909090909090914,70.0,1052.8599853515625,0.036310142732769,-0.02747582961388717,0.32626155112263633,0.3823988442062578,-0.05652630012973403,0.4651546208570556,0.32770082877470347,-0.2526231324794592,56.47207182081342,-0.07750102937746639,-0.037816998477069874,momentum_v1,
2026-08-06 00:00:00,EQR,Real Estate,43.63636363636363,60.0,66.69999694824219,-0.023569033346408252,0.01863427420125352,0.08130991033756785,0.09933081984722669,-0.04918039205407554,0.1764234434461387,0.1981834552236626,0.4796219573122692,35.802460995927234,-0.0313909255623257,0.008293105338070816,momentum_v1,
2026-08-06 00:00:00,ETN,Industrials,72.72727272727273,60.0,448.19000244140625,0.12170889273188856,0.06653822370353635,0.23515058472535944,0.27196314618886275,0.0,0.42749029979911923,0.5287561934111844,0.0907671392406143,65.57854182407121,0.016513023939957128,0.01935915865205784,momentum_v1,
2026-08-06 00:00:00,EXC,Utilities,42.72727272727273,80.0,45.31999969482422,-0.04145514245086879,0.016130749760793206,0.06235120946479267,0.05068729016196971,-0.09035184765057291,0.08918280435028936,0.2089772587349017,0.5043184489339267,41.360292441908165,-0.033894450002786014,0.06104426097850468,momentum_v1,
2026-08-06 00:00:00,FCX,Materials,89.0909090909091,90.0,68.18000030517578,0.1886171397166534,0.12244190101561236,0.10727420511949992,0.7215326697177764,-0.047051192176522205,0.9499984561902244,0.5101425885929336,-0.02769990258573829,70.3319531301814,0.07241670125203314,0.12329923463718317,momentum_v1,
2026-08-06 00:00:00,GE,Industrials,93.63636363636364,90.0,374.54998779296875,0.05201805768382006,0.22622657836312876,0.21801634468087294,0.3834047170272823,-0.017496493904769816,0.41560594535272055,0.2999626478009173,0.7067509202469561,65.82964917164118,0.17620137859954954,0.17904751331165025,momentum_v1,
2026-08-06 00:00:00,GOOGL,Communication Services,32.72727272727273,70.0,357.75,-0.011521919963033533,-0.10068415578784473,0.07559353870512053,0.8429680352339302,-0.1109143244720947,0.8296219611721127,0.4993570118084174,-0.566708453338612,54.3752053577487,-0.15070935555142395,-0.050571154278463704,momentum_v1,
2026-08-06 00:00:00,GS,Financials,73.63636363636363,60.0,1032.5799560546875,0.0028553099767143486,0.10644986921322896,0.14156237415532247,0.4611622939790003,-0.10371765240406172,0.4712847620125178,0.5049423351417547,0.3505096753046012,44.39559859132789,0.056424669449649745,-0.012618603661782357,momentum_v1,
2026-08-06 00:00:00,HD,Consumer Discretionary,50.90909090909091,80.0,349.5199890136719,0.03958834626237495,0.090052969031571,-0.08446309205265656,-0.0690099702211846,-0.15736459003536285,0.1836294713953679,0.26992151727856734,0.6354376406128099,57.4757708326282,0.040027769267991786,0.10285574039739787,momentum_v1,
2026-08-06 00:00:00,HON,Industrials,51.81818181818182,30.0,240.74000549316406,0.09248504640753352,0.06431397104189873,-0.014433732222777107,0.12578025091616474,-0.06947620641182362,0.2328746046056145,0.284515828797069,0.06671709956674843,65.74518929513094,0.014288771278319512,0.017134905990420224,momentum_v1,
2026-08-06 00:00:00,JNJ,Health Care,84.54545454545455,50.0,256.9800109863281,-0.024373511992863972,0.1506451567281597,0.10816698488646237,0.5427018861121817,-0.038392379969212964,0.5440585606499013,0.235328609931418,0.7940824156424626,55.012748668931806,0.10061995696458048,0.01463911146223884,momentum_v1,
2026-08-06 00:00:00,JPM,Financials,80.0,80.0,356.29998779296875,0.07767223112649013,0.13656745324617003,0.13385059174140457,0.24623753347560617,-0.008183950900032433,0.2718736566619002,0.2073432093542868,0.9228293370186887,64.97829668198159,0.08654225348259081,0.017498980371158712,momentum_v1,
2026-08-06 00:00:00,KMB,Consumer Staples,61.81818181818181,80.0,108.66000366210938,-0.020904664125505956,0.11052003769548535,0.08044816235682006,-0.15073330528340445,-0.16662947137790352,0.18379885296317844,0.3032340195590082,0.775237963172807,50.67304624776675,0.06049483793190613,0.09318207891232877,momentum_v1,
2026-08-06 00:00:00,KO,Consumer Staples,76.36363636363637,100.0,86.8499984741211,0.04136686912615528,0.1032529166618612,0.13783791861156547,0.2934054699415902,-0.025033714763083692,0.34962603598140296,0.28834767693888774,0.6326311958189088,70.84317067525198,0.053227716898281985,0.08591495787870462,momentum_v1,
2026-08-06 00:00:00,LIN,Materials,24.545454545454547,40.0,490.1099853515625,-0.07118084934724989,-0.020344240219072995,0.04221429143434685,0.05718405385002456,-0.10341363197356002,0.2669148127497356,0.2512619728710341,0.0027787272962518372,34.790064698684745,-0.07036943998265222,-0.019486906597502185,momentum_v1,
2026-08-06 00:00:00,LLY,Health Care,90.0,90.0,1191.93994140625,-0.019649141337131915,0.20965686647378634,0.08026647180422741,0.5671673926684109,-0.03530392301378382,0.9185992008564596,0.34009138500623215,0.6453636393040447,52.05601754313894,0.15963166671020712,0.07365082120786548,momentum_v1,
2026-08-06 00:00:00,LMT,Industrials,75.45454545454545,70.0,582.8499755859375,0.10396611737417505,0.1407957341417272,-0.021571822981952593,0.39774498429416383,-0.13304916784408238,0.4063160424633365,0.4107198347343782,0.3188528019655935,78.09039043563571,0.09077053437814797,0.09361666909024868,momentum_v1,
2026-08-06 00:00:00,LOW,Consumer Discretionary,9.090909090909092,30.0,218.39999389648438,0.03241597563932985,-0.05836332636763364,-0.19954842042780718,-0.06137159162568451,-0.23169017123792846,0.08161646135589962,0.31035508158726827,-0.1361321813922679,60.92409323302045,-0.10838852613121286,-0.04556055500180678,momentum_v1,
2026-08-06 00:00:00,MCD,Consumer Discretionary,15.454545454545453,40.0,276.260009765625,-0.007151806772237146,-0.021000949854742434,-0.1359407324712424,-0.05290662583322614,-0.1799467012208279,0.051217742001038236,0.2279229854417004,-0.2555236650573597,61.1473493478311,-0.07102614961832165,-0.008198178488915575,momentum_v1,
2026-08-06 00:00:00,MDLZ,Consumer Staples,41.81818181818181,60.0,62.75,0.054976470795728094,0.02272484089651905,0.07447511389920769,0.04221151737669038,-0.03446680931525736,0.2390570848570901,0.3079652198426172,0.002497610872787104,57.189812092435425,-0.02730035886706017,0.005386882113362468,momentum_v1,
2026-08-06 00:00:00,META,Communication Services,10.0,30.0,589.9000244140625,-0.021919304301221687,-0.03660300187557419,-0.11665010543617826,-0.22480101728743773,-0.2508437280735343,0.12312031254720868,0.5246932631314688,-0.002088708955262808,32.730070108732406,-0.08662820163915341,0.013509999633806835,momentum_v1,
2026-08-06 00:00:00,MO,Consumer Staples,26.36363636363636,40.0,67.75,-0.06949591715782877,-0.020048546624932495,0.07298033997278686,0.15715781378771454,-0.09570206011987481,0.27769373849165957,0.3982670741204893,0.04076805514006099,28.116537433908306,-0.07007374638851172,-0.03738650540808908,momentum_v1,
2026-08-06 00:00:00,MPC,Energy,97.27272727272728,90.0,299.25,0.06616078027930294,0.2221991291768386,0.5409224313288385,0.8062196889584505,-0.06414188497385354,0.9238705690195559,0.33232991882546215,0.7169483118852422,40.310642073652346,0.17217392941325937,0.1944897322147443,momentum_v1,
2026-08-06 00:00:00,MRK,Health Care,87.27272727272727,70.0,128.3699951171875,0.018890366646338252,0.13854470843729794,0.10074170169101437,0.6420552919323894,-0.026172143948875348,0.692835368690984,0.2396477149719869,0.7847200776824328,52.618882262373276,0.08851950867371872,0.0025386631713770758,momentum_v1,
2026-08-06 00:00:00,MS,Financials,80.9090909090909,90.0,213.75,-0.014414491997436718,0.1115936618072586,0.19992044113029106,0.5562832166332745,-0.05960780875566496,0.551203323361698,0.3389556084852701,0.44531556235011915,49.4093503770864,0.061568462043679384,-0.007474811067752718,momentum_v1,
2026-08-06 00:00:00,MSFT,Technology,85.45454545454545,80.0,499.8599853515625,0.303959905375923,0.21012328850618656,0.2122117174903564,-0.045281510425865146,-0.07202805182008576,0.41671627802299227,0.5970810464749302,0.0005739843150064372,82.37268257997772,0.16009808874260734,0.11883947112018323,momentum_v1,
2026-08-06 00:00:00,NEE,Utilities,14.545454545454545,20.0,84.5999984741211,-0.0324794589202837,-0.10661860260588785,-0.046340672188166065,0.2229519258086774,-0.12934560046205879,0.23809280829917112,0.14318603289292242,-0.05549083482311579,29.248963584673945,-0.15664380236946707,-0.06170509138817637,momentum_v1,
2026-08-06 00:00:00,NEM,Materials,22.727272727272727,30.0,105.43000030517578,0.13122321628106293,-0.08187509828922435,-0.09379507401786968,0.5846370628304907,-0.19749863674454016,0.5813443781278189,0.4267847696738054,-0.6380203036401144,76.0344188820985,-0.13190029805280357,-0.08101776466765354,momentum_v1,
2026-08-06 00:00:00,NFLX,Communication Services,2.727272727272727,10.0,73.69000244140625,-0.025135520419809487,-0.16517497174738383,-0.08071358439522391,-0.35802834122568805,-0.41666333487743146,0.09008881811760028,0.3429421253366884,-0.805440700302786,68.83946960489641,-0.21520017151096305,-0.1150619702380028,momentum_v1,
2026-08-06 00:00:00,NKE,Consumer Discretionary,4.545454545454546,20.0,42.0,-0.020750743817059658,-0.03427942253143468,-0.33576631238611243,-0.4198369986196291,-0.45493851277775,0.030674846625766916,0.3317875945234883,-0.08532879961724427,41.12904249195049,-0.0843046222950139,-0.02147665116560782,momentum_v1,
2026-08-06 00:00:00,NUE,Materials,96.36363636363636,100.0,272.0,0.1999294546874264,0.16415342605743533,0.4403685240332891,0.9766581734205677,-0.0099730302532135,1.0832515652032861,0.37693273842799413,0.10269565841520178,74.64142049352984,0.1141282262938561,0.16501075967900614,momentum_v1,
2026-08-06 00:00:00,NVDA,Technology,64.54545454545455,60.0,218.99000549316406,0.07284935690616456,0.05492583294737008,0.258723856889727,0.23012275403217375,-0.06997018819721157,0.3273913751227804,0.42922876704155555,-0.3178900835206331,63.10334183268075,0.004900633183790859,-0.03635798443863325,momentum_v1,
2026-08-06 00:00:00,O,Real Estate,31.818181818181817,20.0,62.36000061035156,-0.009593504574525347,-0.01310296539397704,0.024411528770320823,0.14997245237975987,-0.056759128386880575,0.15613980159061613,0.18139601225304106,0.5605902725978218,21.34921436404521,-0.06312816515755626,-0.023444134257159743,momentum_v1,
2026-08-06 00:00:00,ORCL,Technology,0.9090909090909091,10.0,143.47000122070312,0.0247641667519507,-0.2580058262931305,-0.01498632549655321,-0.4324510548679842,-0.5580506652189547,0.24767374455188973,0.692707913795991,-0.7106620157846937,64.16471983337472,-0.30803102605670973,-0.34928964367913384,momentum_v1,
2026-08-06 00:00:00,OXY,Energy,60.0,60.0,56.040000915527344,0.04571749871176567,0.021386930338248566,0.21152620526262655,0.32773692234873564,-0.15007779765805151,0.45339553514612163,0.36627413039778556,-0.08644115925945106,53.88158267885296,-0.028638269425330654,-0.006322466623845724,momentum_v1,
2026-08-06 00:00:00,PEP,Consumer Staples,7.2727272727272725,20.0,138.44000244140625,-0.028559344763952388,-0.1029972777905317,-0.15064143731087254,0.032063010326540686,-0.17211335019558827,0.030190467290547307,0.24399641056465557,-0.5944851711658746,53.832773608145104,-0.15302247755411091,-0.12033523657368828,momentum_v1,
2026-08-06 00:00:00,PFE,Health Care,30.909090909090907,10.0,26.200000762939453,0.10845493537295958,0.021424159270339693,0.011888804648795936,0.1328268728531179,-0.05084472415351382,0.18802823588996875,0.1681366542938996,-0.13133181301079777,74.96161197766537,-0.028601040493239527,-0.11458188599558117,momentum_v1,
2026-08-06 00:00:00,PG,Consumer Staples,29.09090909090909,50.0,146.97000122070312,-0.0022430255455053727,0.0011300334665356182,-0.049008164341308724,0.0051951326470358605,-0.10776258719434617,0.08838951488613112,0.19020268347649813,0.30780893404030796,44.83532064244706,-0.0488951662970436,-0.016207925316620964,momentum_v1,
2026-08-06 00:00:00,PLD,Real Estate,34.54545454545455,30.0,139.13999938964844,-0.013191493690436595,-0.01924536561257917,0.04774069441030937,0.3419992637066931,-0.07277088062514059,0.3801650928689011,0.27852614715398044,0.034654951287273805,29.745168438635773,-0.06927056537615839,-0.029586534475761872,momentum_v1,
2026-08-06 00:00:00,PM,Consumer Staples,69.0909090909091,90.0,188.0500030517578,0.0052386576638157045,0.11188084188668279,0.06048931886183162,0.18716016412111447,-0.060548509906854786,0.3375354555760015,0.34671535423920086,0.24956152023910083,43.773688896425995,0.06185564212310357,0.09454288310352621,momentum_v1,
2026-08-06 00:00:00,PPG,Materials,49.09090909090909,60.0,117.16000366210938,0.025201303058941305,0.05732864914944935,-0.05834389061470968,0.13451678300532355,-0.09849810698877248,0.2587755649404797,0.36326673217814365,0.35037049891510263,49.684746310615445,0.007303449385870131,0.05818598277102016,momentum_v1,
2026-08-06 00:00:00,PSA,Real Estate,71.81818181818181,80.0,327.0,0.019422050689606785,0.06815233822208278,0.1556229591488425,0.20846617082024888,-0.010500200344616739,0.290037192690765,0.25130247263282196,0.5831494018560603,58.57251723402951,0.018127138458503556,0.05781116935890007,momentum_v1,
2026-08-06 00:00:00,PSX,Energy,95.45454545454545,80.0,205.52000427246094,0.09429746522594962,0.20552106880253418,0.34924006969709165,0.7413388362342053,-0.031799123117442374,0.7957694960377357,0.30531655613351577,0.6054867164515388,47.897054372272486,0.15549586903895496,0.1778116718404399,momentum_v1,
2026-08-06 00:00:00,QCOM,Technology,3.6363636363636362,20.0,160.38999938964844,-0.1402765786418173,-0.1640318416978379,0.0881589005404706,0.11628747921560434,-0.35868699249739633,0.2975126125915388,0.47558882707482614,-0.6899594021301001,41.10016889833598,-0.21405704146141713,-0.25531565908384124,momentum_v1,
2026-08-06 00:00:00,RTX,Industrials,94.54545454545455,100.0,223.25,0.14540041970867779,0.26841653312133684,0.14325775487549897,0.4508286511575512,0.0,0.48806282874806994,0.29248511936719085,0.856894726591501,87.47479781531716,0.21839133335775762,0.22123746806985833,momentum_v1,
2026-08-06 00:00:00,SBUX,Consumer Discretionary,45.45454545454545,60.0,105.16000366210938,0.012419378852570606,-0.006234819314104301,0.09784999995619281,0.1966200066830337,-0.029620734549385297,0.36665328125914054,0.22279329315726396,0.06961250192945678,48.62157736700977,-0.05626001907768352,0.006567952051722559,momentum_v1,
2026-08-06 00:00:00,SCHW,Financials,77.27272727272727,70.0,107.66000366210938,0.05860380425478673,0.1725047569193443,0.043619473257791475,0.1305026355032579,-0.0033326512881366455,0.26139432439184973,0.18938140178924992,0.7933561102643131,69.98692103323837,0.12247955715576508,0.05343628404433298,momentum_v1,
2026-08-06 00:00:00,SHW,Materials,70.0,80.0,363.4200134277344,0.0993738251374292,0.1258606770755779,-0.010143485197179669,0.041819047283272015,-0.02454130850773384,0.24034134275677266,0.424873277288429,0.5799179790158765,63.62017300037111,0.07583547731199869,0.12671801069714872,momentum_v1,
2026-08-06 00:00:00,SLB,Energy,30.0,10.0,51.540000915527344,0.08665402875620609,-0.06072830755722591,0.014912508889281417,0.580531907650691,-0.11153245290828095,0.655973562572103,0.46284632507749884,-0.49074238960714534,64.19214181635331,-0.11075350732080513,-0.0884377045193202,momentum_v1,
2026-08-06 00:00:00,SO,Utilities,38.18181818181819,70.0,92.9000015258789,-0.036107032856505406,0.001702383905092919,0.04557475622396434,0.016381853954094305,-0.054896626557082606,0.12279900177522007,0.16479772061807582,0.31804019137726436,38.90941962305713,-0.0483228158584863,0.046615895122804396,momentum_v1,
2026-08-06 00:00:00,SPG,Real Estate,78.18181818181819,90.0,221.8300018310547,0.012506301241332451,0.09125427821399379,0.15983334225542434,0.37250688903935614,-0.06282211790834558,0.40895619969857067,0.19137020710391983,0.8550569988460811,38.50017368560861,0.04122907845041457,0.08091310935081109,momentum_v1,
2026-08-06 00:00:00,SPGI,Financials,11.818181818181818,10.0,405.239990234375,-0.05930968175619278,0.01361222590518163,-0.07556494918494372,-0.23283098102671407,-0.23436782160589387,0.10127370992096463,0.2858601957647461,0.3981002639663388,25.718845011968156,-0.03641297385839759,-0.10545624696982969,momentum_v1,
2026-08-06 00:00:00,SRE,Utilities,10.909090909090908,10.0,84.3499984741211,-0.11517888540894528,-0.09306270166493391,-0.01252369120071739,0.05367489309499818,-0.1483426961596659,0.09295036175564486,0.17675584182777865,-0.0012364929163789506,23.87568743941779,-0.14308790142851313,-0.048149190447222434,momentum_v1,
2026-08-06 00:00:00,T,Communication Services,13.636363636363635,50.0,23.709999084472656,0.1376643377750395,-0.06032567608928652,-0.10804751170166405,-0.10594007037766973,-0.1656719526349535,0.17321647919007477,0.32103149979088513,-0.19774787014101036,65.7807115290235,-0.11035087585286574,-0.01021267457990549,momentum_v1,
2026-08-06 00:00:00,TJX,Consumer Discretionary,63.63636363636363,90.0,162.05999755859375,0.06067154054454882,0.0459363470415326,0.05918197342123177,0.2739080008321788,-0.037705634852048364,0.24869543052673748,0.1856020933465295,0.021107084385669328,67.8069042050311,-0.004088852722046621,0.05873911840735946,momentum_v1,
2026-08-06 00:00:00,TMO,Health Care,88.18181818181819,80.0,580.02001953125,0.13700432042708943,0.227616966322282,0.028228812052776053,0.24809093484467626,-0.09113238326877182,0.32454590835785924,0.3642068399672108,0.8669142768321851,70.63370625547039,0.1775917665587028,0.09161092105636115,momentum_v1,
2026-08-06 00:00:00,TMUS,Communication Services,8.181818181818182,20.0,179.97000122070312,-0.0009437002860069876,-0.06323001275791129,-0.09898130654851012,-0.2325730624452954,-0.2920686695876614,0.07297445778897393,0.5428525996637338,-0.22924102691435544,41.217933192546894,-0.11325521252149051,-0.013117011248530264,momentum_v1,
2026-08-06 00:00:00,TSLA,Consumer Discretionary,1.8181818181818181,10.0,319.5299987792969,-0.1891336325459293,-0.19863067746296859,-0.21299970174688532,0.03501554002283669,-0.347738230598463,0.07109811924892706,0.5988096384819555,-0.6558215873800646,27.800705071369023,-0.2486558772265478,-0.18582790609714173,momentum_v1,
2026-08-06 00:00:00,UNH,Health Care,90.9090909090909,100.0,403.9700012207031,-0.05082237916498433,0.10617853701158975,0.48389304410475065,0.6525460725953371,-0.0742064957714953,0.6953001177283833,0.256255905240796,0.645026295852115,37.45178611246145,0.056153337248010526,-0.029827508254331114,momentum_v1,
2026-08-06 00:00:00,UNP,Industrials,81.81818181818183,80.0,295.3800048828125,0.05139888344814092,0.10694032079157068,0.19501226525041604,0.3548328622778898,-0.03885201795146942,0.39692048618372455,0.26049936548968705,0.6836470674095654,43.81193783833461,0.056915121027991455,0.05976125574009217,momentum_v1,
2026-08-06 00:00:00,UPS,Industrials,36.36363636363637,20.0,103.19999694824219,-0.061306215603881054,0.05055182079660203,-0.08854667294937779,0.2709972334593653,-0.12334356202765095,0.3108834405996175,0.3898052537147782,0.4665669045545152,28.315403038541206,0.0005266210330228116,0.0033727557451235235,momentum_v1,
2026-08-06 00:00:00,VLO,Energy,99.0909090909091,100.0,302.989990234375,0.07522953624251616,0.2911658624929221,0.5575456250791744,1.2613018961714997,-0.03379619438334536,1.3481366214673005,0.33196102290598095,0.7693558824300926,44.9826972178336,0.24114066272934287,0.2634564655308278,momentum_v1,
2026-08-06 00:00:00,VMC,Materials,17.272727272727273,20.0,281.6300048828125,-0.017306924590732353,-0.045753111361506504,-0.09234789777395158,0.001792891309709388,-0.14421854185802496,0.09792975187979147,0.33530178234896807,0.1024547125799744,45.36269004321214,-0.09577831112508572,-0.044895777739935694,momentum_v1,
2026-08-06 00:00:00,VZ,Communication Services,47.27272727272727,80.0,46.9900016784668,0.12581967797444804,0.007399777471823077,0.031905158341686723,0.17646676234537573,-0.05586111405985994,0.2851951521239531,0.2866105928968101,-0.09516725821407657,66.25239877375341,-0.04262542229175614,0.057512778981204105,momentum_v1,
2026-08-06 00:00:00,WBD,Communication Services,65.45454545454545,90.0,26.399999618530273,0.009560229584969049,-0.02941180595477033,-0.02330747510585507,1.0754716245534244,-0.11941294123979185,1.4489796171130225,0.24656683337057606,-0.48107869780349355,44.54754655526446,-0.07943700571834955,0.020701195554610696,momentum_v1,
2026-08-06 00:00:00,WEC,Utilities,21.818181818181817,30.0,107.97000122070312,-0.07114587745225742,-0.044278319864366034,-0.031036081157785,0.014580671451613458,-0.09154394104419805,0.06119715186302077,0.16149566560574177,0.027107408008283818,29.743972745578475,-0.09430351962794525,0.0006351913533454434,momentum_v1,
2026-08-06 00:00:00,WELL,Real Estate,82.72727272727273,100.0,236.0,0.008978222139009562,0.0939422679271944,0.2812481438610126,0.41215845323116995,-0.06375215954807789,0.47376976902120194,0.23016884156291598,0.6109012951758481,40.6836297640084,0.04391706816361518,0.0836010990640117,momentum_v1,
2026-08-06 00:00:00,WFC,Financials,58.18181818181818,40.0,87.58999633789062,0.023726026615494833,0.09538379807285424,-0.04956288785424301,0.14817751783108135,-0.08160889289219786,0.1929991626578227,0.2501605367460237,0.838447117303178,50.258046192852674,0.04535859830927502,-0.02368467480215708,momentum_v1,
2026-08-06 00:00:00,WMB,Energy,33.63636363636363,20.0,71.76000213623047,-0.04663205345259258,-0.019930703359236523,0.09554383985633352,0.2548527729869292,-0.08954770231895237,0.3099133908480829,0.2435872135551066,-0.06085844458772205,43.54069372686543,-0.06995590312281574,-0.047640100321330814,momentum_v1,
2026-08-06 00:00:00,WMT,Consumer Staples,6.363636363636363,10.0,112.06999969482422,-0.009106974298788817,-0.13680909564756483,-0.120981896734497,0.13792161831527427,-0.16490311294085191,0.17380183104992142,0.20813349942735193,-0.7075286679634484,43.71743037234296,-0.18683429541114405,-0.1541470544307214,momentum_v1,
2026-08-06 00:00:00,XEL,Utilities,28.18181818181818,50.0,76.97000122070312,-0.03328311271620332,-0.037237688712821515,0.025245754934178688,0.07613284698378942,-0.06895816296876534,0.10582975222826851,0.1541752414700416,0.014362627971973185,38.63637896172679,-0.08726288847640074,0.007675822504889962,momentum_v1,
2026-08-06 00:00:00,XOM,Energy,67.27272727272727,70.0,154.83999633789062,0.09714441281612829,0.04842939550791825,0.06328373554023492,0.4898891457864498,-0.09085571030500916,0.5097392716704345,0.25308116153858057,-0.0007096633682359688,64.40676770615671,-0.0015958042556609708,0.02071999854582396,momentum_v1,
